Time, IndividualID, AgeYears, Gender, From_NodeID, To_NodeID, MigrationType, Event,IsInfected, Rel_ID, NumCoitalActs, IsDiscordant, HasMigrated, RelationshipType, RelationshipState, PartnerID, Male_NodeID, Female_NodeID
7,55,24.3743,M,2,4,local,STIPreEmigrating,0,1,5,0,0,INFORMAL,PAUSED,23,2,2
7,10,25.0758,M,1,4,local,STIPreEmigrating,0,2,2,0,0,INFORMAL,PAUSED,46,1,1
7,10,25.0758,M,4,0,N/A,STIPostImmigrating,0,2,2,0,1,INFORMAL,PAUSED,46,4,1
7,55,24.3743,M,4,0,N/A,STIPostImmigrating,0,1,5,0,1,INFORMAL,PAUSED,23,4,2
10,21,26.4976,F,4,3,local,STIPreEmigrating,0,4,3,0,0,INFORMAL,PAUSED,29,4,4
10,21,26.4976,F,3,0,N/A,STIPostImmigrating,0,4,3,0,1,INFORMAL,PAUSED,29,4,3
16,55,24.3989,M,4,2,local,STIPreEmigrating,0,1,5,0,1,INFORMAL,PAUSED,23,4,0
16,55,24.3989,M,2,0,N/A,STIPostImmigrating,0,1,5,0,0,INFORMAL,NORMAL,23,2,2
27,68,33.1858,M,3,1,local,STIPreEmigrating,0,6,8,0,0,INFORMAL,PAUSED,30,3,3
27,68,33.1858,M,1,0,N/A,STIPostImmigrating,0,6,8,0,1,INFORMAL,PAUSED,30,1,3
29,21,26.5497,F,3,4,local,STIPreEmigrating,0,4,3,0,1,INFORMAL,PAUSED,29,0,3
29,55,24.4345,M,2,4,local,STIPreEmigrating,0,1,17,0,0,INFORMAL,PAUSED,23,2,2
29,55,24.4345,M,4,0,N/A,STIPostImmigrating,0,1,17,0,1,INFORMAL,PAUSED,23,4,2
29,21,26.5497,F,4,0,N/A,STIPostImmigrating,0,4,3,0,0,INFORMAL,NORMAL,29,4,4
33,53,23.0125,F,4,1,local,STIPreEmigrating,0,3,12,0,0,INFORMAL,PAUSED,49,4,4
33,68,33.2022,M,1,3,local,STIPreEmigrating,0,6,8,0,1,INFORMAL,PAUSED,30,1,0
33,68,33.2022,M,3,0,N/A,STIPostImmigrating,0,6,8,0,0,INFORMAL,NORMAL,30,3,3
33,53,23.0125,F,1,0,N/A,STIPostImmigrating,0,3,12,0,1,INFORMAL,PAUSED,49,4,1
47,40,45.5137,M,3,4,local,STIPreEmigrating,0,10,3,0,0,INFORMAL,PAUSED,28,3,3
47,40,45.5137,M,4,0,N/A,STIPostImmigrating,0,10,3,0,1,INFORMAL,PAUSED,28,4,3
49,41,17.2441,M,4,3,local,STIPreEmigrating,0,8,9,0,0,INFORMAL,PAUSED,20,4,4
49,41,17.2441,M,3,0,N/A,STIPostImmigrating,0,8,9,0,1,INFORMAL,PAUSED,20,3,4
58,30,30.4403,F,3,1,local,STIPreEmigrating,0,6,15,0,0,INFORMAL,PAUSED,68,3,3
58,30,30.4403,F,1,0,N/A,STIPostImmigrating,0,6,15,0,1,INFORMAL,PAUSED,68,3,1
61,30,30.4486,F,1,4,local,STIPreEmigrating,0,6,15,0,1,INFORMAL,PAUSED,68,0,1
61,30,30.4486,F,4,0,N/A,STIPostImmigrating,0,6,15,0,1,INFORMAL,PAUSED,68,0,4
62,49,29.5614,M,4,3,local,STIPreEmigrating,0,3,12,0,0,INFORMAL,PAUSED,53,4,0
62,49,29.5614,M,3,0,N/A,STIPostImmigrating,0,3,12,0,1,INFORMAL,PAUSED,53,3,0
68,41,17.2962,M,3,4,local,STIPreEmigrating,0,8,9,0,1,INFORMAL,PAUSED,20,3,0
68,41,17.2962,M,4,0,N/A,STIPostImmigrating,0,8,9,0,0,INFORMAL,NORMAL,20,4,4
73,50,28.4813,M,2,1,local,STIPreEmigrating,0,11,4,0,0,INFORMAL,PAUSED,16,2,2
73,50,28.4813,M,1,0,N/A,STIPostImmigrating,0,11,4,0,1,INFORMAL,PAUSED,16,1,2
80,55,24.5743,M,4,2,local,STIPreEmigrating,0,1,17,0,1,INFORMAL,PAUSED,23,4,0
80,55,24.5743,M,2,0,N/A,STIPostImmigrating,0,1,17,0,0,INFORMAL,NORMAL,23,2,2
82,46,21.5522,F,1,2,local,STIPreEmigrating,0,2,2,0,0,INFORMAL,PAUSED,10,0,1
82,46,21.5522,F,2,0,N/A,STIPostImmigrating,0,2,2,0,1,INFORMAL,PAUSED,10,0,2
85,28,41.5918,F,3,1,local,STIPreEmigrating,0,10,3,0,0,INFORMAL,PAUSED,40,0,3
85,28,41.5918,F,1,0,N/A,STIPostImmigrating,0,10,3,0,1,INFORMAL,PAUSED,40,0,1
90,29,30.7298,M,4,1,local,STIPreEmigrating,0,4,18,0,0,INFORMAL,PAUSED,21,4,4
90,29,30.7298,M,1,0,N/A,STIPostImmigrating,0,4,18,0,1,INFORMAL,PAUSED,21,1,4
92,53,23.1742,F,1,4,local,STIPreEmigrating,0,3,12,0,1,INFORMAL,PAUSED,49,0,1
92,53,23.1742,F,4,0,N/A,STIPostImmigrating,0,3,12,0,1,INFORMAL,PAUSED,49,0,4
93,46,21.5823,F,2,1,local,STIPreEmigrating,0,2,2,0,1,INFORMAL,PAUSED,10,0,2
93,46,21.5823,F,1,0,N/A,STIPostImmigrating,0,2,2,0,1,INFORMAL,PAUSED,10,0,1
96,55,24.6181,M,2,1,local,STIPreEmigrating,0,1,19,0,0,INFORMAL,PAUSED,23,2,2
96,55,24.6181,M,1,0,N/A,STIPostImmigrating,0,1,19,0,1,INFORMAL,PAUSED,23,1,2
102,4,37.2383,F,3,1,local,STIPreEmigrating,0,5,34,0,0,INFORMAL,PAUSED,56,3,3
102,4,37.2383,F,1,0,N/A,STIPostImmigrating,0,5,34,0,1,INFORMAL,PAUSED,56,3,1
104,56,39.5938,M,3,4,local,STIPreEmigrating,0,5,34,0,0,INFORMAL,PAUSED,4,3,0
104,56,39.5938,M,4,0,N/A,STIPostImmigrating,0,5,34,0,1,INFORMAL,PAUSED,4,4,0
113,28,41.6686,F,1,3,local,STIPreEmigrating,0,10,3,0,1,INFORMAL,PAUSED,40,0,1
113,28,41.6686,F,3,0,N/A,STIPostImmigrating,0,10,3,0,1,INFORMAL,PAUSED,40,0,3
116,21,26.788,F,4,1,local,STIPreEmigrating,0,4,18,0,0,INFORMAL,PAUSED,29,0,4
116,21,26.788,F,1,0,N/A,STIPostImmigrating,0,4,18,0,1,INFORMAL,NORMAL,29,1,1
119,53,23.2481,F,4,1,local,STIPreEmigrating,0,3,12,0,1,INFORMAL,PAUSED,49,0,4
119,53,23.2481,F,1,0,N/A,STIPostImmigrating,0,3,12,0,1,INFORMAL,PAUSED,49,0,1
128,68,33.4625,M,3,2,local,STIPreEmigrating,0,6,15,0,0,INFORMAL,PAUSED,30,3,0
128,68,33.4625,M,2,0,N/A,STIPostImmigrating,0,6,15,0,1,INFORMAL,PAUSED,30,2,0
129,23,24.7681,F,2,3,local,STIPreEmigrating,0,1,19,0,0,INFORMAL,PAUSED,55,0,2
129,23,24.7681,F,3,0,N/A,STIPostImmigrating,0,1,19,0,1,INFORMAL,PAUSED,55,0,3
130,48,36.4812,M,1,3,local,STIPreEmigrating,0,12,10,0,0,INFORMAL,PAUSED,58,1,1
130,48,36.4812,M,3,0,N/A,STIPostImmigrating,0,12,10,0,1,INFORMAL,PAUSED,58,3,1
131,56,39.6677,M,4,3,local,STIPreEmigrating,0,5,34,0,1,INFORMAL,PAUSED,4,4,0
131,50,28.6402,M,1,2,local,STIPreEmigrating,0,11,4,0,1,INFORMAL,PAUSED,16,1,0
131,50,28.6402,M,2,0,N/A,STIPostImmigrating,0,11,4,0,0,INFORMAL,NORMAL,16,2,2
131,56,39.6677,M,3,0,N/A,STIPostImmigrating,0,5,34,0,1,INFORMAL,PAUSED,4,3,0
135,5,47.7892,M,4,2,local,STIPreEmigrating,0,9,31,0,0,INFORMAL,PAUSED,26,4,4
135,5,47.7892,M,2,0,N/A,STIPostImmigrating,0,9,31,0,1,INFORMAL,PAUSED,26,2,4
142,30,30.6705,F,4,1,local,STIPreEmigrating,0,6,15,0,1,INFORMAL,PAUSED,68,0,4
142,30,30.6705,F,1,0,N/A,STIPostImmigrating,0,6,15,0,1,INFORMAL,PAUSED,68,0,1
144,56,39.7034,M,3,4,local,STIPreEmigrating,0,5,34,0,1,INFORMAL,PAUSED,4,3,0
144,56,39.7034,M,4,0,N/A,STIPostImmigrating,0,5,34,0,1,INFORMAL,PAUSED,4,4,0
148,20,17.0764,F,4,3,local,STIPreEmigrating,0,8,24,0,0,INFORMAL,PAUSED,41,4,4
148,20,17.0764,F,3,0,N/A,STIPostImmigrating,0,8,24,0,1,INFORMAL,PAUSED,41,4,3
152,16,22.965,F,2,3,local,STIPreEmigrating,0,11,15,0,0,INFORMAL,PAUSED,50,2,2
152,16,22.965,F,3,0,N/A,STIPostImmigrating,0,11,15,0,1,INFORMAL,PAUSED,50,2,3
165,49,29.8436,M,3,4,local,STIPreEmigrating,0,3,12,0,1,INFORMAL,PAUSED,53,3,0
165,49,29.8436,M,4,0,N/A,STIPostImmigrating,0,3,12,0,1,INFORMAL,PAUSED,53,4,0
171,56,39.7773,M,4,3,local,STIPreEmigrating,0,5,34,0,1,INFORMAL,PAUSED,4,4,0
171,56,39.7773,M,3,0,N/A,STIPostImmigrating,0,5,34,0,1,INFORMAL,PAUSED,4,3,0
177,28,41.8439,F,3,2,local,STIPreEmigrating,0,10,3,0,1,INFORMAL,PAUSED,40,0,3
177,28,41.8439,F,2,0,N/A,STIPostImmigrating,0,10,3,0,1,INFORMAL,PAUSED,40,0,2
181,5,47.9153,M,2,4,local,STIPreEmigrating,0,9,31,0,1,INFORMAL,PAUSED,26,2,0
181,50,28.7772,M,2,1,local,STIPreEmigrating,0,11,15,0,0,INFORMAL,PAUSED,16,2,0
181,50,28.7772,M,1,0,N/A,STIPostImmigrating,0,11,15,0,1,INFORMAL,PAUSED,16,1,0
181,5,47.9153,M,4,0,N/A,STIPostImmigrating,0,9,31,0,0,INFORMAL,NORMAL,26,4,4
187,58,28.2463,F,1,3,local,STIPreEmigrating,0,12,10,0,0,INFORMAL,PAUSED,48,0,1
187,58,28.2463,F,3,0,N/A,STIPostImmigrating,0,12,10,0,1,INFORMAL,NORMAL,48,3,3
192,20,17.1969,F,3,2,local,STIPreEmigrating,0,8,24,0,1,INFORMAL,PAUSED,41,0,3
192,16,23.0746,F,3,1,local,STIPreEmigrating,0,11,15,0,1,INFORMAL,PAUSED,50,0,3
192,50,28.8073,M,1,3,local,STIPreEmigrating,0,11,15,0,1,INFORMAL,PAUSED,16,1,0
192,50,28.8073,M,3,0,N/A,STIPostImmigrating,0,11,15,0,1,INFORMAL,PAUSED,16,3,0
192,16,23.0746,F,1,0,N/A,STIPostImmigrating,0,11,15,0,1,INFORMAL,PAUSED,50,0,1
192,20,17.1969,F,2,0,N/A,STIPostImmigrating,0,8,24,0,1,INFORMAL,PAUSED,41,0,2
193,23,24.9434,F,3,2,local,STIPreEmigrating,0,1,19,0,1,INFORMAL,PAUSED,55,0,3
193,23,24.9434,F,2,0,N/A,STIPostImmigrating,0,1,19,0,1,INFORMAL,PAUSED,55,0,2
197,21,27.0099,F,1,4,local,STIPreEmigrating,0,4,43,0,1,INFORMAL,PAUSED,29,1,1
197,21,27.0099,F,4,0,N/A,STIPostImmigrating,0,4,43,0,1,INFORMAL,PAUSED,29,1,4
205,49,29.9532,M,4,2,local,STIPreEmigrating,0,3,12,0,1,INFORMAL,PAUSED,53,4,0
205,4,37.5205,F,1,3,local,STIPreEmigrating,0,5,34,0,1,INFORMAL,PAUSED,56,0,1
205,4,37.5205,F,3,0,N/A,STIPostImmigrating,0,5,34,0,1,INFORMAL,NORMAL,56,3,3
205,49,29.9532,M,2,0,N/A,STIPostImmigrating,0,3,12,0,1,INFORMAL,PAUSED,53,2,0
212,50,28.8621,M,3,1,local,STIPreEmigrating,0,11,15,0,1,INFORMAL,PAUSED,16,3,0
212,50,28.8621,M,1,0,N/A,STIPostImmigrating,0,11,15,0,1,INFORMAL,NORMAL,16,1,1
214,5,48.0057,M,4,1,local,STIPreEmigrating,0,9,41,0,0,INFORMAL,PAUSED,26,4,4
214,46,21.9138,F,1,3,local,STIPreEmigrating,0,2,2,0,1,INFORMAL,PAUSED,10,0,1
214,46,21.9138,F,3,0,N/A,STIPostImmigrating,0,2,2,0,1,INFORMAL,PAUSED,10,0,3
214,5,48.0057,M,1,0,N/A,STIPostImmigrating,0,9,41,0,1,INFORMAL,PAUSED,26,1,4
216,5,48.0112,M,1,4,local,STIPreEmigrating,0,9,41,0,1,INFORMAL,PAUSED,26,1,0
216,5,48.0112,M,4,0,N/A,STIPostImmigrating,0,9,41,0,0,INFORMAL,NORMAL,26,4,4
219,40,45.9849,M,4,3,local,STIPreEmigrating,0,10,3,0,1,INFORMAL,PAUSED,28,4,0
219,40,45.9849,M,3,0,N/A,STIPostImmigrating,0,10,3,0,1,INFORMAL,PAUSED,28,3,0
221,30,30.8869,F,1,4,local,STIPreEmigrating,0,6,15,0,1,INFORMAL,PAUSED,68,0,1
221,30,30.8869,F,4,0,N/A,STIPostImmigrating,0,6,15,0,1,INFORMAL,PAUSED,68,0,4
224,10,25.6703,M,4,1,local,STIPreEmigrating,0,2,2,0,1,INFORMAL,PAUSED,46,4,0
224,10,25.6703,M,1,0,N/A,STIPostImmigrating,0,2,2,0,1,INFORMAL,PAUSED,46,1,0
227,55,24.977,M,1,2,local,STIPreEmigrating,0,1,19,0,1,INFORMAL,PAUSED,23,1,0
227,55,24.977,M,2,0,N/A,STIPostImmigrating,0,1,19,0,1,INFORMAL,NORMAL,23,2,2
233,46,21.9659,F,3,1,local,STIPreEmigrating,0,2,2,0,1,INFORMAL,PAUSED,10,0,3
233,46,21.9659,F,1,0,N/A,STIPostImmigrating,0,2,2,0,1,INFORMAL,NORMAL,10,1,1
238,52,37.8039,M,4,3,local,STIPreEmigrating,0,13,2,0,0,INFORMAL,PAUSED,30,4,4
238,52,37.8039,M,3,0,N/A,STIPostImmigrating,0,13,2,0,1,INFORMAL,PAUSED,30,3,4
240,23,25.0722,F,2,3,local,STIPreEmigrating,0,1,28,0,1,INFORMAL,PAUSED,55,2,2
240,23,25.0722,F,3,0,N/A,STIPostImmigrating,0,1,28,0,1,INFORMAL,PAUSED,55,2,3
243,26,36.5778,F,4,1,local,STIPreEmigrating,0,9,43,0,0,INFORMAL,PAUSED,5,4,4
243,26,36.5778,F,1,0,N/A,STIPostImmigrating,0,9,43,0,1,INFORMAL,PAUSED,5,4,1
246,40,46.0589,M,3,4,local,STIPreEmigrating,0,10,3,0,1,INFORMAL,PAUSED,28,3,0
246,40,46.0589,M,4,0,N/A,STIPostImmigrating,0,10,3,0,1,INFORMAL,PAUSED,28,4,0
248,55,25.0345,M,2,4,local,STIPreEmigrating,0,1,28,0,1,INFORMAL,PAUSED,23,2,0
248,55,25.0345,M,4,0,N/A,STIPostImmigrating,0,1,28,0,1,INFORMAL,PAUSED,23,4,0
249,28,42.0412,F,2,3,local,STIPreEmigrating,0,10,3,0,1,INFORMAL,PAUSED,40,0,2
249,28,42.0412,F,3,0,N/A,STIPostImmigrating,0,10,3,0,1,INFORMAL,PAUSED,40,0,3
251,40,46.0726,M,4,3,local,STIPreEmigrating,0,10,3,0,1,INFORMAL,PAUSED,28,4,0
251,40,46.0726,M,3,0,N/A,STIPostImmigrating,0,10,3,0,1,INFORMAL,NORMAL,28,3,3
253,10,25.7498,M,1,2,local,STIPreEmigrating,0,2,9,0,1,INFORMAL,PAUSED,46,1,1
253,10,25.7498,M,2,0,N/A,STIPostImmigrating,0,2,9,0,1,INFORMAL,PAUSED,46,2,1
257,56,40.013,M,3,1,local,STIPreEmigrating,0,5,57,0,1,INFORMAL,PAUSED,4,3,3
257,56,40.013,M,1,0,N/A,STIPostImmigrating,0,5,57,0,1,INFORMAL,PAUSED,4,1,3
259,30,30.991,F,4,1,local,STIPreEmigrating,0,13,2,0,0,INFORMAL,PAUSED,52,0,4
259,4,37.6684,F,3,2,local,STIPreEmigrating,0,5,57,0,1,INFORMAL,PAUSED,56,0,3
259,4,37.6684,F,2,0,N/A,STIPostImmigrating,0,5,57,0,1,INFORMAL,PAUSED,56,0,2
259,30,30.991,F,1,0,N/A,STIPostImmigrating,0,13,2,0,1,INFORMAL,PAUSED,52,0,1
269,28,42.096,F,3,4,local,STIPreEmigrating,0,10,8,0,1,INFORMAL,PAUSED,40,3,3
269,28,42.096,F,4,0,N/A,STIPostImmigrating,0,10,8,0,1,INFORMAL,PAUSED,40,3,4
276,4,37.715,F,2,3,local,STIPreEmigrating,0,5,57,0,1,INFORMAL,PAUSED,56,0,2
276,4,37.715,F,3,0,N/A,STIPostImmigrating,0,5,57,0,1,INFORMAL,PAUSED,56,0,3
281,30,31.0513,F,1,4,local,STIPreEmigrating,0,13,2,0,1,INFORMAL,PAUSED,52,0,1
281,30,31.0513,F,4,0,N/A,STIPostImmigrating,0,13,2,0,1,INFORMAL,PAUSED,52,0,4
283,49,30.1669,M,2,4,local,STIPreEmigrating,0,3,12,0,1,INFORMAL,PAUSED,53,2,0
283,49,30.1669,M,4,0,N/A,STIPostImmigrating,0,3,12,0,1,INFORMAL,PAUSED,53,4,0
284,46,22.1056,F,1,4,local,STIPreEmigrating,0,2,9,0,1,INFORMAL,PAUSED,10,0,1
284,46,22.1056,F,4,0,N/A,STIPostImmigrating,0,2,9,0,1,INFORMAL,PAUSED,10,0,4
291,16,23.3459,F,1,3,local,STIPreEmigrating,0,11,35,0,1,INFORMAL,PAUSED,50,1,1
291,16,23.3459,F,3,0,N/A,STIPostImmigrating,0,11,35,0,1,INFORMAL,PAUSED,50,1,3
296,49,30.2025,M,4,1,local,STIPreEmigrating,0,3,12,0,1,INFORMAL,PAUSED,53,4,0
296,48,36.936,M,3,4,local,STIPreEmigrating,0,12,38,0,1,INFORMAL,PAUSED,58,3,3
296,48,36.936,M,4,0,N/A,STIPostImmigrating,0,12,38,0,1,INFORMAL,PAUSED,58,4,3
296,49,30.2025,M,1,0,N/A,STIPostImmigrating,0,3,12,0,1,INFORMAL,NORMAL,53,1,1
299,5,48.2385,M,4,2,local,STIPreEmigrating,0,9,43,0,0,INFORMAL,PAUSED,26,4,0
299,5,48.2385,M,2,0,N/A,STIPostImmigrating,0,9,43,0,1,INFORMAL,PAUSED,26,2,0
306,16,23.3869,F,3,2,local,STIPreEmigrating,0,11,35,0,1,INFORMAL,PAUSED,50,0,3
306,16,23.3869,F,2,0,N/A,STIPostImmigrating,0,11,35,0,1,INFORMAL,PAUSED,50,0,2
312,53,23.7769,F,1,4,local,STIPreEmigrating,0,3,16,0,1,INFORMAL,PAUSED,49,1,1
312,53,23.7769,F,4,0,N/A,STIPostImmigrating,0,3,16,0,1,INFORMAL,PAUSED,49,1,4
316,46,22.1933,F,4,1,local,STIPreEmigrating,0,2,9,0,1,INFORMAL,PAUSED,10,0,4
316,46,22.1933,F,1,0,N/A,STIPostImmigrating,0,2,9,0,1,INFORMAL,PAUSED,10,0,1
317,40,46.2534,M,3,1,local,STIPreEmigrating,0,10,8,0,1,INFORMAL,PAUSED,28,3,0
317,40,46.2534,M,1,0,N/A,STIPostImmigrating,0,10,8,0,1,INFORMAL,PAUSED,28,1,0
322,33,44.134,F,2,4,local,STIPreEmigrating,0,14,17,0,0,INFORMAL,PAUSED,36,2,2
322,49,30.2738,M,1,4,local,STIPreEmigrating,0,3,16,0,1,INFORMAL,PAUSED,53,1,0
322,49,30.2738,M,4,0,N/A,STIPostImmigrating,0,3,16,0,1,INFORMAL,NORMAL,53,4,4
322,33,44.134,F,4,0,N/A,STIPostImmigrating,0,14,17,0,1,INFORMAL,PAUSED,36,2,4
325,20,17.5613,F,2,3,local,STIPreEmigrating,0,8,24,0,1,INFORMAL,PAUSED,41,0,2
325,20,17.5613,F,3,0,N/A,STIPostImmigrating,0,8,24,0,1,INFORMAL,PAUSED,41,0,3
337,29,31.4066,M,1,4,local,STIPreEmigrating,0,4,43,0,1,INFORMAL,PAUSED,21,1,0
337,50,29.2046,M,1,3,local,STIPreEmigrating,0,11,35,0,1,INFORMAL,PAUSED,16,1,0
337,50,29.2046,M,3,0,N/A,STIPostImmigrating,0,11,35,0,1,INFORMAL,PAUSED,16,3,0
337,29,31.4066,M,4,0,N/A,STIPostImmigrating,0,4,43,0,1,INFORMAL,NORMAL,21,4,4
341,56,40.2431,M,1,3,local,STIPreEmigrating,0,5,57,0,1,INFORMAL,PAUSED,4,1,0
341,56,40.2431,M,3,0,N/A,STIPostImmigrating,0,5,57,0,1,INFORMAL,NORMAL,4,3,3
357,46,22.3056,F,1,4,local,STIPreEmigrating,0,2,9,0,1,INFORMAL,PAUSED,10,0,1
357,46,22.3056,F,4,0,N/A,STIPostImmigrating,0,2,9,0,1,INFORMAL,PAUSED,10,0,4
359,33,44.2353,F,4,3,local,STIPreEmigrating,0,14,17,0,1,INFORMAL,PAUSED,36,0,4
359,33,44.2353,F,3,0,N/A,STIPostImmigrating,0,14,17,0,1,INFORMAL,PAUSED,36,0,3
362,41,18.1017,M,4,2,local,STIPreEmigrating,0,8,24,0,0,INFORMAL,PAUSED,20,4,0
362,52,38.1436,M,3,1,local,STIPreEmigrating,0,13,2,0,1,INFORMAL,PAUSED,30,3,0
362,33,44.2436,F,3,4,local,STIPreEmigrating,0,14,17,0,1,INFORMAL,PAUSED,36,0,3
362,33,44.2436,F,4,0,N/A,STIPostImmigrating,0,14,17,0,1,INFORMAL,PAUSED,36,0,4
362,52,38.1436,M,1,0,N/A,STIPostImmigrating,0,13,2,0,1,INFORMAL,PAUSED,30,1,0
362,41,18.1017,M,2,0,N/A,STIPostImmigrating,0,8,24,0,1,INFORMAL,PAUSED,20,2,0
364,33,44.249,F,4,3,local,STIPreEmigrating,0,14,17,0,1,INFORMAL,PAUSED,36,0,4
364,33,44.249,F,3,0,N/A,STIPostImmigrating,0,14,17,0,1,INFORMAL,PAUSED,36,0,3
377,21,27.5031,F,4,2,local,STIPreEmigrating,0,4,56,0,1,INFORMAL,PAUSED,29,4,4
377,26,36.945,F,1,4,local,STIPreEmigrating,0,9,43,0,1,INFORMAL,PAUSED,5,0,1
377,26,36.945,F,4,0,N/A,STIPostImmigrating,0,9,43,0,1,INFORMAL,PAUSED,5,0,4
377,21,27.5031,F,2,0,N/A,STIPostImmigrating,0,4,56,0,1,INFORMAL,PAUSED,29,4,2
381,41,18.1537,M,2,4,local,STIPreEmigrating,0,8,24,0,1,INFORMAL,PAUSED,20,2,0
381,52,38.1956,M,1,3,local,STIPreEmigrating,0,13,2,0,1,INFORMAL,PAUSED,30,1,0
381,52,38.1956,M,3,0,N/A,STIPostImmigrating,0,13,2,0,1,INFORMAL,PAUSED,30,3,0
381,41,18.1537,M,4,0,N/A,STIPostImmigrating,0,8,24,0,1,INFORMAL,PAUSED,20,4,0
383,8,66.8921,F,2,3,local,STIPreEmigrating,0,15,25,0,0,INFORMAL,PAUSED,15,2,2
383,8,66.8921,F,3,0,N/A,STIPostImmigrating,0,15,25,0,1,INFORMAL,PAUSED,15,2,3
385,20,17.7257,F,3,2,local,STIPreEmigrating,0,8,24,0,1,INFORMAL,PAUSED,41,0,3
385,20,17.7257,F,2,0,N/A,STIPostImmigrating,0,8,24,0,1,INFORMAL,PAUSED,41,0,2
393,28,42.4357,F,4,3,local,STIPreEmigrating,0,10,8,0,1,INFORMAL,PAUSED,40,0,4
393,28,42.4357,F,3,0,N/A,STIPostImmigrating,0,10,8,0,1,INFORMAL,PAUSED,40,0,3
397,5,48.507,M,2,4,local,STIPreEmigrating,0,9,43,0,1,INFORMAL,PAUSED,26,2,0
397,5,48.507,M,4,0,N/A,STIPostImmigrating,0,9,43,0,1,INFORMAL,NORMAL,26,4,4
398,15,84.2546,M,2,3,local,STIPreEmigrating,0,15,25,0,0,INFORMAL,PAUSED,8,2,0
398,15,84.2546,M,3,0,N/A,STIPostImmigrating,0,15,25,0,1,INFORMAL,NORMAL,8,3,3
402,5,48.5207,M,4,2,local,STIPreEmigrating,0,9,45,0,1,INFORMAL,PAUSED,26,4,4
402,5,48.5207,M,2,0,N/A,STIPostImmigrating,0,9,45,0,1,INFORMAL,PAUSED,26,2,4
409,40,46.5055,M,1,3,local,STIPreEmigrating,0,10,8,0,1,INFORMAL,PAUSED,28,1,0
409,40,46.5055,M,3,0,N/A,STIPostImmigrating,0,10,8,0,1,INFORMAL,NORMAL,28,3,3
414,23,25.5489,F,3,2,local,STIPreEmigrating,0,1,28,0,1,INFORMAL,PAUSED,55,0,3
414,23,25.5489,F,2,0,N/A,STIPostImmigrating,0,1,28,0,1,INFORMAL,PAUSED,55,0,2
419,26,37.06,F,4,1,local,STIPreEmigrating,0,9,45,0,1,INFORMAL,PAUSED,5,0,4
419,26,37.06,F,1,0,N/A,STIPostImmigrating,0,9,45,0,1,INFORMAL,PAUSED,5,0,1
422,16,23.7048,F,2,3,local,STIPreEmigrating,0,11,35,0,1,INFORMAL,PAUSED,50,0,2
422,16,23.7048,F,3,0,N/A,STIPostImmigrating,0,11,35,0,1,INFORMAL,NORMAL,50,3,3
428,55,25.5277,M,4,2,local,STIPreEmigrating,0,1,28,0,1,INFORMAL,PAUSED,23,4,0
428,55,25.5277,M,2,0,N/A,STIPostImmigrating,0,1,28,0,1,INFORMAL,NORMAL,23,2,2
434,29,31.6723,M,4,3,local,STIPreEmigrating,0,4,56,0,1,INFORMAL,PAUSED,21,4,0
434,29,31.6723,M,3,0,N/A,STIPostImmigrating,0,4,56,0,1,INFORMAL,PAUSED,21,3,0
435,26,37.1039,F,1,2,local,STIPreEmigrating,0,9,45,0,1,INFORMAL,PAUSED,5,0,1
435,26,37.1039,F,2,0,N/A,STIPostImmigrating,0,9,45,0,1,INFORMAL,NORMAL,5,2,2
439,28,42.5617,F,3,2,local,STIPreEmigrating,0,10,19,0,1,INFORMAL,PAUSED,40,3,3
439,28,42.5617,F,2,0,N/A,STIPostImmigrating,0,10,19,0,1,INFORMAL,PAUSED,40,3,2
440,21,27.6757,F,2,4,local,STIPreEmigrating,0,4,56,0,1,INFORMAL,PAUSED,29,0,2
440,21,27.6757,F,4,0,N/A,STIPostImmigrating,0,4,56,0,1,INFORMAL,PAUSED,29,0,4
442,46,22.5385,F,4,1,local,STIPreEmigrating,0,2,9,0,1,INFORMAL,PAUSED,10,0,4
442,46,22.5385,F,1,0,N/A,STIPostImmigrating,0,2,9,0,1,INFORMAL,PAUSED,10,0,1
445,30,31.5006,F,4,1,local,STIPreEmigrating,0,13,2,0,1,INFORMAL,PAUSED,52,0,4
445,30,31.5006,F,1,0,N/A,STIPostImmigrating,0,13,2,0,1,INFORMAL,PAUSED,52,0,1
451,36,44.1773,M,2,3,local,STIPreEmigrating,0,14,17,0,0,INFORMAL,PAUSED,33,2,0
451,36,44.1773,M,3,0,N/A,STIPostImmigrating,0,14,17,0,1,INFORMAL,NORMAL,33,3,3
456,40,46.6342,M,3,1,local,STIPreEmigrating,0,10,19,0,1,INFORMAL,PAUSED,28,3,0
456,39,31.4153,M,1,2,local,STIPreEmigrating,0,17,14,0,0,INFORMAL,PAUSED,31,1,1
456,39,31.4153,M,2,0,N/A,STIPostImmigrating,0,17,14,0,1,INFORMAL,PAUSED,31,2,1
456,40,46.6342,M,1,0,N/A,STIPostImmigrating,0,10,19,0,1,INFORMAL,PAUSED,28,1,0
458,6,45.7881,M,3,1,local,STIPreEmigrating,0,16,33,0,0,INFORMAL,PAUSED,4,3,3
458,5,48.6742,M,2,4,local,STIPreEmigrating,0,9,55,0,1,INFORMAL,PAUSED,26,2,2
458,5,48.6742,M,4,0,N/A,STIPostImmigrating,0,9,55,0,1,INFORMAL,PAUSED,26,4,2
458,6,45.7881,M,1,0,N/A,STIPostImmigrating,0,16,33,0,1,INFORMAL,PAUSED,4,1,3
464,6,45.8045,M,1,2,local,STIPreEmigrating,0,16,33,0,1,INFORMAL,PAUSED,4,1,0
464,6,45.8045,M,2,0,N/A,STIPostImmigrating,0,16,33,0,1,INFORMAL,PAUSED,4,2,0
472,4,38.252,F,3,2,local,STIPreEmigrating,0,16,33,0,0,INFORMAL,PAUSED,6,0,3
472,27,30.46,F,2,3,local,STIPreEmigrating,0,18,7,0,0,INFORMAL,PAUSED,56,2,2
472,40,46.6781,M,1,3,local,STIPreEmigrating,0,10,19,0,1,INFORMAL,PAUSED,28,1,0
472,40,46.6781,M,3,0,N/A,STIPostImmigrating,0,10,19,0,1,INFORMAL,PAUSED,28,3,0
472,27,30.46,F,3,0,N/A,STIPostImmigrating,0,18,7,0,1,INFORMAL,PAUSED,56,2,3
472,4,38.252,F,2,0,N/A,STIPostImmigrating,0,16,33,0,1,INFORMAL,NORMAL,6,2,2
476,8,67.1469,F,3,4,local,STIPreEmigrating,0,15,47,0,1,INFORMAL,PAUSED,15,3,3
476,8,67.1469,F,4,0,N/A,STIPostImmigrating,0,15,47,0,1,INFORMAL,PAUSED,15,3,4
481,40,46.7027,M,3,4,local,STIPreEmigrating,0,10,19,0,1,INFORMAL,PAUSED,28,3,0
481,40,46.7027,M,4,0,N/A,STIPostImmigrating,0,10,19,0,1,INFORMAL,PAUSED,28,4,0
491,59,20.2408,M,3,2,local,STIPreEmigrating,0,20,3,0,0,INFORMAL,PAUSED,64,3,3
491,28,42.7042,F,2,3,local,STIPreEmigrating,0,10,19,0,1,INFORMAL,PAUSED,40,0,2
491,28,42.7042,F,3,0,N/A,STIPostImmigrating,0,10,19,0,1,INFORMAL,PAUSED,40,0,3
491,59,20.2408,M,2,0,N/A,STIPostImmigrating,0,20,3,0,1,INFORMAL,PAUSED,64,2,3
496,8,67.2017,F,4,3,local,STIPreEmigrating,0,15,47,0,1,INFORMAL,PAUSED,15,0,4
496,8,67.2017,F,3,0,N/A,STIPostImmigrating,0,15,47,0,1,INFORMAL,NORMAL,15,3,3
499,33,44.6189,F,3,4,local,STIPreEmigrating,0,14,33,0,1,INFORMAL,PAUSED,36,3,3
499,33,44.6189,F,4,0,N/A,STIPostImmigrating,0,14,33,0,1,INFORMAL,PAUSED,36,3,4
501,36,44.3143,M,3,2,local,STIPreEmigrating,0,14,33,0,1,INFORMAL,PAUSED,33,3,0
501,36,44.3143,M,2,0,N/A,STIPostImmigrating,0,14,33,0,1,INFORMAL,PAUSED,33,2,0
503,20,18.049,F,2,3,local,STIPreEmigrating,0,8,24,0,1,INFORMAL,PAUSED,41,0,2
503,20,18.049,F,3,0,N/A,STIPostImmigrating,0,8,24,0,1,INFORMAL,PAUSED,41,0,3
505,20,18.0545,F,3,4,local,STIPreEmigrating,0,8,24,0,1,INFORMAL,PAUSED,41,0,3
505,20,18.0545,F,4,0,N/A,STIPostImmigrating,0,8,24,0,1,INFORMAL,NORMAL,41,4,4
508,5,48.8112,M,4,1,local,STIPreEmigrating,0,9,55,0,1,INFORMAL,PAUSED,26,4,0
508,41,18.5017,M,4,2,local,STIPreEmigrating,0,8,25,0,1,INFORMAL,PAUSED,20,4,4
508,41,18.5017,M,2,0,N/A,STIPostImmigrating,0,8,25,0,1,INFORMAL,PAUSED,20,2,4
508,5,48.8112,M,1,0,N/A,STIPostImmigrating,0,9,55,0,1,INFORMAL,PAUSED,26,1,0
509,50,29.6758,M,3,1,local,STIPreEmigrating,0,11,64,0,1,INFORMAL,PAUSED,16,3,3
509,50,29.6758,M,1,0,N/A,STIPostImmigrating,0,11,64,0,1,INFORMAL,PAUSED,16,1,3
516,23,25.8283,F,2,4,local,STIPreEmigrating,0,1,52,0,1,INFORMAL,PAUSED,55,2,2
516,23,25.8283,F,4,0,N/A,STIPostImmigrating,0,1,52,0,1,INFORMAL,PAUSED,55,2,4
517,20,18.0873,F,4,3,local,STIPreEmigrating,0,8,25,0,1,INFORMAL,PAUSED,41,0,4
517,20,18.0873,F,3,0,N/A,STIPostImmigrating,0,8,25,0,1,INFORMAL,PAUSED,41,0,3
523,55,25.788,M,2,1,local,STIPreEmigrating,0,1,52,0,1,INFORMAL,PAUSED,23,2,0
523,55,25.788,M,1,0,N/A,STIPostImmigrating,0,1,52,0,1,INFORMAL,PAUSED,23,1,0
528,53,24.3687,F,3,4,local,STIPreEmigrating,0,19,17,0,0,INFORMAL,PAUSED,29,3,3
528,53,24.3687,F,4,0,N/A,STIPostImmigrating,0,19,17,0,1,INFORMAL,PAUSED,29,3,4
529,30,31.7308,F,1,2,local,STIPreEmigrating,0,13,2,0,1,INFORMAL,PAUSED,52,0,1
529,30,31.7308,F,2,0,N/A,STIPostImmigrating,0,13,2,0,1,INFORMAL,PAUSED,52,0,2
531,36,44.3965,M,2,3,local,STIPreEmigrating,0,14,33,0,1,INFORMAL,PAUSED,33,2,0
531,36,44.3965,M,3,0,N/A,STIPostImmigrating,0,14,33,0,1,INFORMAL,PAUSED,33,3,0
532,10,26.5142,M,2,1,local,STIPreEmigrating,0,2,9,0,1,INFORMAL,PAUSED,46,2,0
532,30,31.739,F,2,1,local,STIPreEmigrating,0,13,2,0,1,INFORMAL,PAUSED,52,0,2
532,30,31.739,F,1,0,N/A,STIPostImmigrating,0,13,2,0,1,INFORMAL,PAUSED,52,0,1
532,10,26.5142,M,1,0,N/A,STIPostImmigrating,0,2,9,0,1,INFORMAL,NORMAL,46,1,1
535,46,22.7933,F,1,2,local,STIPreEmigrating,0,2,10,0,1,INFORMAL,PAUSED,10,1,1
535,46,22.7933,F,2,0,N/A,STIPostImmigrating,0,2,10,0,1,INFORMAL,PAUSED,10,1,2
537,36,44.4129,M,3,1,local,STIPreEmigrating,0,14,33,0,1,INFORMAL,PAUSED,33,3,0
537,36,44.4129,M,1,0,N/A,STIPostImmigrating,0,14,33,0,1,INFORMAL,PAUSED,33,1,0
545,26,37.4052,F,2,1,local,STIPreEmigrating,0,9,55,0,1,INFORMAL,PAUSED,5,0,2
545,26,37.4052,F,1,0,N/A,STIPostImmigrating,0,9,55,0,1,INFORMAL,NORMAL,5,1,1
555,52,38.6723,M,3,2,local,STIPreEmigrating,0,13,2,0,1,INFORMAL,PAUSED,30,3,0
555,52,38.6723,M,2,0,N/A,STIPostImmigrating,0,13,2,0,1,INFORMAL,PAUSED,30,2,0
565,56,40.8568,M,2,3,local,STIPreEmigrating,0,18,7,0,0,INFORMAL,PAUSED,27,2,0
565,56,40.8568,M,3,0,N/A,STIPostImmigrating,0,18,7,0,1,INFORMAL,NORMAL,27,3,3
573,8,67.4127,F,3,2,local,STIPreEmigrating,0,15,79,0,1,INFORMAL,PAUSED,15,3,3
573,8,67.4127,F,2,0,N/A,STIPostImmigrating,0,15,79,0,1,INFORMAL,PAUSED,15,3,2
580,55,25.9441,M,1,2,local,STIPreEmigrating,0,1,52,0,1,INFORMAL,PAUSED,23,1,0
580,55,25.9441,M,2,0,N/A,STIPostImmigrating,0,1,52,0,1,INFORMAL,PAUSED,23,2,0
582,56,40.9034,M,3,1,local,STIPreEmigrating,0,18,14,0,1,INFORMAL,PAUSED,27,3,3
582,56,40.9034,M,1,0,N/A,STIPostImmigrating,0,18,14,0,1,INFORMAL,PAUSED,27,1,3
583,36,44.539,M,1,3,local,STIPreEmigrating,0,14,33,0,1,INFORMAL,PAUSED,33,1,0
583,36,44.539,M,3,0,N/A,STIPostImmigrating,0,14,33,0,1,INFORMAL,PAUSED,33,3,0
590,5,49.0358,M,1,4,local,STIPreEmigrating,0,9,69,0,1,INFORMAL,PAUSED,26,1,1
590,5,49.0358,M,4,0,N/A,STIPostImmigrating,0,9,69,0,1,INFORMAL,PAUSED,26,4,1
595,50,29.9114,M,1,2,local,STIPreEmigrating,0,11,64,0,1,INFORMAL,PAUSED,16,1,0
595,50,29.9114,M,2,0,N/A,STIPostImmigrating,0,11,64,0,1,INFORMAL,PAUSED,16,2,0
597,59,20.5312,M,2,1,local,STIPreEmigrating,0,20,3,0,1,INFORMAL,PAUSED,64,2,0
597,50,29.9169,M,2,1,local,STIPreEmigrating,0,11,64,0,1,INFORMAL,PAUSED,16,2,0
597,50,29.9169,M,1,0,N/A,STIPostImmigrating,0,11,64,0,1,INFORMAL,PAUSED,16,1,0
597,59,20.5312,M,1,0,N/A,STIPostImmigrating,0,20,3,0,1,INFORMAL,PAUSED,64,1,0
599,53,24.5632,F,4,1,local,STIPreEmigrating,0,19,17,0,1,INFORMAL,PAUSED,29,0,4
599,53,24.5632,F,1,0,N/A,STIPostImmigrating,0,19,17,0,1,INFORMAL,PAUSED,29,0,1
605,53,24.5797,F,1,4,local,STIPreEmigrating,0,19,17,0,1,INFORMAL,PAUSED,29,0,1
605,53,24.5797,F,4,0,N/A,STIPostImmigrating,0,19,17,0,1,INFORMAL,PAUSED,29,0,4
608,39,31.8317,M,2,4,local,STIPreEmigrating,0,21,19,0,0,INFORMAL,PAUSED,46,2,2
608,41,18.7756,M,2,4,local,STIPreEmigrating,0,8,25,0,1,INFORMAL,PAUSED,20,2,0
608,41,18.7756,M,4,0,N/A,STIPostImmigrating,0,8,25,0,1,INFORMAL,PAUSED,20,4,0
608,39,31.8317,M,4,0,N/A,STIPostImmigrating,0,21,19,0,1,INFORMAL,PAUSED,46,4,2
612,27,30.8435,F,3,2,local,STIPreEmigrating,0,18,14,0,1,INFORMAL,PAUSED,56,0,3
612,27,30.8435,F,2,0,N/A,STIPostImmigrating,0,18,14,0,1,INFORMAL,PAUSED,56,0,2
613,64,16.5455,F,3,4,local,STIPreEmigrating,0,20,3,0,0,INFORMAL,PAUSED,59,0,3
613,64,16.5455,F,4,0,N/A,STIPostImmigrating,0,20,3,0,1,INFORMAL,PAUSED,59,0,4
614,30,31.9636,F,1,3,local,STIPreEmigrating,0,13,2,0,1,INFORMAL,PAUSED,52,0,1
614,30,31.9636,F,3,0,N/A,STIPostImmigrating,0,13,2,0,1,INFORMAL,PAUSED,52,0,3
617,53,24.6125,F,4,3,local,STIPreEmigrating,0,19,17,0,1,INFORMAL,PAUSED,29,0,4
617,53,24.6125,F,3,0,N/A,STIPostImmigrating,0,19,17,0,0,INFORMAL,NORMAL,29,3,3
622,56,41.013,M,1,3,local,STIPreEmigrating,0,18,14,0,1,INFORMAL,PAUSED,27,1,0
622,56,41.013,M,3,0,N/A,STIPostImmigrating,0,18,14,0,1,INFORMAL,PAUSED,27,3,0
624,53,24.6317,F,3,4,local,STIPreEmigrating,0,19,20,0,0,INFORMAL,PAUSED,29,3,3
624,15,84.8738,M,3,2,local,STIPreEmigrating,0,15,79,0,1,INFORMAL,PAUSED,8,3,0
624,15,84.8738,M,2,0,N/A,STIPostImmigrating,0,15,79,0,1,INFORMAL,NORMAL,8,2,2
624,53,24.6317,F,4,0,N/A,STIPostImmigrating,0,19,20,0,1,INFORMAL,PAUSED,29,3,4
626,52,38.8669,M,2,3,local,STIPreEmigrating,0,13,2,0,1,INFORMAL,PAUSED,30,2,0
626,52,38.8669,M,3,0,N/A,STIPostImmigrating,0,13,2,0,1,INFORMAL,NORMAL,30,3,3
629,39,31.8893,M,4,2,local,STIPreEmigrating,0,21,19,0,1,INFORMAL,PAUSED,46,4,0
629,39,31.8893,M,2,0,N/A,STIPostImmigrating,0,21,19,0,0,INFORMAL,NORMAL,46,2,2
631,53,24.6509,F,4,2,local,STIPreEmigrating,0,19,20,0,1,INFORMAL,PAUSED,29,0,4
631,53,24.6509,F,2,0,N/A,STIPostImmigrating,0,19,20,0,1,INFORMAL,PAUSED,29,0,2
637,26,37.6573,F,1,4,local,STIPreEmigrating,0,9,69,0,1,INFORMAL,PAUSED,5,0,1
637,26,37.6573,F,4,0,N/A,STIPostImmigrating,0,9,69,0,1,INFORMAL,NORMAL,5,4,4
639,55,26.1058,M,2,3,local,STIPreEmigrating,0,1,52,0,1,INFORMAL,PAUSED,23,2,0
639,55,26.1058,M,3,0,N/A,STIPostImmigrating,0,1,52,0,1,INFORMAL,PAUSED,23,3,0
643,33,45.0134,F,4,2,local,STIPreEmigrating,0,14,33,0,1,INFORMAL,PAUSED,36,0,4
643,26,37.6737,F,4,1,local,STIPreEmigrating,0,9,74,0,1,INFORMAL,PAUSED,5,4,4
643,6,46.2949,M,2,1,local,STIPreEmigrating,0,16,91,0,1,INFORMAL,PAUSED,4,2,2
643,6,46.2949,M,1,0,N/A,STIPostImmigrating,0,16,91,0,1,INFORMAL,PAUSED,4,1,2
643,26,37.6737,F,1,0,N/A,STIPostImmigrating,0,9,74,0,1,INFORMAL,PAUSED,5,4,1
643,33,45.0134,F,2,0,N/A,STIPostImmigrating,0,14,33,0,1,INFORMAL,PAUSED,36,0,2
648,26,37.6874,F,1,4,local,STIPreEmigrating,0,9,74,0,1,INFORMAL,PAUSED,5,0,1
648,26,37.6874,F,4,0,N/A,STIPostImmigrating,0,9,74,0,1,INFORMAL,NORMAL,5,4,4
650,59,20.6765,M,1,2,local,STIPreEmigrating,0,20,3,0,1,INFORMAL,PAUSED,64,1,0
650,59,20.6765,M,2,0,N/A,STIPostImmigrating,0,20,3,0,1,INFORMAL,PAUSED,64,2,0
651,52,38.9354,M,3,4,local,STIPreEmigrating,0,13,10,0,1,INFORMAL,PAUSED,30,3,3
651,52,38.9354,M,4,0,N/A,STIPostImmigrating,0,13,10,0,1,INFORMAL,PAUSED,30,4,3
654,20,18.4627,F,3,4,local,STIPreEmigrating,0,8,25,0,1,INFORMAL,PAUSED,41,0,3
654,20,18.4627,F,4,0,N/A,STIPostImmigrating,0,8,25,0,1,INFORMAL,NORMAL,41,4,4
655,36,44.7362,M,3,2,local,STIPreEmigrating,0,14,33,0,1,INFORMAL,PAUSED,33,3,0
655,36,44.7362,M,2,0,N/A,STIPostImmigrating,0,14,33,0,1,INFORMAL,NORMAL,33,2,2
657,16,24.3486,F,3,4,local,STIPreEmigrating,0,11,64,0,1,INFORMAL,PAUSED,50,0,3
657,16,24.3486,F,4,0,N/A,STIPostImmigrating,0,11,64,0,1,INFORMAL,PAUSED,50,0,4
659,59,20.7011,M,2,3,local,STIPreEmigrating,0,20,3,0,1,INFORMAL,PAUSED,64,2,0
659,59,20.7011,M,3,0,N/A,STIPostImmigrating,0,20,3,0,1,INFORMAL,PAUSED,64,3,0
663,50,30.0977,M,1,3,local,STIPreEmigrating,0,11,64,0,1,INFORMAL,PAUSED,16,1,0
663,50,30.0977,M,3,0,N/A,STIPostImmigrating,0,11,64,0,1,INFORMAL,PAUSED,16,3,0
666,41,18.9345,M,4,1,local,STIPreEmigrating,0,8,28,0,1,INFORMAL,PAUSED,20,4,4
666,39,31.9906,M,2,4,local,STIPreEmigrating,0,21,34,0,0,INFORMAL,PAUSED,46,2,2
666,39,31.9906,M,4,0,N/A,STIPostImmigrating,0,21,34,0,1,INFORMAL,PAUSED,46,4,2
666,41,18.9345,M,1,0,N/A,STIPostImmigrating,0,8,28,0,1,INFORMAL,PAUSED,20,1,4
673,64,16.7099,F,4,3,local,STIPreEmigrating,0,20,3,0,1,INFORMAL,PAUSED,59,0,4
673,64,16.7099,F,3,0,N/A,STIPostImmigrating,0,20,3,0,1,INFORMAL,NORMAL,59,3,3
674,68,34.9584,M,1,3,local,STIPreEmigrating,0,22,31,0,0,INFORMAL,PAUSED,21,1,1
674,6,46.3798,M,1,2,local,STIPreEmigrating,0,16,91,0,1,INFORMAL,PAUSED,4,1,0
674,6,46.3798,M,2,0,N/A,STIPostImmigrating,0,16,91,0,1,INFORMAL,NORMAL,4,2,2
674,68,34.9584,M,3,0,N/A,STIPostImmigrating,0,22,31,0,1,INFORMAL,PAUSED,21,3,1
680,4,38.8218,F,2,3,local,STIPreEmigrating,0,16,95,0,1,INFORMAL,PAUSED,6,2,2
680,4,38.8218,F,3,0,N/A,STIPostImmigrating,0,16,95,0,1,INFORMAL,PAUSED,6,2,3
686,56,41.1883,M,3,4,local,STIPreEmigrating,0,18,14,0,1,INFORMAL,PAUSED,27,3,0
686,64,16.7455,F,3,2,local,STIPreEmigrating,0,20,7,0,1,INFORMAL,PAUSED,59,3,3
686,64,16.7455,F,2,0,N/A,STIPostImmigrating,0,20,7,0,1,INFORMAL,PAUSED,59,3,2
686,56,41.1883,M,4,0,N/A,STIPostImmigrating,0,18,14,0,1,INFORMAL,PAUSED,27,4,0
689,56,41.1965,M,4,3,local,STIPreEmigrating,0,18,14,0,1,INFORMAL,PAUSED,27,4,0
689,56,41.1965,M,3,0,N/A,STIPostImmigrating,0,18,14,0,1,INFORMAL,PAUSED,27,3,0
690,21,28.3606,F,1,4,local,STIPreEmigrating,0,22,31,0,0,INFORMAL,PAUSED,68,0,1
690,21,28.3606,F,4,0,N/A,STIPostImmigrating,0,22,31,0,1,INFORMAL,PAUSED,68,0,4
692,6,46.4292,M,2,1,local,STIPreEmigrating,0,16,95,0,1,INFORMAL,PAUSED,4,2,0
692,6,46.4292,M,1,0,N/A,STIPostImmigrating,0,16,95,0,1,INFORMAL,PAUSED,4,1,0
693,68,35.0104,M,3,4,local,STIPreEmigrating,0,22,31,0,1,INFORMAL,PAUSED,21,3,0
693,68,35.0104,M,4,0,N/A,STIPostImmigrating,0,22,31,0,1,INFORMAL,NORMAL,21,4,4
701,41,19.0304,M,1,4,local,STIPreEmigrating,0,8,28,0,1,INFORMAL,PAUSED,20,1,0
701,41,19.0304,M,4,0,N/A,STIPostImmigrating,0,8,28,0,1,INFORMAL,NORMAL,20,4,4
703,48,38.0511,M,3,4,local,STIPreEmigrating,0,23,45,0,0,INFORMAL,PAUSED,37,3,3
703,27,31.0928,F,2,4,local,STIPreEmigrating,0,18,14,0,1,INFORMAL,PAUSED,56,0,2
703,27,31.0928,F,4,0,N/A,STIPostImmigrating,0,18,14,0,1,INFORMAL,PAUSED,56,0,4
703,48,38.0511,M,4,0,N/A,STIPostImmigrating,0,23,45,0,1,INFORMAL,PAUSED,37,4,3
704,46,23.2563,F,2,1,local,STIPreEmigrating,0,21,34,0,0,INFORMAL,PAUSED,39,0,2
704,46,23.2563,F,1,0,N/A,STIPostImmigrating,0,21,34,0,1,INFORMAL,PAUSED,39,0,1
711,37,39.6956,F,3,4,local,STIPreEmigrating,0,23,45,0,0,INFORMAL,PAUSED,48,0,3
711,37,39.6956,F,4,0,N/A,STIPostImmigrating,0,23,45,0,1,INFORMAL,NORMAL,48,4,4
714,16,24.5048,F,4,3,local,STIPreEmigrating,0,11,64,0,1,INFORMAL,PAUSED,50,0,4
714,16,24.5048,F,3,0,N/A,STIPostImmigrating,0,11,64,0,1,INFORMAL,NORMAL,50,3,3
715,21,28.4291,F,4,2,local,STIPreEmigrating,0,22,41,0,1,INFORMAL,PAUSED,68,4,4
715,21,28.4291,F,2,0,N/A,STIPostImmigrating,0,22,41,0,1,INFORMAL,PAUSED,68,4,2
716,36,44.9034,M,2,3,local,STIPreEmigrating,0,14,52,0,1,INFORMAL,PAUSED,33,2,2
716,36,44.9034,M,3,0,N/A,STIPostImmigrating,0,14,52,0,1,INFORMAL,PAUSED,33,3,2
729,4,38.9561,F,3,2,local,STIPreEmigrating,0,16,95,0,1,INFORMAL,PAUSED,6,0,3
729,4,38.9561,F,2,0,N/A,STIPostImmigrating,0,16,95,0,1,INFORMAL,PAUSED,6,0,2
739,50,30.3059,M,3,1,local,STIPreEmigrating,0,27,3,0,0,INFORMAL,PAUSED,16,3,3
739,50,30.3059,M,1,0,N/A,STIPostImmigrating,0,27,3,0,1,INFORMAL,PAUSED,16,1,3
747,58,29.7805,F,3,1,local,STIPreEmigrating,0,26,4,0,0,INFORMAL,PAUSED,55,3,3
747,58,29.7805,F,1,0,N/A,STIPostImmigrating,0,26,4,0,1,INFORMAL,PAUSED,55,3,1
751,50,30.3388,M,1,4,local,STIPreEmigrating,0,27,3,0,1,INFORMAL,PAUSED,16,1,0
751,50,30.3388,M,4,0,N/A,STIPostImmigrating,0,27,3,0,1,INFORMAL,PAUSED,16,4,0
759,41,19.1893,M,4,2,local,STIPreEmigrating,0,8,51,0,1,INFORMAL,PAUSED,20,4,4
759,41,19.1893,M,2,0,N/A,STIPostImmigrating,0,8,51,0,1,INFORMAL,PAUSED,20,2,4
760,27,31.249,F,4,2,local,STIPreEmigrating,0,18,14,0,1,INFORMAL,PAUSED,56,0,4
760,27,31.249,F,2,0,N/A,STIPostImmigrating,0,18,14,0,1,INFORMAL,PAUSED,56,0,2
761,56,41.3938,M,3,4,local,STIPreEmigrating,0,18,14,0,1,INFORMAL,PAUSED,27,3,0
761,56,41.3938,M,4,0,N/A,STIPostImmigrating,0,18,14,0,1,INFORMAL,PAUSED,27,4,0
763,41,19.2003,M,2,4,local,STIPreEmigrating,0,8,51,0,1,INFORMAL,PAUSED,20,2,0
763,41,19.2003,M,4,0,N/A,STIPostImmigrating,0,8,51,0,1,INFORMAL,NORMAL,20,4,4
771,30,32.3938,F,3,1,local,STIPreEmigrating,0,13,10,0,1,INFORMAL,PAUSED,52,0,3
771,30,32.3938,F,1,0,N/A,STIPostImmigrating,0,13,10,0,1,INFORMAL,PAUSED,52,0,1
776,41,19.2359,M,4,1,local,STIPreEmigrating,0,8,52,0,1,INFORMAL,PAUSED,20,4,4
776,41,19.2359,M,1,0,N/A,STIPostImmigrating,0,8,52,0,1,INFORMAL,PAUSED,20,1,4
779,44,47.4633,F,3,2,local,STIPreEmigrating,0,25,34,0,0,INFORMAL,PAUSED,54,3,3
779,44,47.4633,F,2,0,N/A,STIPostImmigrating,0,25,34,0,1,INFORMAL,PAUSED,54,3,2
780,33,45.3888,F,2,4,local,STIPreEmigrating,0,14,52,0,1,INFORMAL,PAUSED,36,0,2
780,33,45.3888,F,4,0,N/A,STIPostImmigrating,0,14,52,0,1,INFORMAL,PAUSED,36,0,4
782,30,32.4239,F,1,3,local,STIPreEmigrating,0,13,10,0,1,INFORMAL,PAUSED,52,0,1
782,30,32.4239,F,3,0,N/A,STIPostImmigrating,0,13,10,0,1,INFORMAL,PAUSED,52,0,3
784,6,46.6812,M,1,2,local,STIPreEmigrating,0,16,95,0,1,INFORMAL,PAUSED,4,1,0
784,6,46.6812,M,2,0,N/A,STIPostImmigrating,0,16,95,0,1,INFORMAL,NORMAL,4,2,2
793,41,19.2825,M,1,4,local,STIPreEmigrating,0,8,52,0,1,INFORMAL,PAUSED,20,1,0
793,41,19.2825,M,4,0,N/A,STIPostImmigrating,0,8,52,0,1,INFORMAL,NORMAL,20,4,4
797,59,21.0792,M,3,2,local,STIPreEmigrating,0,20,7,0,1,INFORMAL,PAUSED,64,3,0
797,59,21.0792,M,2,0,N/A,STIPostImmigrating,0,20,7,0,1,INFORMAL,NORMAL,64,2,2
798,55,26.5414,M,3,2,local,STIPreEmigrating,0,26,4,0,0,INFORMAL,PAUSED,58,3,0
798,55,26.5414,M,2,0,N/A,STIPostImmigrating,0,26,4,0,1,INFORMAL,PAUSED,58,2,0
800,37,39.9394,F,4,1,local,STIPreEmigrating,0,23,82,0,1,INFORMAL,PAUSED,48,4,4
800,37,39.9394,F,1,0,N/A,STIPostImmigrating,0,23,82,0,1,INFORMAL,PAUSED,48,4,1
804,58,29.9367,F,1,3,local,STIPreEmigrating,0,26,4,0,1,INFORMAL,PAUSED,55,0,1
804,58,29.9367,F,3,0,N/A,STIPostImmigrating,0,26,4,0,1,INFORMAL,PAUSED,55,0,3
812,33,45.4764,F,4,2,local,STIPreEmigrating,0,14,52,0,1,INFORMAL,PAUSED,36,0,4
812,33,45.4764,F,2,0,N/A,STIPostImmigrating,0,14,52,0,1,INFORMAL,PAUSED,36,0,2
813,53,25.1495,F,2,4,local,STIPreEmigrating,0,19,20,0,1,INFORMAL,PAUSED,29,0,2
813,53,25.1495,F,4,0,N/A,STIPostImmigrating,0,19,20,0,1,INFORMAL,PAUSED,29,0,4
815,64,17.0989,F,2,3,local,STIPreEmigrating,0,20,14,0,1,INFORMAL,PAUSED,59,2,2
815,64,17.0989,F,3,0,N/A,STIPostImmigrating,0,20,14,0,1,INFORMAL,PAUSED,59,2,3
817,39,32.4043,M,4,2,local,STIPreEmigrating,0,21,34,0,1,INFORMAL,PAUSED,46,4,0
817,59,21.134,M,2,1,local,STIPreEmigrating,0,20,14,0,1,INFORMAL,PAUSED,64,2,0
817,59,21.134,M,1,0,N/A,STIPostImmigrating,0,20,14,0,1,INFORMAL,PAUSED,64,1,0
817,39,32.4043,M,2,0,N/A,STIPostImmigrating,0,21,34,0,1,INFORMAL,PAUSED,46,2,0
819,4,39.2027,F,2,3,local,STIPreEmigrating,0,16,103,0,1,INFORMAL,PAUSED,6,2,2
819,4,39.2027,F,3,0,N/A,STIPostImmigrating,0,16,103,0,1,INFORMAL,PAUSED,6,2,3
820,41,19.3565,M,4,3,local,STIPreEmigrating,0,29,1,0,0,INFORMAL,PAUSED,20,4,4
820,55,26.6017,M,2,3,local,STIPreEmigrating,0,26,4,0,1,INFORMAL,PAUSED,58,2,0
820,55,26.6017,M,3,0,N/A,STIPostImmigrating,0,26,4,0,1,INFORMAL,NORMAL,58,3,3
820,41,19.3565,M,3,0,N/A,STIPostImmigrating,0,29,1,0,1,INFORMAL,PAUSED,20,3,4
829,46,23.5987,F,1,2,local,STIPreEmigrating,0,21,34,0,1,INFORMAL,PAUSED,39,0,1
829,46,23.5987,F,2,0,N/A,STIPostImmigrating,0,21,34,0,1,INFORMAL,NORMAL,39,2,2
834,52,39.4367,M,4,3,local,STIPreEmigrating,0,13,10,0,1,INFORMAL,PAUSED,30,4,0
834,52,39.4367,M,3,0,N/A,STIPostImmigrating,0,13,10,0,1,INFORMAL,NORMAL,30,3,3
837,48,38.4182,M,4,3,local,STIPreEmigrating,0,23,82,0,1,INFORMAL,PAUSED,37,4,0
837,48,38.4182,M,3,0,N/A,STIPostImmigrating,0,23,82,0,1,INFORMAL,PAUSED,37,3,0
841,33,45.5559,F,2,4,local,STIPreEmigrating,0,14,52,0,1,INFORMAL,PAUSED,36,0,2
841,33,45.5559,F,4,0,N/A,STIPostImmigrating,0,14,52,0,1,INFORMAL,PAUSED,36,0,4
842,42,18.9399,M,2,1,local,STIPreEmigrating,0,24,61,0,0,INFORMAL,PAUSED,51,2,2
842,42,18.9399,M,1,0,N/A,STIPostImmigrating,0,24,61,0,1,INFORMAL,PAUSED,51,1,2
843,58,30.0435,F,3,1,local,STIPreEmigrating,0,26,19,0,1,INFORMAL,PAUSED,55,3,3
843,58,30.0435,F,1,0,N/A,STIPostImmigrating,0,26,19,0,1,INFORMAL,PAUSED,55,3,1
845,21,28.7853,F,2,4,local,STIPreEmigrating,0,22,41,0,1,INFORMAL,PAUSED,68,0,2
845,21,28.7853,F,4,0,N/A,STIPostImmigrating,0,22,41,0,1,INFORMAL,NORMAL,68,4,4
848,21,28.7935,F,4,2,local,STIPreEmigrating,0,22,41,0,1,INFORMAL,PAUSED,68,4,4
848,21,28.7935,F,2,0,N/A,STIPostImmigrating,0,22,41,0,1,INFORMAL,PAUSED,68,4,2
850,64,17.1948,F,3,4,local,STIPreEmigrating,0,20,14,0,1,INFORMAL,PAUSED,59,0,3
850,58,30.0627,F,1,4,local,STIPreEmigrating,0,26,19,0,1,INFORMAL,PAUSED,55,0,1
850,58,30.0627,F,4,0,N/A,STIPostImmigrating,0,26,19,0,1,INFORMAL,PAUSED,55,0,4
850,64,17.1948,F,4,0,N/A,STIPostImmigrating,0,20,14,0,1,INFORMAL,PAUSED,59,0,4
854,54,57.4229,M,3,1,local,STIPreEmigrating,0,25,34,0,0,INFORMAL,PAUSED,44,3,0
854,54,57.4229,M,1,0,N/A,STIPostImmigrating,0,25,34,0,1,INFORMAL,PAUSED,44,1,0
855,31,32.0998,F,4,2,local,STIPreEmigrating,0,28,16,0,0,INFORMAL,PAUSED,56,4,4
855,46,23.67,F,2,1,local,STIPreEmigrating,0,21,42,0,1,INFORMAL,PAUSED,39,2,2
855,46,23.67,F,1,0,N/A,STIPostImmigrating,0,21,42,0,1,INFORMAL,PAUSED,39,2,1
855,31,32.0998,F,2,0,N/A,STIPostImmigrating,0,28,16,0,1,INFORMAL,PAUSED,56,4,2
859,46,23.6809,F,1,2,local,STIPreEmigrating,0,21,42,0,1,INFORMAL,PAUSED,39,0,1
859,46,23.6809,F,2,0,N/A,STIPostImmigrating,0,21,42,0,1,INFORMAL,NORMAL,39,2,2
860,46,23.6837,F,2,1,local,STIPreEmigrating,0,21,42,0,1,INFORMAL,PAUSED,39,2,2
860,46,23.6837,F,1,0,N/A,STIPostImmigrating,0,21,42,0,1,INFORMAL,PAUSED,39,2,1
862,46,23.6891,F,1,4,local,STIPreEmigrating,0,21,42,0,1,INFORMAL,PAUSED,39,0,1
862,46,23.6891,F,4,0,N/A,STIPostImmigrating,0,21,42,0,1,INFORMAL,PAUSED,39,0,4
864,4,39.326,F,3,1,local,STIPreEmigrating,0,16,103,0,1,INFORMAL,PAUSED,6,0,3
864,4,39.326,F,1,0,N/A,STIPostImmigrating,0,16,103,0,1,INFORMAL,PAUSED,6,0,1
865,59,21.2655,M,1,2,local,STIPreEmigrating,0,20,14,0,1,INFORMAL,PAUSED,64,1,0
865,59,21.2655,M,2,0,N/A,STIPostImmigrating,0,20,14,0,1,INFORMAL,PAUSED,64,2,0
872,36,45.3308,M,3,4,local,STIPreEmigrating,0,14,52,0,1,INFORMAL,PAUSED,33,3,0
872,36,45.3308,M,4,0,N/A,STIPostImmigrating,0,14,52,0,1,INFORMAL,NORMAL,33,4,4
874,33,45.6463,F,4,3,local,STIPreEmigrating,0,14,53,0,1,INFORMAL,PAUSED,36,4,4
874,33,45.6463,F,3,0,N/A,STIPostImmigrating,0,14,53,0,1,INFORMAL,PAUSED,36,4,3
876,68,35.5118,M,4,3,local,STIPreEmigrating,0,22,41,0,1,INFORMAL,PAUSED,21,4,0
876,54,57.4832,M,1,2,local,STIPreEmigrating,0,25,34,0,1,INFORMAL,PAUSED,44,1,0
876,54,57.4832,M,2,0,N/A,STIPostImmigrating,0,25,34,0,1,INFORMAL,NORMAL,44,2,2
876,68,35.5118,M,3,0,N/A,STIPostImmigrating,0,22,41,0,1,INFORMAL,PAUSED,21,3,0
878,50,30.6868,M,4,1,local,STIPreEmigrating,0,27,3,0,1,INFORMAL,PAUSED,16,4,0
878,50,30.6868,M,1,0,N/A,STIPostImmigrating,0,27,3,0,1,INFORMAL,PAUSED,16,1,0
882,36,45.3582,M,4,3,local,STIPreEmigrating,0,14,53,0,1,INFORMAL,PAUSED,33,4,0
882,36,45.3582,M,3,0,N/A,STIPostImmigrating,0,14,53,0,1,INFORMAL,NORMAL,33,3,3
887,30,32.7116,F,3,1,local,STIPreEmigrating,0,13,27,0,1,INFORMAL,PAUSED,52,3,3
887,55,26.7852,M,3,2,local,STIPreEmigrating,0,26,19,0,1,INFORMAL,PAUSED,58,3,0
887,55,26.7852,M,2,0,N/A,STIPostImmigrating,0,26,19,0,1,INFORMAL,PAUSED,58,2,0
887,30,32.7116,F,1,0,N/A,STIPostImmigrating,0,13,27,0,1,INFORMAL,PAUSED,52,3,1
888,59,21.3285,M,2,3,local,STIPreEmigrating,0,20,14,0,1,INFORMAL,PAUSED,64,2,0
888,59,21.3285,M,3,0,N/A,STIPostImmigrating,0,20,14,0,1,INFORMAL,PAUSED,64,3,0
889,44,47.7647,F,2,3,local,STIPreEmigrating,0,25,35,0,1,INFORMAL,PAUSED,54,2,2
889,44,47.7647,F,3,0,N/A,STIPostImmigrating,0,25,35,0,1,INFORMAL,PAUSED,54,2,3
894,59,21.3449,M,3,2,local,STIPreEmigrating,0,20,14,0,1,INFORMAL,PAUSED,64,3,0
894,59,21.3449,M,2,0,N/A,STIPostImmigrating,0,20,14,0,1,INFORMAL,PAUSED,64,2,0
895,44,47.7811,F,3,1,local,STIPreEmigrating,0,25,35,0,1,INFORMAL,PAUSED,54,0,3
895,44,47.7811,F,1,0,N/A,STIPostImmigrating,0,25,35,0,1,INFORMAL,PAUSED,54,0,1
896,40,47.8397,M,2,3,local,STIPreEmigrating,0,30,4,0,0,INFORMAL,PAUSED,63,2,2
896,40,47.8397,M,3,0,N/A,STIPostImmigrating,0,30,4,0,1,INFORMAL,PAUSED,63,3,2
903,51,16.8478,F,2,1,local,STIPreEmigrating,0,24,61,0,0,INFORMAL,PAUSED,42,0,2
903,50,30.7553,M,1,2,local,STIPreEmigrating,0,27,3,0,1,INFORMAL,PAUSED,16,1,0
903,50,30.7553,M,2,0,N/A,STIPostImmigrating,0,27,3,0,1,INFORMAL,PAUSED,16,2,0
903,51,16.8478,F,1,0,N/A,STIPostImmigrating,0,24,61,0,1,INFORMAL,NORMAL,42,1,1
904,46,23.8042,F,4,1,local,STIPreEmigrating,0,21,42,0,1,INFORMAL,PAUSED,39,0,4
904,55,26.8318,M,2,4,local,STIPreEmigrating,0,26,19,0,1,INFORMAL,PAUSED,58,2,0
904,55,26.8318,M,4,0,N/A,STIPostImmigrating,0,26,19,0,1,INFORMAL,NORMAL,58,4,4
904,46,23.8042,F,1,0,N/A,STIPostImmigrating,0,21,42,0,1,INFORMAL,PAUSED,39,0,1
908,51,16.8615,F,1,2,local,STIPreEmigrating,0,24,62,0,1,INFORMAL,PAUSED,42,1,1
908,51,16.8615,F,2,0,N/A,STIPostImmigrating,0,24,62,0,1,INFORMAL,PAUSED,42,1,2
914,56,41.813,M,4,3,local,STIPreEmigrating,0,28,16,0,0,INFORMAL,PAUSED,31,4,0
914,56,41.813,M,3,0,N/A,STIPostImmigrating,0,28,16,0,1,INFORMAL,PAUSED,31,3,0
923,51,16.9026,F,2,1,local,STIPreEmigrating,0,24,62,0,1,INFORMAL,PAUSED,42,0,2
923,51,16.9026,F,1,0,N/A,STIPostImmigrating,0,24,62,0,1,INFORMAL,NORMAL,42,1,1
931,21,29.0209,F,2,4,local,STIPreEmigrating,0,22,41,0,1,INFORMAL,PAUSED,68,0,2
931,21,29.0209,F,4,0,N/A,STIPostImmigrating,0,22,41,0,1,INFORMAL,PAUSED,68,0,4
935,30,32.8431,F,1,3,local,STIPreEmigrating,0,13,27,0,1,INFORMAL,PAUSED,52,0,1
935,30,32.8431,F,3,0,N/A,STIPostImmigrating,0,13,27,0,1,INFORMAL,NORMAL,52,3,3
939,58,30.3066,F,4,1,local,STIPreEmigrating,0,26,29,0,1,INFORMAL,PAUSED,55,4,4
939,58,30.3066,F,1,0,N/A,STIPostImmigrating,0,26,29,0,1,INFORMAL,PAUSED,55,4,1
940,56,41.8842,M,3,2,local,STIPreEmigrating,0,28,16,0,1,INFORMAL,PAUSED,31,3,0
940,56,41.8842,M,2,0,N/A,STIPostImmigrating,0,28,16,0,1,INFORMAL,NORMAL,31,2,2
944,4,39.5451,F,1,3,local,STIPreEmigrating,0,16,103,0,1,INFORMAL,PAUSED,6,0,1
944,4,39.5451,F,3,0,N/A,STIPostImmigrating,0,16,103,0,1,INFORMAL,PAUSED,6,0,3
947,6,47.1278,M,2,1,local,STIPreEmigrating,0,16,103,0,1,INFORMAL,PAUSED,4,2,0
947,6,47.1278,M,1,0,N/A,STIPostImmigrating,0,16,103,0,1,INFORMAL,PAUSED,4,1,0
948,31,32.3546,F,2,3,local,STIPreEmigrating,0,28,18,0,1,INFORMAL,PAUSED,56,2,2
948,31,32.3546,F,3,0,N/A,STIPostImmigrating,0,28,18,0,1,INFORMAL,PAUSED,56,2,3
949,32,15.526,F,1,3,local,STIPreEmigrating,0,31,1,0,0,INFORMAL,PAUSED,69,1,1
949,32,15.526,F,3,0,N/A,STIPostImmigrating,0,31,1,0,1,INFORMAL,PAUSED,69,1,3
953,68,35.7228,M,3,1,local,STIPreEmigrating,0,22,41,0,1,INFORMAL,PAUSED,21,3,0
953,68,35.7228,M,1,0,N/A,STIPostImmigrating,0,22,41,0,1,INFORMAL,PAUSED,21,1,0
959,40,48.0123,M,3,1,local,STIPreEmigrating,0,30,4,0,1,INFORMAL,PAUSED,63,3,0
959,40,48.0123,M,1,0,N/A,STIPostImmigrating,0,30,4,0,1,INFORMAL,PAUSED,63,1,0
961,16,25.1815,F,3,4,local,STIPreEmigrating,0,27,3,0,0,INFORMAL,PAUSED,50,0,3
961,16,25.1815,F,4,0,N/A,STIPostImmigrating,0,27,3,0,1,INFORMAL,PAUSED,50,0,4
964,54,57.7243,M,2,1,local,STIPreEmigrating,0,25,35,0,1,INFORMAL,PAUSED,44,2,0
964,6,47.1744,M,1,3,local,STIPreEmigrating,0,16,103,0,1,INFORMAL,PAUSED,4,1,0
964,6,47.1744,M,3,0,N/A,STIPostImmigrating,0,16,103,0,1,INFORMAL,NORMAL,4,3,3
964,54,57.7243,M,1,0,N/A,STIPostImmigrating,0,25,35,0,1,INFORMAL,NORMAL,44,1,1
968,69,17.8759,M,1,4,local,STIPreEmigrating,0,31,1,0,0,INFORMAL,PAUSED,32,1,0
968,54,57.7352,M,1,2,local,STIPreEmigrating,0,25,36,0,1,INFORMAL,PAUSED,44,1,1
968,54,57.7352,M,2,0,N/A,STIPostImmigrating,0,25,36,0,1,INFORMAL,PAUSED,44,2,1
968,69,17.8759,M,4,0,N/A,STIPostImmigrating,0,31,1,0,1,INFORMAL,PAUSED,32,4,0
973,69,17.8896,M,4,3,local,STIPreEmigrating,0,31,1,0,1,INFORMAL,PAUSED,32,4,0
973,69,17.8896,M,3,0,N/A,STIPostImmigrating,0,31,1,0,1,INFORMAL,NORMAL,32,3,3
974,48,38.7936,M,3,1,local,STIPreEmigrating,0,23,82,0,1,INFORMAL,PAUSED,37,3,0
974,48,38.7936,M,1,0,N/A,STIPostImmigrating,0,23,82,0,1,INFORMAL,NORMAL,37,1,1
975,6,47.2045,M,3,1,local,STIPreEmigrating,0,16,109,0,1,INFORMAL,PAUSED,4,3,3
975,6,47.2045,M,1,0,N/A,STIPostImmigrating,0,16,109,0,1,INFORMAL,PAUSED,4,1,3
978,59,21.5751,M,2,3,local,STIPreEmigrating,0,20,14,0,1,INFORMAL,PAUSED,64,2,0
978,59,21.5751,M,3,0,N/A,STIPostImmigrating,0,20,14,0,1,INFORMAL,PAUSED,64,3,0
979,31,32.4395,F,3,2,local,STIPreEmigrating,0,28,18,0,1,INFORMAL,PAUSED,56,0,3
979,31,32.4395,F,2,0,N/A,STIPostImmigrating,0,28,18,0,1,INFORMAL,NORMAL,56,2,2
983,69,17.917,M,3,4,local,STIPreEmigrating,0,31,6,0,1,INFORMAL,PAUSED,32,3,3
983,69,17.917,M,4,0,N/A,STIPostImmigrating,0,31,6,0,1,INFORMAL,PAUSED,32,4,3
993,29,33.2038,M,3,4,local,STIPreEmigrating,0,19,20,0,0,INFORMAL,PAUSED,53,3,0
993,29,33.2038,M,4,0,N/A,STIPostImmigrating,0,19,20,0,1,INFORMAL,NORMAL,53,4,4
1000,58,30.4737,F,1,3,local,STIPreEmigrating,0,26,29,0,1,INFORMAL,PAUSED,55,0,1
1000,58,30.4737,F,3,0,N/A,STIPostImmigrating,0,26,29,0,1,INFORMAL,PAUSED,55,0,3
1008,46,24.0891,F,1,2,local,STIPreEmigrating,0,21,42,0,1,INFORMAL,PAUSED,39,0,1
1008,46,24.0891,F,2,0,N/A,STIPostImmigrating,0,21,42,0,1,INFORMAL,NORMAL,39,2,2
1010,42,19.4002,M,1,2,local,STIPreEmigrating,0,24,95,0,1,INFORMAL,PAUSED,51,1,1
1010,42,19.4002,M,2,0,N/A,STIPostImmigrating,0,24,95,0,1,INFORMAL,PAUSED,51,2,1
1022,56,42.1088,M,2,3,local,STIPreEmigrating,0,28,32,0,1,INFORMAL,PAUSED,31,2,2
1022,56,42.1088,M,3,0,N/A,STIPostImmigrating,0,28,32,0,1,INFORMAL,PAUSED,31,3,2
1023,32,15.7287,F,3,1,local,STIPreEmigrating,0,31,6,0,1,INFORMAL,PAUSED,69,0,3
1023,32,15.7287,F,1,0,N/A,STIPostImmigrating,0,31,6,0,1,INFORMAL,PAUSED,69,0,1
1028,53,25.7386,F,4,3,local,STIPreEmigrating,0,19,27,0,1,INFORMAL,PAUSED,29,4,4
1028,56,42.1253,M,3,2,local,STIPreEmigrating,0,28,32,0,1,INFORMAL,PAUSED,31,3,0
1028,56,42.1253,M,2,0,N/A,STIPostImmigrating,0,28,32,0,1,INFORMAL,NORMAL,31,2,2
1028,53,25.7386,F,3,0,N/A,STIPostImmigrating,0,19,27,0,1,INFORMAL,PAUSED,29,4,3
1031,60,16.7833,F,3,2,local,STIPreEmigrating,0,32,12,0,0,INFORMAL,PAUSED,59,3,3
1031,60,16.7833,F,2,0,N/A,STIPostImmigrating,0,32,12,0,1,INFORMAL,PAUSED,59,3,2
1034,46,24.1604,F,2,1,local,STIPreEmigrating,0,21,55,0,1,INFORMAL,PAUSED,39,2,2
1034,46,24.1604,F,1,0,N/A,STIPostImmigrating,0,21,55,0,1,INFORMAL,PAUSED,39,2,1
1044,20,19.5312,F,4,3,local,STIPreEmigrating,0,29,1,0,0,INFORMAL,PAUSED,41,0,4
1044,20,19.5312,F,3,0,N/A,STIPostImmigrating,0,29,1,0,1,INFORMAL,NORMAL,41,3,3
1046,51,17.2396,F,1,2,local,STIPreEmigrating,0,24,95,0,1,INFORMAL,PAUSED,42,0,1
1046,51,17.2396,F,2,0,N/A,STIPostImmigrating,0,24,95,0,1,INFORMAL,NORMAL,42,2,2
1048,6,47.4045,M,1,3,local,STIPreEmigrating,0,16,109,0,1,INFORMAL,PAUSED,4,1,0
1048,6,47.4045,M,3,0,N/A,STIPostImmigrating,0,16,109,0,1,INFORMAL,NORMAL,4,3,3
1049,37,40.6216,F,1,4,local,STIPreEmigrating,0,23,107,0,1,INFORMAL,PAUSED,48,1,1
1049,37,40.6216,F,4,0,N/A,STIPostImmigrating,0,23,107,0,1,INFORMAL,PAUSED,48,1,4
1050,40,48.2616,M,1,3,local,STIPreEmigrating,0,30,4,0,1,INFORMAL,PAUSED,63,1,0
1050,40,48.2616,M,3,0,N/A,STIPostImmigrating,0,30,4,0,1,INFORMAL,PAUSED,63,3,0
1053,58,30.6189,F,3,1,local,STIPreEmigrating,0,26,29,0,1,INFORMAL,PAUSED,55,0,3
1053,58,30.6189,F,1,0,N/A,STIPostImmigrating,0,26,29,0,1,INFORMAL,PAUSED,55,0,1
1059,60,16.86,F,2,3,local,STIPreEmigrating,0,32,12,0,1,INFORMAL,PAUSED,59,0,2
1059,60,16.86,F,3,0,N/A,STIPostImmigrating,0,32,12,0,0,INFORMAL,NORMAL,59,3,3
1064,37,40.6627,F,4,2,local,STIPreEmigrating,0,23,107,0,1,INFORMAL,PAUSED,48,0,4
1064,31,32.6724,F,2,1,local,STIPreEmigrating,0,28,41,0,1,INFORMAL,PAUSED,56,2,2
1064,31,32.6724,F,1,0,N/A,STIPostImmigrating,0,28,41,0,1,INFORMAL,PAUSED,56,2,1
1064,37,40.6627,F,2,0,N/A,STIPostImmigrating,0,23,107,0,1,INFORMAL,PAUSED,48,0,2
1065,46,24.2453,F,1,3,local,STIPreEmigrating,0,21,55,0,1,INFORMAL,PAUSED,39,0,1
1065,46,24.2453,F,3,0,N/A,STIPostImmigrating,0,21,55,0,1,INFORMAL,PAUSED,39,0,3
1066,39,33.0865,M,2,4,local,STIPreEmigrating,0,21,55,0,1,INFORMAL,PAUSED,46,2,0
1066,39,33.0865,M,4,0,N/A,STIPostImmigrating,0,21,55,0,1,INFORMAL,PAUSED,46,4,0
1072,69,18.1608,M,4,2,local,STIPreEmigrating,0,31,6,0,1,INFORMAL,PAUSED,32,4,0
1072,69,18.1608,M,2,0,N/A,STIPostImmigrating,0,31,6,0,1,INFORMAL,PAUSED,32,2,0
1081,32,15.8876,F,1,3,local,STIPreEmigrating,0,31,6,0,1,INFORMAL,PAUSED,69,0,1
1081,32,15.8876,F,3,0,N/A,STIPostImmigrating,0,31,6,0,1,INFORMAL,PAUSED,69,0,3
1083,52,40.1189,M,3,1,local,STIPreEmigrating,0,34,6,0,0,INFORMAL,PAUSED,30,3,3
1083,4,39.926,F,3,2,local,STIPreEmigrating,0,16,117,0,1,INFORMAL,PAUSED,6,3,3
1083,4,39.926,F,2,0,N/A,STIPostImmigrating,0,16,117,0,1,INFORMAL,PAUSED,6,3,2
1083,52,40.1189,M,1,0,N/A,STIPostImmigrating,0,34,6,0,1,INFORMAL,PAUSED,30,1,3
1085,52,40.1244,M,1,3,local,STIPreEmigrating,0,34,6,0,1,INFORMAL,PAUSED,30,1,0
1085,52,40.1244,M,3,0,N/A,STIPostImmigrating,0,34,6,0,0,INFORMAL,NORMAL,30,3,3
1095,63,43.6181,F,2,1,local,STIPreEmigrating,0,30,4,0,0,INFORMAL,PAUSED,40,0,2
1095,63,43.6181,F,1,0,N/A,STIPostImmigrating,0,30,4,0,1,INFORMAL,PAUSED,40,0,1
1097,4,39.9643,F,2,3,local,STIPreEmigrating,0,16,117,0,1,INFORMAL,PAUSED,6,0,2
1097,4,39.9643,F,3,0,N/A,STIPostImmigrating,0,16,117,0,1,INFORMAL,NORMAL,6,3,3
1098,29,33.4915,M,4,3,local,STIPreEmigrating,0,19,27,0,1,INFORMAL,PAUSED,53,4,0
1098,56,42.3171,M,2,3,local,STIPreEmigrating,0,28,41,0,1,INFORMAL,PAUSED,31,2,0
1098,56,42.3171,M,3,0,N/A,STIPostImmigrating,0,28,41,0,1,INFORMAL,PAUSED,31,3,0
1098,29,33.4915,M,3,0,N/A,STIPostImmigrating,0,19,27,0,1,INFORMAL,NORMAL,53,3,3
1101,44,48.3455,F,1,3,local,STIPreEmigrating,0,25,36,0,1,INFORMAL,PAUSED,54,0,1
1101,44,48.3455,F,3,0,N/A,STIPostImmigrating,0,25,36,0,1,INFORMAL,PAUSED,54,0,3
1103,60,16.9805,F,3,2,local,STIPreEmigrating,0,32,25,0,0,INFORMAL,PAUSED,59,3,3
1103,60,16.9805,F,2,0,N/A,STIPostImmigrating,0,32,25,0,1,INFORMAL,PAUSED,59,3,2
1108,41,20.1455,M,3,4,local,STIPreEmigrating,0,29,15,0,1,INFORMAL,PAUSED,20,3,3
1108,56,42.3445,M,3,1,local,STIPreEmigrating,0,28,41,0,1,INFORMAL,PAUSED,31,3,0
1108,56,42.3445,M,1,0,N/A,STIPostImmigrating,0,28,41,0,1,INFORMAL,NORMAL,31,1,1
1108,41,20.1455,M,4,0,N/A,STIPostImmigrating,0,29,15,0,1,INFORMAL,PAUSED,20,4,3
1114,40,48.437,M,3,4,local,STIPreEmigrating,0,30,4,0,1,INFORMAL,PAUSED,63,3,0
1114,40,48.437,M,4,0,N/A,STIPostImmigrating,0,30,4,0,1,INFORMAL,PAUSED,63,4,0
1120,60,17.0271,F,2,3,local,STIPreEmigrating,0,32,25,0,1,INFORMAL,PAUSED,59,0,2
1120,60,17.0271,F,3,0,N/A,STIPostImmigrating,0,32,25,0,0,INFORMAL,NORMAL,59,3,3
1123,53,25.9988,F,3,4,local,STIPreEmigrating,0,19,34,0,1,INFORMAL,PAUSED,29,3,3
1123,51,17.4505,F,2,4,local,STIPreEmigrating,0,24,115,0,1,INFORMAL,PAUSED,42,2,2
1123,51,17.4505,F,4,0,N/A,STIPostImmigrating,0,24,115,0,1,INFORMAL,PAUSED,42,2,4
1123,53,25.9988,F,4,0,N/A,STIPostImmigrating,0,19,34,0,1,INFORMAL,PAUSED,29,3,4
1124,52,40.2313,M,3,2,local,STIPreEmigrating,0,34,19,0,0,INFORMAL,PAUSED,30,3,3
1124,52,40.2313,M,2,0,N/A,STIPostImmigrating,0,34,19,0,1,INFORMAL,PAUSED,30,2,3
1127,54,58.1708,M,2,1,local,STIPreEmigrating,0,25,36,0,1,INFORMAL,PAUSED,44,2,0
1127,54,58.1708,M,1,0,N/A,STIPostImmigrating,0,25,36,0,1,INFORMAL,PAUSED,44,1,0
1128,63,43.7085,F,1,2,local,STIPreEmigrating,0,30,4,0,1,INFORMAL,PAUSED,40,0,1
1128,63,43.7085,F,2,0,N/A,STIPostImmigrating,0,30,4,0,1,INFORMAL,PAUSED,40,0,2
1132,63,43.7195,F,2,3,local,STIPreEmigrating,0,30,4,0,1,INFORMAL,PAUSED,40,0,2
1132,63,43.7195,F,3,0,N/A,STIPostImmigrating,0,30,4,0,1,INFORMAL,PAUSED,40,0,3
1133,42,19.7372,M,2,1,local,STIPreEmigrating,0,24,115,0,1,INFORMAL,PAUSED,51,2,0
1133,42,19.7372,M,1,0,N/A,STIPostImmigrating,0,24,115,0,1,INFORMAL,PAUSED,51,1,0
1142,52,40.2806,M,2,3,local,STIPreEmigrating,0,34,19,0,1,INFORMAL,PAUSED,30,2,0
1142,52,40.2806,M,3,0,N/A,STIPostImmigrating,0,34,19,0,0,INFORMAL,NORMAL,30,3,3
1149,63,43.766,F,3,2,local,STIPreEmigrating,0,30,4,0,1,INFORMAL,PAUSED,40,0,3
1149,63,43.766,F,2,0,N/A,STIPostImmigrating,0,30,4,0,1,INFORMAL,PAUSED,40,0,2
1154,56,42.4705,M,1,3,local,STIPreEmigrating,0,28,59,0,1,INFORMAL,PAUSED,31,1,1
1154,56,42.4705,M,3,0,N/A,STIPostImmigrating,0,28,59,0,1,INFORMAL,PAUSED,31,3,1
1156,23,27.5818,F,3,2,local,STIPreEmigrating,0,33,29,0,0,INFORMAL,PAUSED,10,3,3
1156,23,27.5818,F,2,0,N/A,STIPostImmigrating,0,33,29,0,1,INFORMAL,PAUSED,10,3,2
1159,48,39.3004,M,3,4,local,STIPreEmigrating,0,36,5,0,0,INFORMAL,PAUSED,27,3,3
1159,48,39.3004,M,4,0,N/A,STIPostImmigrating,0,36,5,0,1,INFORMAL,PAUSED,27,4,3
1162,41,20.2934,M,4,1,local,STIPreEmigrating,0,29,15,0,1,INFORMAL,PAUSED,20,4,0
1162,53,26.1057,F,4,2,local,STIPreEmigrating,0,19,34,0,1,INFORMAL,PAUSED,29,0,4
1162,53,26.1057,F,2,0,N/A,STIPostImmigrating,0,19,34,0,1,INFORMAL,PAUSED,29,0,2
1162,41,20.2934,M,1,0,N/A,STIPostImmigrating,0,29,15,0,1,INFORMAL,PAUSED,20,1,0
1165,59,22.0874,M,3,2,local,STIPreEmigrating,0,32,38,0,0,INFORMAL,PAUSED,60,3,3
1165,60,17.1504,F,3,2,local,STIPreEmigrating,0,32,38,0,0,INFORMAL,PAUSED,59,0,3
1165,52,40.3436,M,3,1,local,STIPreEmigrating,0,34,26,0,0,INFORMAL,PAUSED,30,3,3
1165,52,40.3436,M,1,0,N/A,STIPostImmigrating,0,34,26,0,1,INFORMAL,PAUSED,30,1,3
1165,60,17.1504,F,2,0,N/A,STIPostImmigrating,0,32,38,0,1,INFORMAL,PAUSED,59,0,2
1165,59,22.0874,M,2,0,N/A,STIPostImmigrating,0,32,38,0,1,INFORMAL,NORMAL,60,2,2
1167,59,22.0929,M,2,1,local,STIPreEmigrating,0,32,39,0,1,INFORMAL,PAUSED,60,2,2
1167,59,22.0929,M,1,0,N/A,STIPostImmigrating,0,32,39,0,1,INFORMAL,PAUSED,60,1,2
1168,42,19.833,M,1,2,local,STIPreEmigrating,0,24,115,0,1,INFORMAL,PAUSED,51,1,0
1168,42,19.833,M,2,0,N/A,STIPostImmigrating,0,24,115,0,1,INFORMAL,PAUSED,51,2,0
1170,42,19.8385,M,2,1,local,STIPreEmigrating,0,24,115,0,1,INFORMAL,PAUSED,51,2,0
1170,42,19.8385,M,1,0,N/A,STIPostImmigrating,0,24,115,0,1,INFORMAL,PAUSED,51,1,0
1171,29,33.6915,M,3,4,local,STIPreEmigrating,0,19,34,0,1,INFORMAL,PAUSED,53,3,0
1171,29,33.6915,M,4,0,N/A,STIPostImmigrating,0,19,34,0,1,INFORMAL,PAUSED,53,4,0
1175,21,29.6894,F,1,4,local,STIPreEmigrating,0,35,34,0,0,INFORMAL,PAUSED,68,1,1
1175,21,29.6894,F,4,0,N/A,STIPostImmigrating,0,35,34,0,1,INFORMAL,PAUSED,68,1,4
1177,15,86.3889,M,3,2,local,STIPreEmigrating,0,37,4,0,0,INFORMAL,PAUSED,18,3,3
1177,15,86.3889,M,2,0,N/A,STIPostImmigrating,0,37,4,0,1,INFORMAL,PAUSED,18,2,3
1181,23,27.6502,F,2,1,local,STIPreEmigrating,0,33,29,0,1,INFORMAL,PAUSED,10,0,2
1181,15,86.3998,M,2,4,local,STIPreEmigrating,0,37,4,0,1,INFORMAL,PAUSED,18,2,0
1181,15,86.3998,M,4,0,N/A,STIPostImmigrating,0,37,4,0,1,INFORMAL,PAUSED,18,4,0
1181,23,27.6502,F,1,0,N/A,STIPostImmigrating,0,33,29,0,1,INFORMAL,PAUSED,10,0,1
1182,30,33.5198,F,3,1,local,STIPreEmigrating,0,34,26,0,0,INFORMAL,PAUSED,52,0,3
1182,30,33.5198,F,1,0,N/A,STIPostImmigrating,0,34,26,0,1,INFORMAL,NORMAL,52,1,1
1183,68,36.3529,M,1,3,local,STIPreEmigrating,0,35,34,0,0,INFORMAL,PAUSED,21,1,0
1183,68,36.3529,M,3,0,N/A,STIPostImmigrating,0,35,34,0,1,INFORMAL,PAUSED,21,3,0
1185,69,18.4704,M,2,4,local,STIPreEmigrating,0,31,6,0,1,INFORMAL,PAUSED,32,2,0
1185,69,18.4704,M,4,0,N/A,STIPostImmigrating,0,31,6,0,1,INFORMAL,PAUSED,32,4,0
1189,69,18.4813,M,4,1,local,STIPreEmigrating,0,31,6,0,1,INFORMAL,PAUSED,32,4,0
1189,69,18.4813,M,1,0,N/A,STIPostImmigrating,0,31,6,0,1,INFORMAL,PAUSED,32,1,0
1192,49,32.6573,M,4,2,local,STIPreEmigrating,0,39,1,0,0,INFORMAL,PAUSED,16,4,4
1192,49,32.6573,M,2,0,N/A,STIPostImmigrating,0,39,1,0,1,INFORMAL,PAUSED,16,2,4
1200,30,33.5691,F,1,2,local,STIPreEmigrating,0,34,34,0,1,INFORMAL,PAUSED,52,1,1
1200,52,40.4395,M,1,3,local,STIPreEmigrating,0,34,34,0,1,INFORMAL,PAUSED,30,1,0
1200,52,40.4395,M,3,0,N/A,STIPostImmigrating,0,34,34,0,1,INFORMAL,PAUSED,30,3,0
1200,30,33.5691,F,2,0,N/A,STIPostImmigrating,0,34,34,0,1,INFORMAL,PAUSED,52,3,2
1202,60,17.2518,F,2,3,local,STIPreEmigrating,0,32,39,0,1,INFORMAL,PAUSED,59,0,2
1202,60,17.2518,F,3,0,N/A,STIPostImmigrating,0,32,39,0,1,INFORMAL,PAUSED,59,0,3
1204,69,18.5224,M,1,4,local,STIPreEmigrating,0,31,6,0,1,INFORMAL,PAUSED,32,1,0
1204,69,18.5224,M,4,0,N/A,STIPostImmigrating,0,31,6,0,1,INFORMAL,PAUSED,32,4,0
1206,29,33.7874,M,4,1,local,STIPreEmigrating,0,19,34,0,1,INFORMAL,PAUSED,53,4,0
1206,16,25.8527,F,4,3,local,STIPreEmigrating,0,39,1,0,0,INFORMAL,PAUSED,49,0,4
1206,16,25.8527,F,3,0,N/A,STIPostImmigrating,0,39,1,0,1,INFORMAL,PAUSED,49,0,3
1206,29,33.7874,M,1,0,N/A,STIPostImmigrating,0,19,34,0,1,INFORMAL,PAUSED,53,1,0
1208,21,29.7798,F,4,1,local,STIPreEmigrating,0,35,34,0,1,INFORMAL,PAUSED,68,0,4
1208,21,29.7798,F,1,0,N/A,STIPostImmigrating,0,35,34,0,1,INFORMAL,PAUSED,68,0,1
1209,69,18.5361,M,4,3,local,STIPreEmigrating,0,31,6,0,1,INFORMAL,PAUSED,32,4,0
1209,20,19.9832,F,3,2,local,STIPreEmigrating,0,29,15,0,1,INFORMAL,PAUSED,41,0,3
1209,29,33.7956,M,1,4,local,STIPreEmigrating,0,19,34,0,1,INFORMAL,PAUSED,53,1,0
1209,29,33.7956,M,4,0,N/A,STIPostImmigrating,0,19,34,0,1,INFORMAL,PAUSED,53,4,0
1209,20,19.9832,F,2,0,N/A,STIPostImmigrating,0,29,15,0,1,INFORMAL,PAUSED,41,0,2
1209,69,18.5361,M,3,0,N/A,STIPostImmigrating,0,31,6,0,1,INFORMAL,NORMAL,32,3,3
1211,48,39.4429,M,4,3,local,STIPreEmigrating,0,36,5,0,1,INFORMAL,PAUSED,27,4,0
1211,56,42.6267,M,3,2,local,STIPreEmigrating,0,28,59,0,1,INFORMAL,PAUSED,31,3,0
1211,56,42.6267,M,2,0,N/A,STIPostImmigrating,0,28,59,0,1,INFORMAL,PAUSED,31,2,0
1211,48,39.4429,M,3,0,N/A,STIPostImmigrating,0,36,5,0,0,INFORMAL,NORMAL,27,3,3
1214,4,40.2849,F,3,2,local,STIPreEmigrating,0,16,154,0,1,INFORMAL,PAUSED,6,3,3
1214,52,40.4778,M,3,2,local,STIPreEmigrating,0,34,34,0,1,INFORMAL,PAUSED,30,3,0
1214,52,40.4778,M,2,0,N/A,STIPostImmigrating,0,34,34,0,1,INFORMAL,NORMAL,30,2,2
1214,4,40.2849,F,2,0,N/A,STIPostImmigrating,0,16,154,0,1,INFORMAL,PAUSED,6,3,2
1221,68,36.457,M,3,1,local,STIPreEmigrating,0,35,34,0,1,INFORMAL,PAUSED,21,3,0
1221,68,36.457,M,1,0,N/A,STIPostImmigrating,0,35,34,0,1,INFORMAL,NORMAL,21,1,1
1223,20,20.0216,F,2,3,local,STIPreEmigrating,0,29,15,0,1,INFORMAL,PAUSED,41,0,2
1223,20,20.0216,F,3,0,N/A,STIPostImmigrating,0,29,15,0,1,INFORMAL,PAUSED,41,0,3
1224,29,33.8367,M,4,3,local,STIPreEmigrating,0,19,34,0,1,INFORMAL,PAUSED,53,4,0
1224,29,33.8367,M,3,0,N/A,STIPostImmigrating,0,19,34,0,1,INFORMAL,PAUSED,53,3,0
1229,4,40.326,F,2,3,local,STIPreEmigrating,0,16,154,0,1,INFORMAL,PAUSED,6,0,2
1229,4,40.326,F,3,0,N/A,STIPostImmigrating,0,16,154,0,1,INFORMAL,NORMAL,6,3,3
1231,68,36.4844,M,1,3,local,STIPreEmigrating,0,35,35,0,1,INFORMAL,PAUSED,21,1,1
1231,68,36.4844,M,3,0,N/A,STIPostImmigrating,0,35,35,0,1,INFORMAL,PAUSED,21,3,1
1247,56,42.7253,M,2,3,local,STIPreEmigrating,0,28,59,0,1,INFORMAL,PAUSED,31,2,0
1247,56,42.7253,M,3,0,N/A,STIPostImmigrating,0,28,59,0,1,INFORMAL,PAUSED,31,3,0
1248,16,25.9678,F,3,4,local,STIPreEmigrating,0,39,1,0,1,INFORMAL,PAUSED,49,0,3
1248,48,39.5442,M,3,1,local,STIPreEmigrating,0,36,23,0,0,INFORMAL,PAUSED,27,3,3
1248,42,20.0522,M,1,4,local,STIPreEmigrating,0,24,115,0,1,INFORMAL,PAUSED,51,1,0
1248,42,20.0522,M,4,0,N/A,STIPostImmigrating,0,24,115,0,1,INFORMAL,NORMAL,51,4,4
1248,48,39.5442,M,1,0,N/A,STIPostImmigrating,0,36,23,0,1,INFORMAL,PAUSED,27,1,3
1248,16,25.9678,F,4,0,N/A,STIPostImmigrating,0,39,1,0,1,INFORMAL,PAUSED,49,0,4
1250,30,33.7061,F,2,1,local,STIPreEmigrating,0,34,44,0,1,INFORMAL,PAUSED,52,2,2
1250,30,33.7061,F,1,0,N/A,STIPostImmigrating,0,34,44,0,1,INFORMAL,PAUSED,52,2,1
1251,15,86.5916,M,4,2,local,STIPreEmigrating,0,37,4,0,1,INFORMAL,PAUSED,18,4,0
1251,10,28.484,M,3,1,local,STIPreEmigrating,0,33,29,0,0,INFORMAL,PAUSED,23,3,0
1251,32,16.3534,F,3,4,local,STIPreEmigrating,0,31,19,0,1,INFORMAL,PAUSED,69,3,3
1251,32,16.3534,F,4,0,N/A,STIPostImmigrating,0,31,19,0,1,INFORMAL,PAUSED,69,3,4
1251,10,28.484,M,1,0,N/A,STIPostImmigrating,0,33,29,0,1,INFORMAL,NORMAL,23,1,1
1251,15,86.5916,M,2,0,N/A,STIPostImmigrating,0,37,4,0,1,INFORMAL,PAUSED,18,2,0
1252,33,46.6819,F,4,2,local,STIPreEmigrating,0,38,23,0,0,INFORMAL,PAUSED,5,4,4
1252,33,46.6819,F,2,0,N/A,STIPostImmigrating,0,38,23,0,1,INFORMAL,PAUSED,5,4,2
1258,42,20.0796,M,4,1,local,STIPreEmigrating,0,24,121,0,1,INFORMAL,PAUSED,51,4,4
1258,42,20.0796,M,1,0,N/A,STIPostImmigrating,0,24,121,0,1,INFORMAL,PAUSED,51,1,4
1264,16,26.0116,F,4,3,local,STIPreEmigrating,0,39,1,0,1,INFORMAL,PAUSED,49,0,4
1264,16,26.0116,F,3,0,N/A,STIPostImmigrating,0,39,1,0,1,INFORMAL,PAUSED,49,0,3
1265,4,40.4246,F,3,4,local,STIPreEmigrating,0,16,167,0,1,INFORMAL,PAUSED,6,3,3
1265,33,46.7175,F,2,4,local,STIPreEmigrating,0,38,23,0,1,INFORMAL,PAUSED,5,0,2
1265,33,46.7175,F,4,0,N/A,STIPostImmigrating,0,38,23,0,0,INFORMAL,NORMAL,5,4,4
1265,4,40.4246,F,4,0,N/A,STIPostImmigrating,0,16,167,0,1,INFORMAL,PAUSED,6,3,4
1266,52,40.6203,M,2,3,local,STIPreEmigrating,0,34,44,0,1,INFORMAL,PAUSED,30,2,0
1266,41,20.5784,M,1,4,local,STIPreEmigrating,0,29,15,0,1,INFORMAL,PAUSED,20,1,0
1266,41,20.5784,M,4,0,N/A,STIPostImmigrating,0,29,15,0,1,INFORMAL,PAUSED,20,4,0
1266,52,40.6203,M,3,0,N/A,STIPostImmigrating,0,34,44,0,1,INFORMAL,PAUSED,30,3,0
1272,52,40.6367,M,3,2,local,STIPreEmigrating,0,34,44,0,1,INFORMAL,PAUSED,30,3,0
1272,52,40.6367,M,2,0,N/A,STIPostImmigrating,0,34,44,0,1,INFORMAL,PAUSED,30,2,0
1273,63,44.1058,F,2,1,local,STIPreEmigrating,0,30,4,0,1,INFORMAL,PAUSED,40,0,2
1273,58,31.2216,F,1,2,local,STIPreEmigrating,0,26,29,0,1,INFORMAL,PAUSED,55,0,1
1273,58,31.2216,F,2,0,N/A,STIPostImmigrating,0,26,29,0,1,INFORMAL,PAUSED,55,0,2
1273,63,44.1058,F,1,0,N/A,STIPostImmigrating,0,30,4,0,1,INFORMAL,PAUSED,40,0,1
1274,4,40.4492,F,4,3,local,STIPreEmigrating,0,16,167,0,1,INFORMAL,PAUSED,6,0,4
1274,4,40.4492,F,3,0,N/A,STIPostImmigrating,0,16,167,0,1,INFORMAL,NORMAL,6,3,3
1276,61,14.8335,F,3,4,local,STIPreEmigrating,0,40,24,0,0,INFORMAL,PAUSED,62,3,3
1276,61,14.8335,F,4,0,N/A,STIPostImmigrating,0,40,24,0,1,INFORMAL,PAUSED,62,3,4
1277,10,28.5553,M,1,3,local,STIPreEmigrating,0,33,37,0,1,INFORMAL,PAUSED,23,1,1
1277,10,28.5553,M,3,0,N/A,STIPostImmigrating,0,33,37,0,1,INFORMAL,PAUSED,23,3,1
1278,53,26.4235,F,2,4,local,STIPreEmigrating,0,19,34,0,1,INFORMAL,PAUSED,29,0,2
1278,53,26.4235,F,4,0,N/A,STIPostImmigrating,0,19,34,0,1,INFORMAL,PAUSED,29,0,4
1279,30,33.7856,F,1,3,local,STIPreEmigrating,0,34,44,0,1,INFORMAL,PAUSED,52,0,1
1279,30,33.7856,F,3,0,N/A,STIPostImmigrating,0,34,44,0,1,INFORMAL,PAUSED,52,0,3
1288,51,17.9026,F,4,2,local,STIPreEmigrating,0,24,121,0,1,INFORMAL,PAUSED,42,0,4
1288,51,17.9026,F,2,0,N/A,STIPostImmigrating,0,24,121,0,1,INFORMAL,PAUSED,42,0,2
1289,15,86.6957,M,2,4,local,STIPreEmigrating,0,37,4,0,1,INFORMAL,PAUSED,18,2,0
1289,15,86.6957,M,4,0,N/A,STIPostImmigrating,0,37,4,0,1,INFORMAL,PAUSED,18,4,0
1290,33,46.786,F,4,3,local,STIPreEmigrating,0,38,30,0,0,INFORMAL,PAUSED,5,4,4
1290,33,46.786,F,3,0,N/A,STIPostImmigrating,0,38,30,0,1,INFORMAL,PAUSED,5,4,3
1291,46,24.8645,F,3,1,local,STIPreEmigrating,0,21,55,0,1,INFORMAL,PAUSED,39,0,3
1291,46,24.8645,F,1,0,N/A,STIPostImmigrating,0,21,55,0,1,INFORMAL,PAUSED,39,0,1
1293,30,33.8239,F,3,1,local,STIPreEmigrating,0,34,44,0,1,INFORMAL,PAUSED,52,0,3
1293,52,40.6943,M,2,3,local,STIPreEmigrating,0,34,44,0,1,INFORMAL,PAUSED,30,2,0
1293,52,40.6943,M,3,0,N/A,STIPostImmigrating,0,34,44,0,1,INFORMAL,PAUSED,30,3,0
1293,30,33.8239,F,1,0,N/A,STIPostImmigrating,0,34,44,0,1,INFORMAL,PAUSED,52,0,1
1296,62,16.3187,M,3,1,local,STIPreEmigrating,0,40,24,0,0,INFORMAL,PAUSED,61,3,0
1296,62,16.3187,M,1,0,N/A,STIPostImmigrating,0,40,24,0,1,INFORMAL,PAUSED,61,1,0
1299,20,20.2298,F,3,1,local,STIPreEmigrating,0,29,15,0,1,INFORMAL,PAUSED,41,0,3
1299,20,20.2298,F,1,0,N/A,STIPostImmigrating,0,29,15,0,1,INFORMAL,PAUSED,41,0,1
1300,16,26.1102,F,3,1,local,STIPreEmigrating,0,39,1,0,1,INFORMAL,PAUSED,49,0,3
1300,16,26.1102,F,1,0,N/A,STIPostImmigrating,0,39,1,0,1,INFORMAL,PAUSED,49,0,1
1304,21,30.0428,F,1,4,local,STIPreEmigrating,0,35,35,0,1,INFORMAL,PAUSED,68,0,1
1304,21,30.0428,F,4,0,N/A,STIPostImmigrating,0,35,35,0,1,INFORMAL,PAUSED,68,0,4
1310,21,30.0592,F,4,2,local,STIPreEmigrating,0,35,35,0,1,INFORMAL,PAUSED,68,0,4
1310,21,30.0592,F,2,0,N/A,STIPostImmigrating,0,35,35,0,1,INFORMAL,PAUSED,68,0,2
1315,49,32.9943,M,2,4,local,STIPreEmigrating,0,39,1,0,1,INFORMAL,PAUSED,16,2,0
1315,49,32.9943,M,4,0,N/A,STIPostImmigrating,0,39,1,0,1,INFORMAL,PAUSED,16,4,0
1316,42,20.2385,M,1,3,local,STIPreEmigrating,0,24,121,0,1,INFORMAL,PAUSED,51,1,0
1316,42,20.2385,M,3,0,N/A,STIPostImmigrating,0,24,121,0,1,INFORMAL,PAUSED,51,3,0
1317,51,17.982,F,2,3,local,STIPreEmigrating,0,24,121,0,1,INFORMAL,PAUSED,42,0,2
1317,51,17.982,F,3,0,N/A,STIPostImmigrating,0,24,121,0,1,INFORMAL,NORMAL,42,3,3
1321,48,39.7442,M,1,3,local,STIPreEmigrating,0,36,23,0,1,INFORMAL,PAUSED,27,1,0
1321,48,39.7442,M,3,0,N/A,STIPostImmigrating,0,36,23,0,0,INFORMAL,NORMAL,27,3,3
1322,29,34.1052,M,3,4,local,STIPreEmigrating,0,19,34,0,1,INFORMAL,PAUSED,53,3,0
1322,62,16.39,M,1,4,local,STIPreEmigrating,0,40,24,0,1,INFORMAL,PAUSED,61,1,0
1322,62,16.39,M,4,0,N/A,STIPostImmigrating,0,40,24,0,1,INFORMAL,NORMAL,61,4,4
1322,29,34.1052,M,4,0,N/A,STIPostImmigrating,0,19,34,0,1,INFORMAL,NORMAL,53,4,4
1334,60,17.6134,F,3,4,local,STIPreEmigrating,0,32,39,0,1,INFORMAL,PAUSED,59,0,3
1334,60,17.6134,F,4,0,N/A,STIPostImmigrating,0,32,39,0,1,INFORMAL,PAUSED,59,0,4
1335,4,40.6164,F,3,1,local,STIPreEmigrating,0,16,188,0,1,INFORMAL,PAUSED,6,3,3
1335,4,40.6164,F,1,0,N/A,STIPostImmigrating,0,16,188,0,1,INFORMAL,PAUSED,6,3,1
1336,46,24.9878,F,1,2,local,STIPreEmigrating,0,21,55,0,1,INFORMAL,PAUSED,39,0,1
1336,46,24.9878,F,2,0,N/A,STIPostImmigrating,0,21,55,0,1,INFORMAL,PAUSED,39,0,2
1341,48,39.799,M,3,4,local,STIPreEmigrating,0,36,26,0,0,INFORMAL,PAUSED,27,3,3
1341,16,26.2226,F,1,3,local,STIPreEmigrating,0,39,1,0,1,INFORMAL,PAUSED,49,0,1
1341,16,26.2226,F,3,0,N/A,STIPostImmigrating,0,39,1,0,1,INFORMAL,PAUSED,49,0,3
1341,48,39.799,M,4,0,N/A,STIPostImmigrating,0,36,26,0,1,INFORMAL,PAUSED,27,4,3
1346,59,22.5833,M,1,2,local,STIPreEmigrating,0,32,39,0,1,INFORMAL,PAUSED,60,1,0
1346,59,22.5833,M,2,0,N/A,STIPostImmigrating,0,32,39,0,1,INFORMAL,PAUSED,60,2,0
1347,61,15.0281,F,4,1,local,STIPreEmigrating,0,40,34,0,1,INFORMAL,PAUSED,62,4,4
1347,61,15.0281,F,1,0,N/A,STIPostImmigrating,0,40,34,0,1,INFORMAL,PAUSED,62,4,1
1348,32,16.6191,F,3,2,local,STIPreEmigrating,0,41,5,0,0,INFORMAL,PAUSED,69,3,3
1348,32,16.6191,F,2,0,N/A,STIPostImmigrating,0,41,5,0,1,INFORMAL,PAUSED,69,3,2
1351,53,26.6235,F,4,3,local,STIPreEmigrating,0,19,43,0,1,INFORMAL,PAUSED,29,4,4
1351,53,26.6235,F,3,0,N/A,STIPostImmigrating,0,19,43,0,1,INFORMAL,PAUSED,29,4,3
1352,68,36.8159,M,3,4,local,STIPreEmigrating,0,35,35,0,1,INFORMAL,PAUSED,21,3,0
1352,68,36.8159,M,4,0,N/A,STIPostImmigrating,0,35,35,0,1,INFORMAL,PAUSED,21,4,0
1353,24,59.4696,F,2,3,local,STIPreEmigrating,0,42,5,0,0,INFORMAL,PAUSED,54,2,2
1353,24,59.4696,F,3,0,N/A,STIPostImmigrating,0,42,5,0,1,INFORMAL,PAUSED,54,2,3
1355,46,25.0398,F,2,1,local,STIPreEmigrating,0,21,55,0,1,INFORMAL,PAUSED,39,0,2
1355,46,25.0398,F,1,0,N/A,STIPostImmigrating,0,21,55,0,1,INFORMAL,PAUSED,39,0,1
1356,23,28.1297,F,1,2,local,STIPreEmigrating,0,33,37,0,1,INFORMAL,PAUSED,10,0,1
1356,23,28.1297,F,2,0,N/A,STIPostImmigrating,0,33,37,0,1,INFORMAL,PAUSED,10,0,2
1357,24,59.4805,F,3,2,local,STIPreEmigrating,0,42,5,0,1,INFORMAL,PAUSED,54,0,3
1357,31,33.4751,F,1,2,local,STIPreEmigrating,0,28,59,0,1,INFORMAL,PAUSED,56,0,1
1357,31,33.4751,F,2,0,N/A,STIPostImmigrating,0,28,59,0,1,INFORMAL,PAUSED,56,0,2
1357,24,59.4805,F,2,0,N/A,STIPostImmigrating,0,42,5,0,0,INFORMAL,NORMAL,54,2,2
1359,16,26.2719,F,3,2,local,STIPreEmigrating,0,39,1,0,1,INFORMAL,PAUSED,49,0,3
1359,16,26.2719,F,2,0,N/A,STIPostImmigrating,0,39,1,0,1,INFORMAL,PAUSED,49,0,2
1361,41,20.8387,M,4,3,local,STIPreEmigrating,0,29,15,0,1,INFORMAL,PAUSED,20,4,0
1361,41,20.8387,M,3,0,N/A,STIPostImmigrating,0,29,15,0,1,INFORMAL,PAUSED,20,3,0
1364,68,36.8488,M,4,3,local,STIPreEmigrating,0,35,35,0,1,INFORMAL,PAUSED,21,4,0
1364,68,36.8488,M,3,0,N/A,STIPostImmigrating,0,35,35,0,1,INFORMAL,PAUSED,21,3,0
1365,59,22.6354,M,2,4,local,STIPreEmigrating,0,32,39,0,1,INFORMAL,PAUSED,60,2,0
1365,59,22.6354,M,4,0,N/A,STIPostImmigrating,0,32,39,0,1,INFORMAL,NORMAL,60,4,4
1368,32,16.6739,F,2,3,local,STIPreEmigrating,0,41,5,0,1,INFORMAL,PAUSED,69,0,2
1368,32,16.6739,F,3,0,N/A,STIPostImmigrating,0,41,5,0,0,INFORMAL,NORMAL,69,3,3
1371,35,63.4697,F,1,2,local,STIPreEmigrating,0,43,2,0,0,INFORMAL,PAUSED,22,1,1
1371,35,63.4697,F,2,0,N/A,STIPostImmigrating,0,43,2,0,1,INFORMAL,PAUSED,22,1,2
1374,31,33.5217,F,2,4,local,STIPreEmigrating,0,28,59,0,1,INFORMAL,PAUSED,56,0,2
1374,31,33.5217,F,4,0,N/A,STIPostImmigrating,0,28,59,0,1,INFORMAL,PAUSED,56,0,4
1379,42,20.4111,M,3,1,local,STIPreEmigrating,0,24,140,0,1,INFORMAL,PAUSED,51,3,3
1379,42,20.4111,M,1,0,N/A,STIPostImmigrating,0,24,140,0,1,INFORMAL,PAUSED,51,1,3
1381,10,28.8402,M,3,1,local,STIPreEmigrating,0,33,37,0,1,INFORMAL,PAUSED,23,3,0
1381,10,28.8402,M,1,0,N/A,STIPostImmigrating,0,33,37,0,1,INFORMAL,PAUSED,23,1,0
1384,22,68.4154,M,1,2,local,STIPreEmigrating,0,43,2,0,0,INFORMAL,PAUSED,35,1,0
1384,22,68.4154,M,2,0,N/A,STIPostImmigrating,0,43,2,0,1,INFORMAL,NORMAL,35,2,2
1386,46,25.1248,F,1,4,local,STIPreEmigrating,0,21,55,0,1,INFORMAL,PAUSED,39,0,1
1386,46,25.1248,F,4,0,N/A,STIPostImmigrating,0,21,55,0,1,INFORMAL,NORMAL,39,4,4
1394,42,20.4522,M,1,2,local,STIPreEmigrating,0,24,140,0,1,INFORMAL,PAUSED,51,1,0
1394,42,20.4522,M,2,0,N/A,STIPostImmigrating,0,24,140,0,1,INFORMAL,PAUSED,51,2,0
1397,49,33.219,M,4,1,local,STIPreEmigrating,0,39,1,0,1,INFORMAL,PAUSED,16,4,0
1397,49,33.219,M,1,0,N/A,STIPostImmigrating,0,39,1,0,1,INFORMAL,PAUSED,16,1,0
1400,5,51.255,M,4,1,local,STIPreEmigrating,0,38,30,0,0,INFORMAL,PAUSED,33,4,0
1400,5,51.255,M,1,0,N/A,STIPostImmigrating,0,38,30,0,1,INFORMAL,PAUSED,33,1,0
1401,24,59.6011,F,2,3,local,STIPreEmigrating,0,42,24,0,0,INFORMAL,PAUSED,54,2,2
1401,24,59.6011,F,3,0,N/A,STIPostImmigrating,0,42,24,0,1,INFORMAL,PAUSED,54,2,3
1405,56,43.1582,M,3,1,local,STIPreEmigrating,0,28,59,0,1,INFORMAL,PAUSED,31,3,0
1405,56,43.1582,M,1,0,N/A,STIPostImmigrating,0,28,59,0,1,INFORMAL,PAUSED,31,1,0
1406,32,16.778,F,3,4,local,STIPreEmigrating,0,41,15,0,0,INFORMAL,PAUSED,69,3,3
1406,32,16.778,F,4,0,N/A,STIPostImmigrating,0,41,15,0,1,INFORMAL,PAUSED,69,3,4
1410,23,28.2776,F,2,3,local,STIPreEmigrating,0,33,37,0,1,INFORMAL,PAUSED,10,0,2
1410,23,28.2776,F,3,0,N/A,STIPostImmigrating,0,33,37,0,1,INFORMAL,PAUSED,10,0,3
1411,24,59.6285,F,3,2,local,STIPreEmigrating,0,42,24,0,1,INFORMAL,PAUSED,54,0,3
1411,35,63.5793,F,2,1,local,STIPreEmigrating,0,43,9,0,1,INFORMAL,PAUSED,22,2,2
1411,35,63.5793,F,1,0,N/A,STIPostImmigrating,0,43,9,0,1,INFORMAL,PAUSED,22,2,1
1411,24,59.6285,F,2,0,N/A,STIPostImmigrating,0,42,24,0,0,INFORMAL,NORMAL,54,2,2
1419,35,63.6013,F,1,2,local,STIPreEmigrating,0,43,9,0,1,INFORMAL,PAUSED,22,0,1
1419,35,63.6013,F,2,0,N/A,STIPostImmigrating,0,43,9,0,1,INFORMAL,NORMAL,22,2,2
1421,49,33.2847,M,1,4,local,STIPreEmigrating,0,39,1,0,1,INFORMAL,PAUSED,16,1,0
1421,49,33.2847,M,4,0,N/A,STIPostImmigrating,0,39,1,0,1,INFORMAL,PAUSED,16,4,0
1424,10,28.958,M,1,3,local,STIPreEmigrating,0,33,37,0,1,INFORMAL,PAUSED,23,1,0
1424,10,28.958,M,3,0,N/A,STIPostImmigrating,0,33,37,0,1,INFORMAL,NORMAL,23,3,3
1425,42,20.5372,M,2,1,local,STIPreEmigrating,0,24,140,0,1,INFORMAL,PAUSED,51,2,0
1425,42,20.5372,M,1,0,N/A,STIPostImmigrating,0,24,140,0,1,INFORMAL,PAUSED,51,1,0
1427,30,34.191,F,1,4,local,STIPreEmigrating,0,44,7,0,0,INFORMAL,PAUSED,36,1,1
1427,30,34.191,F,4,0,N/A,STIPostImmigrating,0,44,7,0,1,INFORMAL,PAUSED,36,1,4
1434,29,34.412,M,4,1,local,STIPreEmigrating,0,19,43,0,1,INFORMAL,PAUSED,53,4,0
1434,29,34.412,M,1,0,N/A,STIPostImmigrating,0,19,43,0,1,INFORMAL,PAUSED,53,1,0
1435,48,40.0566,M,4,3,local,STIPreEmigrating,0,36,26,0,1,INFORMAL,PAUSED,27,4,0
1435,48,40.0566,M,3,0,N/A,STIPostImmigrating,0,36,26,0,0,INFORMAL,NORMAL,27,3,3
1438,54,59.0229,M,2,1,local,STIPreEmigrating,0,42,35,0,0,INFORMAL,PAUSED,24,2,2
1438,54,59.0229,M,1,0,N/A,STIPostImmigrating,0,42,35,0,1,INFORMAL,PAUSED,24,1,2
1439,49,33.334,M,4,3,local,STIPreEmigrating,0,39,1,0,1,INFORMAL,PAUSED,16,4,0
1439,41,21.0524,M,3,4,local,STIPreEmigrating,0,29,15,0,1,INFORMAL,PAUSED,20,3,0
1439,48,40.0675,M,3,1,local,STIPreEmigrating,0,36,28,0,0,INFORMAL,PAUSED,27,3,3
1439,48,40.0675,M,1,0,N/A,STIPostImmigrating,0,36,28,0,1,INFORMAL,PAUSED,27,1,3
1439,41,21.0524,M,4,0,N/A,STIPostImmigrating,0,29,15,0,1,INFORMAL,PAUSED,20,4,0
1439,49,33.334,M,3,0,N/A,STIPostImmigrating,0,39,1,0,1,INFORMAL,PAUSED,16,3,0
1446,30,34.2431,F,4,1,local,STIPreEmigrating,0,44,7,0,1,INFORMAL,PAUSED,36,0,4
1446,30,34.2431,F,1,0,N/A,STIPostImmigrating,0,44,7,0,0,INFORMAL,NORMAL,36,1,1
1447,61,15.302,F,1,4,local,STIPreEmigrating,0,40,34,0,1,INFORMAL,PAUSED,62,0,1
1447,61,15.302,F,4,0,N/A,STIPostImmigrating,0,40,34,0,1,INFORMAL,NORMAL,62,4,4
1452,32,16.9041,F,4,3,local,STIPreEmigrating,0,41,15,0,1,INFORMAL,PAUSED,69,0,4
1452,32,16.9041,F,3,0,N/A,STIPostImmigrating,0,41,15,0,0,INFORMAL,NORMAL,69,3,3
1453,61,15.3185,F,4,3,local,STIPreEmigrating,0,40,36,0,1,INFORMAL,PAUSED,62,4,4
1453,61,15.3185,F,3,0,N/A,STIPostImmigrating,0,40,36,0,1,INFORMAL,PAUSED,62,4,3
1458,54,59.0777,M,1,4,local,STIPreEmigrating,0,42,35,0,1,INFORMAL,PAUSED,24,1,0
1458,54,59.0777,M,4,0,N/A,STIPostImmigrating,0,42,35,0,1,INFORMAL,PAUSED,24,4,0
1459,59,22.8929,M,4,2,local,STIPreEmigrating,0,45,6,0,0,INFORMAL,PAUSED,46,4,4
1459,59,22.8929,M,2,0,N/A,STIPostImmigrating,0,45,6,0,1,INFORMAL,PAUSED,46,2,4
1460,56,43.3088,M,1,3,local,STIPreEmigrating,0,28,59,0,1,INFORMAL,PAUSED,31,1,0
1460,56,43.3088,M,3,0,N/A,STIPostImmigrating,0,28,59,0,1,INFORMAL,PAUSED,31,3,0
1464,56,43.3198,M,3,4,local,STIPreEmigrating,0,28,59,0,1,INFORMAL,PAUSED,31,3,0
1464,35,63.7245,F,2,3,local,STIPreEmigrating,0,43,22,0,1,INFORMAL,PAUSED,22,2,2
1464,29,34.4942,M,1,4,local,STIPreEmigrating,0,19,43,0,1,INFORMAL,PAUSED,53,1,0
1464,29,34.4942,M,4,0,N/A,STIPostImmigrating,0,19,43,0,1,INFORMAL,PAUSED,53,4,0
1464,35,63.7245,F,3,0,N/A,STIPostImmigrating,0,43,22,0,1,INFORMAL,PAUSED,22,2,3
1464,56,43.3198,M,4,0,N/A,STIPostImmigrating,0,28,59,0,1,INFORMAL,NORMAL,31,4,4
1465,30,34.2951,F,1,4,local,STIPreEmigrating,0,44,13,0,0,INFORMAL,PAUSED,36,1,1
1465,30,34.2951,F,4,0,N/A,STIPostImmigrating,0,44,13,0,1,INFORMAL,PAUSED,36,1,4
1469,33,47.2764,F,3,4,local,STIPreEmigrating,0,38,30,0,1,INFORMAL,PAUSED,5,0,3
1469,33,47.2764,F,4,0,N/A,STIPostImmigrating,0,38,30,0,1,INFORMAL,PAUSED,5,0,4
1472,4,40.9917,F,4,3,local,STIPreEmigrating,0,46,12,0,0,INFORMAL,PAUSED,40,4,4
1472,4,40.9917,F,3,0,N/A,STIPostImmigrating,0,46,12,0,1,INFORMAL,PAUSED,40,4,3
1477,69,19.2704,M,3,4,local,STIPreEmigrating,0,41,28,0,0,INFORMAL,PAUSED,32,3,3
1477,69,19.2704,M,4,0,N/A,STIPostImmigrating,0,41,28,0,1,INFORMAL,PAUSED,32,4,3
1478,54,59.1325,M,4,1,local,STIPreEmigrating,0,42,35,0,1,INFORMAL,PAUSED,24,4,0
1478,54,59.1325,M,1,0,N/A,STIPostImmigrating,0,42,35,0,1,INFORMAL,PAUSED,24,1,0
1481,53,26.9797,F,3,4,local,STIPreEmigrating,0,19,43,0,1,INFORMAL,PAUSED,29,0,3
1481,53,26.9797,F,4,0,N/A,STIPostImmigrating,0,19,43,0,1,INFORMAL,NORMAL,29,4,4
1487,41,21.1839,M,4,2,local,STIPreEmigrating,0,29,15,0,1,INFORMAL,PAUSED,20,4,0
1487,41,21.1839,M,2,0,N/A,STIPostImmigrating,0,29,15,0,1,INFORMAL,PAUSED,20,2,0
1489,21,30.5497,F,2,4,local,STIPreEmigrating,0,35,35,0,1,INFORMAL,PAUSED,68,0,2
1489,21,30.5497,F,4,0,N/A,STIPostImmigrating,0,35,35,0,1,INFORMAL,PAUSED,68,0,4
1491,62,16.853,M,4,1,local,STIPreEmigrating,0,40,36,0,1,INFORMAL,PAUSED,61,4,0
1491,5,51.5043,M,1,4,local,STIPreEmigrating,0,38,30,0,1,INFORMAL,PAUSED,33,1,0
1491,5,51.5043,M,4,0,N/A,STIPostImmigrating,0,38,30,0,1,INFORMAL,NORMAL,33,4,4
1491,62,16.853,M,1,0,N/A,STIPostImmigrating,0,40,36,0,1,INFORMAL,PAUSED,61,1,0
1494,23,28.5078,F,3,2,local,STIPreEmigrating,0,33,59,0,1,INFORMAL,PAUSED,10,3,3
1494,23,28.5078,F,2,0,N/A,STIPostImmigrating,0,33,59,0,1,INFORMAL,PAUSED,10,3,2
1496,33,47.3504,F,4,3,local,STIPreEmigrating,0,38,31,0,1,INFORMAL,PAUSED,5,4,4
1496,33,47.3504,F,3,0,N/A,STIPostImmigrating,0,38,31,0,1,INFORMAL,PAUSED,5,4,3
1503,18,66.9476,F,3,1,local,STIPreEmigrating,0,37,4,0,0,INFORMAL,PAUSED,15,0,3
1503,18,66.9476,F,1,0,N/A,STIPostImmigrating,0,37,4,0,1,INFORMAL,PAUSED,15,0,1
1504,24,59.8833,F,2,3,local,STIPreEmigrating,0,42,35,0,0,INFORMAL,PAUSED,54,0,2
1504,24,59.8833,F,3,0,N/A,STIPostImmigrating,0,42,35,0,1,INFORMAL,PAUSED,54,0,3
1505,23,28.5379,F,2,4,local,STIPreEmigrating,0,33,59,0,1,INFORMAL,PAUSED,10,0,2
1505,23,28.5379,F,4,0,N/A,STIPostImmigrating,0,33,59,0,1,INFORMAL,PAUSED,10,0,4
1507,42,20.7618,M,1,4,local,STIPreEmigrating,0,47,3,0,0,INFORMAL,PAUSED,64,1,1
1507,42,20.7618,M,4,0,N/A,STIPostImmigrating,0,47,3,0,1,INFORMAL,PAUSED,64,4,1
1509,59,23.0299,M,2,1,local,STIPreEmigrating,0,45,6,0,1,INFORMAL,PAUSED,46,2,0
1509,59,23.0299,M,1,0,N/A,STIPostImmigrating,0,45,6,0,1,INFORMAL,PAUSED,46,1,0
1511,64,19.0058,F,1,3,local,STIPreEmigrating,0,47,3,0,0,INFORMAL,PAUSED,42,0,1
1511,64,19.0058,F,3,0,N/A,STIPostImmigrating,0,47,3,0,1,INFORMAL,PAUSED,42,0,3
1513,41,21.2551,M,2,4,local,STIPreEmigrating,0,29,15,0,1,INFORMAL,PAUSED,20,2,0
1513,41,21.2551,M,4,0,N/A,STIPostImmigrating,0,29,15,0,1,INFORMAL,PAUSED,20,4,0
1514,10,29.2046,M,3,1,local,STIPreEmigrating,0,33,59,0,1,INFORMAL,PAUSED,23,3,0
1514,10,29.2046,M,1,0,N/A,STIPostImmigrating,0,33,59,0,1,INFORMAL,PAUSED,23,1,0
1516,54,59.2366,M,1,2,local,STIPreEmigrating,0,42,35,0,1,INFORMAL,PAUSED,24,1,0
1516,54,59.2366,M,2,0,N/A,STIPostImmigrating,0,42,35,0,1,INFORMAL,PAUSED,24,2,0
1519,27,33.3285,F,3,2,local,STIPreEmigrating,0,36,28,0,0,INFORMAL,PAUSED,48,0,3
1519,27,33.3285,F,2,0,N/A,STIPostImmigrating,0,36,28,0,1,INFORMAL,PAUSED,48,0,2
1524,24,59.9381,F,3,1,local,STIPreEmigrating,0,42,35,0,1,INFORMAL,PAUSED,54,0,3
1524,24,59.9381,F,1,0,N/A,STIPostImmigrating,0,42,35,0,1,INFORMAL,PAUSED,54,0,1
1542,46,25.5522,F,4,1,local,STIPreEmigrating,0,45,6,0,0,INFORMAL,PAUSED,59,0,4
1542,46,25.5522,F,1,0,N/A,STIPostImmigrating,0,45,6,0,1,INFORMAL,NORMAL,59,1,1
1543,16,26.776,F,2,3,local,STIPreEmigrating,0,39,1,0,1,INFORMAL,PAUSED,49,0,2
1543,16,26.776,F,3,0,N/A,STIPostImmigrating,0,39,1,0,1,INFORMAL,NORMAL,49,3,3
1548,62,17.0091,M,1,2,local,STIPreEmigrating,0,40,36,0,1,INFORMAL,PAUSED,61,1,0
1548,62,17.0091,M,2,0,N/A,STIPostImmigrating,0,40,36,0,1,INFORMAL,PAUSED,61,2,0
1551,33,47.5011,F,3,4,local,STIPreEmigrating,0,38,31,0,1,INFORMAL,PAUSED,5,0,3
1551,33,47.5011,F,4,0,N/A,STIPostImmigrating,0,38,31,0,1,INFORMAL,NORMAL,5,4,4
1552,46,25.5796,F,1,2,local,STIPreEmigrating,0,45,7,0,1,INFORMAL,PAUSED,59,1,1
1552,46,25.5796,F,2,0,N/A,STIPostImmigrating,0,45,7,0,1,INFORMAL,PAUSED,59,1,2
1554,27,33.4244,F,2,3,local,STIPreEmigrating,0,36,28,0,1,INFORMAL,PAUSED,48,0,2
1554,27,33.4244,F,3,0,N/A,STIPostImmigrating,0,36,28,0,1,INFORMAL,PAUSED,48,0,3
1557,29,34.749,M,4,2,local,STIPreEmigrating,0,48,8,0,0,INFORMAL,PAUSED,53,4,4
1557,29,34.749,M,2,0,N/A,STIPostImmigrating,0,48,8,0,1,INFORMAL,PAUSED,53,2,4
1562,42,20.9125,M,4,1,local,STIPreEmigrating,0,47,3,0,1,INFORMAL,PAUSED,64,4,0
1562,42,20.9125,M,1,0,N/A,STIPostImmigrating,0,47,3,0,1,INFORMAL,PAUSED,64,1,0
1563,68,37.394,M,3,1,local,STIPreEmigrating,0,35,35,0,1,INFORMAL,PAUSED,21,3,0
1563,68,37.394,M,1,0,N/A,STIPostImmigrating,0,35,35,0,1,INFORMAL,PAUSED,21,1,0
1564,42,20.918,M,1,3,local,STIPreEmigrating,0,47,3,0,1,INFORMAL,PAUSED,64,1,0
1564,42,20.918,M,3,0,N/A,STIPostImmigrating,0,47,3,0,1,INFORMAL,NORMAL,64,3,3
1568,29,34.7792,M,2,4,local,STIPreEmigrating,0,48,8,0,1,INFORMAL,PAUSED,53,2,0
1568,29,34.7792,M,4,0,N/A,STIPostImmigrating,0,48,8,0,0,INFORMAL,NORMAL,53,4,4
1569,41,21.4085,M,4,1,local,STIPreEmigrating,0,29,15,0,1,INFORMAL,PAUSED,20,4,0
1569,4,41.2575,F,3,1,local,STIPreEmigrating,0,46,12,0,1,INFORMAL,PAUSED,40,0,3
1569,4,41.2575,F,1,0,N/A,STIPostImmigrating,0,46,12,0,1,INFORMAL,PAUSED,40,0,1
1569,41,21.4085,M,1,0,N/A,STIPostImmigrating,0,29,15,0,1,INFORMAL,NORMAL,20,1,1
1571,23,28.7187,F,4,2,local,STIPreEmigrating,0,33,59,0,1,INFORMAL,PAUSED,10,0,4
1571,23,28.7187,F,2,0,N/A,STIPostImmigrating,0,33,59,0,1,INFORMAL,PAUSED,10,0,2
1575,21,30.7853,F,4,2,local,STIPreEmigrating,0,35,35,0,1,INFORMAL,PAUSED,68,0,4
1575,21,30.7853,F,2,0,N/A,STIPostImmigrating,0,35,35,0,1,INFORMAL,PAUSED,68,0,2
1581,10,29.3882,M,1,2,local,STIPreEmigrating,0,33,59,0,1,INFORMAL,PAUSED,23,1,0
1581,10,29.3882,M,2,0,N/A,STIPostImmigrating,0,33,59,0,1,INFORMAL,NORMAL,23,2,2
1585,16,26.8911,F,3,1,local,STIPreEmigrating,0,39,15,0,1,INFORMAL,PAUSED,49,3,3
1585,41,21.4524,M,1,4,local,STIPreEmigrating,0,29,23,0,1,INFORMAL,PAUSED,20,1,1
1585,41,21.4524,M,4,0,N/A,STIPostImmigrating,0,29,23,0,1,INFORMAL,PAUSED,20,4,1
1585,16,26.8911,F,1,0,N/A,STIPostImmigrating,0,39,15,0,1,INFORMAL,PAUSED,49,3,1
1586,46,25.6727,F,2,1,local,STIPreEmigrating,0,45,7,0,1,INFORMAL,PAUSED,59,0,2
1586,46,25.6727,F,1,0,N/A,STIPostImmigrating,0,45,7,0,1,INFORMAL,NORMAL,59,1,1
1590,5,51.7755,M,4,3,local,STIPreEmigrating,0,38,42,0,1,INFORMAL,PAUSED,33,4,4
1590,48,40.4812,M,1,3,local,STIPreEmigrating,0,36,28,0,1,INFORMAL,PAUSED,27,1,0
1590,48,40.4812,M,3,0,N/A,STIPostImmigrating,0,36,28,0,1,INFORMAL,NORMAL,27,3,3
1590,5,51.7755,M,3,0,N/A,STIPostImmigrating,0,38,42,0,1,INFORMAL,PAUSED,33,3,4
1592,16,26.9102,F,1,3,local,STIPreEmigrating,0,39,15,0,1,INFORMAL,PAUSED,49,0,1
1592,16,26.9102,F,3,0,N/A,STIPostImmigrating,0,39,15,0,1,INFORMAL,NORMAL,49,3,3
1606,53,27.3221,F,4,1,local,STIPreEmigrating,0,48,23,0,0,INFORMAL,PAUSED,29,4,4
1606,53,27.3221,F,1,0,N/A,STIPostImmigrating,0,48,23,0,1,INFORMAL,PAUSED,29,4,1
1613,6,48.9524,M,4,1,local,STIPreEmigrating,0,49,37,0,0,INFORMAL,PAUSED,26,4,4
1613,6,48.9524,M,1,0,N/A,STIPostImmigrating,0,49,37,0,1,INFORMAL,PAUSED,26,1,4
1614,41,21.5318,M,4,2,local,STIPreEmigrating,0,29,23,0,1,INFORMAL,PAUSED,20,4,0
1614,41,21.5318,M,2,0,N/A,STIPostImmigrating,0,29,23,0,1,INFORMAL,PAUSED,20,2,0
1615,16,26.9732,F,3,1,local,STIPreEmigrating,0,39,27,0,1,INFORMAL,PAUSED,49,3,3
1615,16,26.9732,F,1,0,N/A,STIPostImmigrating,0,39,27,0,1,INFORMAL,PAUSED,49,3,1
1616,5,51.8468,M,3,4,local,STIPreEmigrating,0,38,42,0,1,INFORMAL,PAUSED,33,3,0
1616,5,51.8468,M,4,0,N/A,STIPostImmigrating,0,38,42,0,1,INFORMAL,NORMAL,33,4,4
1622,29,34.9271,M,4,2,local,STIPreEmigrating,0,48,23,0,0,INFORMAL,PAUSED,53,4,0
1622,29,34.9271,M,2,0,N/A,STIPostImmigrating,0,48,23,0,1,INFORMAL,PAUSED,53,2,0
1623,18,67.2764,F,1,4,local,STIPreEmigrating,0,37,4,0,1,INFORMAL,PAUSED,15,0,1
1623,18,67.2764,F,4,0,N/A,STIPostImmigrating,0,37,4,0,1,INFORMAL,NORMAL,15,4,4
1634,59,23.3723,M,1,2,local,STIPreEmigrating,0,45,22,0,1,INFORMAL,PAUSED,46,1,1
1634,59,23.3723,M,2,0,N/A,STIPostImmigrating,0,45,22,0,1,INFORMAL,PAUSED,46,2,1
1636,33,47.734,F,4,3,local,STIPreEmigrating,0,38,46,0,1,INFORMAL,PAUSED,5,4,4
1636,33,47.734,F,3,0,N/A,STIPostImmigrating,0,38,46,0,1,INFORMAL,PAUSED,5,4,3
1641,31,34.2532,F,2,3,local,STIPreEmigrating,0,51,24,0,0,INFORMAL,PAUSED,52,2,2
1641,54,59.5791,M,2,1,local,STIPreEmigrating,0,42,35,0,1,INFORMAL,PAUSED,24,2,0
1641,54,59.5791,M,1,0,N/A,STIPostImmigrating,0,42,35,0,1,INFORMAL,NORMAL,24,1,1
1641,31,34.2532,F,3,0,N/A,STIPostImmigrating,0,51,24,0,1,INFORMAL,PAUSED,52,2,3
1642,48,40.6237,M,3,4,local,STIPreEmigrating,0,36,41,0,1,INFORMAL,PAUSED,27,3,3
1642,48,40.6237,M,4,0,N/A,STIPostImmigrating,0,36,41,0,1,INFORMAL,PAUSED,27,4,3
1645,59,23.4025,M,2,1,local,STIPreEmigrating,0,45,22,0,1,INFORMAL,PAUSED,46,2,0
1645,16,27.0554,F,1,3,local,STIPreEmigrating,0,39,27,0,1,INFORMAL,PAUSED,49,0,1
1645,16,27.0554,F,3,0,N/A,STIPostImmigrating,0,39,27,0,1,INFORMAL,NORMAL,49,3,3
1645,59,23.4025,M,1,0,N/A,STIPostImmigrating,0,45,22,0,1,INFORMAL,NORMAL,46,1,1
1654,53,27.4536,F,1,4,local,STIPreEmigrating,0,48,23,0,1,INFORMAL,PAUSED,29,0,1
1654,53,27.4536,F,4,0,N/A,STIPostImmigrating,0,48,23,0,1,INFORMAL,PAUSED,29,0,4
1657,62,17.3078,M,2,1,local,STIPreEmigrating,0,40,36,0,1,INFORMAL,PAUSED,61,2,0
1657,62,17.3078,M,1,0,N/A,STIPostImmigrating,0,40,36,0,1,INFORMAL,PAUSED,61,1,0
1659,46,25.8727,F,1,4,local,STIPreEmigrating,0,45,31,0,1,INFORMAL,PAUSED,59,1,1
1659,46,25.8727,F,4,0,N/A,STIPostImmigrating,0,45,31,0,1,INFORMAL,PAUSED,59,1,4
1661,46,25.8782,F,4,1,local,STIPreEmigrating,0,45,31,0,1,INFORMAL,PAUSED,59,0,4
1661,46,25.8782,F,1,0,N/A,STIPostImmigrating,0,45,31,0,1,INFORMAL,NORMAL,59,1,1
1663,40,49.9411,M,4,3,local,STIPreEmigrating,0,46,12,0,0,INFORMAL,PAUSED,4,4,0
1663,40,49.9411,M,3,0,N/A,STIPostImmigrating,0,46,12,0,1,INFORMAL,PAUSED,4,3,0
1666,54,59.6476,M,1,2,local,STIPreEmigrating,0,42,44,0,1,INFORMAL,PAUSED,24,1,1
1666,54,59.6476,M,2,0,N/A,STIPostImmigrating,0,42,44,0,1,INFORMAL,PAUSED,24,2,1
1667,49,33.9587,M,3,4,local,STIPreEmigrating,0,39,40,0,1,INFORMAL,PAUSED,16,3,3
1667,49,33.9587,M,4,0,N/A,STIPostImmigrating,0,39,40,0,1,INFORMAL,PAUSED,16,4,3
1669,31,34.3299,F,3,2,local,STIPreEmigrating,0,51,24,0,1,INFORMAL,PAUSED,52,0,3
1669,35,64.2862,F,3,2,local,STIPreEmigrating,0,43,22,0,1,INFORMAL,PAUSED,22,0,3
1669,35,64.2862,F,2,0,N/A,STIPostImmigrating,0,43,22,0,1,INFORMAL,NORMAL,22,2,2
1669,31,34.3299,F,2,0,N/A,STIPostImmigrating,0,51,24,0,0,INFORMAL,NORMAL,52,2,2
1672,52,41.7326,M,2,3,local,STIPreEmigrating,0,51,25,0,0,INFORMAL,PAUSED,31,2,2
1672,52,41.7326,M,3,0,N/A,STIPostImmigrating,0,51,25,0,1,INFORMAL,PAUSED,31,3,2
1673,29,35.0668,M,2,4,local,STIPreEmigrating,0,48,23,0,1,INFORMAL,PAUSED,53,2,0
1673,29,35.0668,M,4,0,N/A,STIPostImmigrating,0,48,23,0,1,INFORMAL,NORMAL,53,4,4
1675,61,15.9267,F,3,4,local,STIPreEmigrating,0,40,36,0,1,INFORMAL,PAUSED,62,0,3
1675,61,15.9267,F,4,0,N/A,STIPostImmigrating,0,40,36,0,1,INFORMAL,PAUSED,62,0,4
1677,35,64.3081,F,2,3,local,STIPreEmigrating,0,43,25,0,1,INFORMAL,PAUSED,22,2,2
1677,35,64.3081,F,3,0,N/A,STIPostImmigrating,0,43,25,0,1,INFORMAL,PAUSED,22,2,3
1678,46,25.9248,F,1,4,local,STIPreEmigrating,0,45,39,0,1,INFORMAL,PAUSED,59,1,1
1678,46,25.9248,F,4,0,N/A,STIPostImmigrating,0,45,39,0,1,INFORMAL,PAUSED,59,1,4
1681,53,27.5276,F,4,1,local,STIPreEmigrating,0,48,27,0,1,INFORMAL,PAUSED,29,4,4
1681,53,27.5276,F,1,0,N/A,STIPostImmigrating,0,48,27,0,1,INFORMAL,PAUSED,29,4,1
1686,16,27.1678,F,3,4,local,STIPreEmigrating,0,39,40,0,1,INFORMAL,PAUSED,49,0,3
1686,16,27.1678,F,4,0,N/A,STIPostImmigrating,0,39,40,0,1,INFORMAL,NORMAL,49,4,4
1696,16,27.1952,F,4,3,local,STIPreEmigrating,0,39,43,0,1,INFORMAL,PAUSED,49,4,4
1696,69,19.8704,M,2,4,local,STIPreEmigrating,0,50,57,0,0,INFORMAL,PAUSED,32,2,2
1696,69,19.8704,M,4,0,N/A,STIPostImmigrating,0,50,57,0,1,INFORMAL,PAUSED,32,4,2
1696,16,27.1952,F,3,0,N/A,STIPostImmigrating,0,39,43,0,1,INFORMAL,PAUSED,49,4,3
1700,52,41.8093,M,3,4,local,STIPreEmigrating,0,51,25,0,1,INFORMAL,PAUSED,31,3,0
1700,6,49.1908,M,1,3,local,STIPreEmigrating,0,49,37,0,1,INFORMAL,PAUSED,26,1,0
1700,6,49.1908,M,3,0,N/A,STIPostImmigrating,0,49,37,0,1,INFORMAL,PAUSED,26,3,0
1700,52,41.8093,M,4,0,N/A,STIPostImmigrating,0,51,25,0,1,INFORMAL,PAUSED,31,4,0
1702,51,19.0368,F,3,2,local,STIPreEmigrating,0,52,11,0,0,INFORMAL,PAUSED,39,3,3
1702,51,19.0368,F,2,0,N/A,STIPostImmigrating,0,52,11,0,1,INFORMAL,PAUSED,39,3,2
1703,68,37.7776,M,1,3,local,STIPreEmigrating,0,35,35,0,1,INFORMAL,PAUSED,21,1,0
1703,68,37.7776,M,3,0,N/A,STIPostImmigrating,0,35,35,0,1,INFORMAL,PAUSED,21,3,0
1704,41,21.7784,M,2,4,local,STIPreEmigrating,0,29,23,0,1,INFORMAL,PAUSED,20,2,0
1704,41,21.7784,M,4,0,N/A,STIPostImmigrating,0,29,23,0,1,INFORMAL,PAUSED,20,4,0
1705,31,34.4285,F,2,1,local,STIPreEmigrating,0,51,25,0,0,INFORMAL,PAUSED,52,0,2
1705,31,34.4285,F,1,0,N/A,STIPostImmigrating,0,51,25,0,1,INFORMAL,PAUSED,52,0,1
1707,23,29.0913,F,2,3,local,STIPreEmigrating,0,33,96,0,1,INFORMAL,PAUSED,10,2,2
1707,23,29.0913,F,3,0,N/A,STIPostImmigrating,0,33,96,0,1,INFORMAL,PAUSED,10,2,3
1710,30,34.9664,F,4,1,local,STIPreEmigrating,0,44,13,0,1,INFORMAL,PAUSED,36,0,4
1710,41,21.7948,M,4,1,local,STIPreEmigrating,0,29,23,0,1,INFORMAL,PAUSED,20,4,0
1710,41,21.7948,M,1,0,N/A,STIPostImmigrating,0,29,23,0,1,INFORMAL,NORMAL,20,1,1
1710,30,34.9664,F,1,0,N/A,STIPostImmigrating,0,44,13,0,0,INFORMAL,NORMAL,36,1,1
1714,6,49.2292,M,3,1,local,STIPreEmigrating,0,49,37,0,1,INFORMAL,PAUSED,26,3,0
1714,6,49.2292,M,1,0,N/A,STIPostImmigrating,0,49,37,0,1,INFORMAL,PAUSED,26,1,0
1716,29,35.1846,M,4,3,local,STIPreEmigrating,0,48,27,0,1,INFORMAL,PAUSED,53,4,0
1716,49,34.093,M,4,3,local,STIPreEmigrating,0,39,43,0,1,INFORMAL,PAUSED,16,4,0
1716,69,19.9252,M,4,1,local,STIPreEmigrating,0,50,57,0,1,INFORMAL,PAUSED,32,4,0
1716,69,19.9252,M,1,0,N/A,STIPostImmigrating,0,50,57,0,1,INFORMAL,PAUSED,32,1,0
1716,49,34.093,M,3,0,N/A,STIPostImmigrating,0,39,43,0,1,INFORMAL,NORMAL,16,3,3
1716,29,35.1846,M,3,0,N/A,STIPostImmigrating,0,48,27,0,1,INFORMAL,PAUSED,53,3,0
1717,69,19.9279,M,1,4,local,STIPreEmigrating,0,50,57,0,1,INFORMAL,PAUSED,32,1,0
1717,69,19.9279,M,4,0,N/A,STIPostImmigrating,0,50,57,0,1,INFORMAL,PAUSED,32,4,0
1721,62,17.4831,M,1,3,local,STIPreEmigrating,0,40,36,0,1,INFORMAL,PAUSED,61,1,0
1721,62,17.4831,M,3,0,N/A,STIPostImmigrating,0,40,36,0,1,INFORMAL,PAUSED,61,3,0
1724,35,64.4369,F,3,2,local,STIPreEmigrating,0,43,25,0,1,INFORMAL,PAUSED,22,0,3
1724,35,64.4369,F,2,0,N/A,STIPostImmigrating,0,43,25,0,1,INFORMAL,NORMAL,22,2,2
1726,33,47.9805,F,3,4,local,STIPreEmigrating,0,38,46,0,1,INFORMAL,PAUSED,5,0,3
1726,20,21.3997,F,1,3,local,STIPreEmigrating,0,29,29,0,1,INFORMAL,PAUSED,41,1,1
1726,20,21.3997,F,3,0,N/A,STIPostImmigrating,0,29,29,0,1,INFORMAL,PAUSED,41,1,3
1726,33,47.9805,F,4,0,N/A,STIPostImmigrating,0,38,46,0,1,INFORMAL,NORMAL,5,4,4
1730,64,19.6058,F,3,4,local,STIPreEmigrating,0,47,57,0,1,INFORMAL,PAUSED,42,3,3
1730,22,69.3633,M,2,1,local,STIPreEmigrating,0,43,26,0,1,INFORMAL,PAUSED,35,2,2
1730,22,69.3633,M,1,0,N/A,STIPostImmigrating,0,43,26,0,1,INFORMAL,PAUSED,35,1,2
1730,64,19.6058,F,4,0,N/A,STIPostImmigrating,0,47,57,0,1,INFORMAL,PAUSED,42,3,4
1737,5,52.1783,M,4,3,local,STIPreEmigrating,0,38,49,0,1,INFORMAL,PAUSED,33,4,4
1737,5,52.1783,M,3,0,N/A,STIPostImmigrating,0,38,49,0,1,INFORMAL,PAUSED,33,3,4
1742,69,19.9964,M,4,2,local,STIPreEmigrating,0,50,57,0,1,INFORMAL,PAUSED,32,4,0
1742,69,19.9964,M,2,0,N/A,STIPostImmigrating,0,50,57,0,0,INFORMAL,NORMAL,32,2,2
1745,40,50.1657,M,3,1,local,STIPreEmigrating,0,46,12,0,1,INFORMAL,PAUSED,4,3,0
1745,40,50.1657,M,1,0,N/A,STIPostImmigrating,0,46,12,0,1,INFORMAL,NORMAL,4,1,1
1747,36,47.728,M,1,3,local,STIPreEmigrating,0,44,29,0,0,INFORMAL,PAUSED,30,1,1
1747,22,69.4099,M,1,3,local,STIPreEmigrating,0,43,26,0,1,INFORMAL,PAUSED,35,1,0
1747,22,69.4099,M,3,0,N/A,STIPostImmigrating,0,43,26,0,1,INFORMAL,PAUSED,35,3,0
1747,36,47.728,M,3,0,N/A,STIPostImmigrating,0,44,29,0,1,INFORMAL,PAUSED,30,3,1
1752,39,34.966,M,3,2,local,STIPreEmigrating,0,52,11,0,0,INFORMAL,PAUSED,51,3,0
1752,53,27.7221,F,1,4,local,STIPreEmigrating,0,48,27,0,1,INFORMAL,PAUSED,29,0,1
1752,53,27.7221,F,4,0,N/A,STIPostImmigrating,0,48,27,0,1,INFORMAL,PAUSED,29,0,4
1752,39,34.966,M,2,0,N/A,STIPostImmigrating,0,52,11,0,1,INFORMAL,NORMAL,51,2,2
1755,51,19.182,F,2,1,local,STIPreEmigrating,0,52,11,0,1,INFORMAL,PAUSED,39,2,2
1755,51,19.182,F,1,0,N/A,STIPostImmigrating,0,52,11,0,1,INFORMAL,PAUSED,39,2,1
1757,16,27.3623,F,3,1,local,STIPreEmigrating,0,39,56,0,1,INFORMAL,PAUSED,49,3,3
1757,49,34.2053,M,3,4,local,STIPreEmigrating,0,39,56,0,1,INFORMAL,PAUSED,16,3,0
1757,49,34.2053,M,4,0,N/A,STIPostImmigrating,0,39,56,0,1,INFORMAL,PAUSED,16,4,0
1757,16,27.3623,F,1,0,N/A,STIPostImmigrating,0,39,56,0,1,INFORMAL,PAUSED,49,4,1
1758,23,29.2311,F,3,2,local,STIPreEmigrating,0,33,96,0,1,INFORMAL,PAUSED,10,0,3
1758,36,47.7581,M,3,4,local,STIPreEmigrating,0,44,29,0,1,INFORMAL,PAUSED,30,3,0
1758,32,17.7424,F,2,3,local,STIPreEmigrating,0,50,63,0,0,INFORMAL,PAUSED,69,2,2
1758,32,17.7424,F,3,0,N/A,STIPostImmigrating,0,50,63,0,1,INFORMAL,PAUSED,69,2,3
1758,36,47.7581,M,4,0,N/A,STIPostImmigrating,0,44,29,0,1,INFORMAL,PAUSED,30,4,0
1758,23,29.2311,F,2,0,N/A,STIPostImmigrating,0,33,96,0,1,INFORMAL,NORMAL,10,2,2
1759,23,29.2338,F,2,1,local,STIPreEmigrating,0,33,96,0,1,INFORMAL,PAUSED,10,2,2
1759,23,29.2338,F,1,0,N/A,STIPostImmigrating,0,33,96,0,1,INFORMAL,PAUSED,10,2,1
1765,31,34.5929,F,1,2,local,STIPreEmigrating,0,51,25,0,1,INFORMAL,PAUSED,52,0,1
1765,31,34.5929,F,2,0,N/A,STIPostImmigrating,0,51,25,0,1,INFORMAL,PAUSED,52,0,2
1769,51,19.2204,F,1,2,local,STIPreEmigrating,0,52,11,0,1,INFORMAL,PAUSED,39,0,1
1769,51,19.2204,F,2,0,N/A,STIPostImmigrating,0,52,11,0,1,INFORMAL,NORMAL,39,2,2
1771,55,29.2071,M,3,2,local,STIPreEmigrating,0,53,7,0,0,INFORMAL,PAUSED,20,3,3
1771,55,29.2071,M,2,0,N/A,STIPostImmigrating,0,53,7,0,1,INFORMAL,PAUSED,20,2,3
1772,29,35.3381,M,3,4,local,STIPreEmigrating,0,48,27,0,1,INFORMAL,PAUSED,53,3,0
1772,29,35.3381,M,4,0,N/A,STIPostImmigrating,0,48,27,0,1,INFORMAL,NORMAL,53,4,4
1774,49,34.2519,M,4,1,local,STIPreEmigrating,0,39,56,0,1,INFORMAL,PAUSED,16,4,0
1774,49,34.2519,M,1,0,N/A,STIPostImmigrating,0,39,56,0,1,INFORMAL,NORMAL,16,1,1
1775,48,40.9881,M,4,3,local,STIPreEmigrating,0,36,41,0,1,INFORMAL,PAUSED,27,4,0
1775,39,35.029,M,2,1,local,STIPreEmigrating,0,52,14,0,1,INFORMAL,PAUSED,51,2,2
1775,39,35.029,M,1,0,N/A,STIPostImmigrating,0,52,14,0,1,INFORMAL,PAUSED,51,1,2
1775,48,40.9881,M,3,0,N/A,STIPostImmigrating,0,36,41,0,1,INFORMAL,NORMAL,27,3,3
1777,4,41.8273,F,1,3,local,STIPreEmigrating,0,46,27,0,1,INFORMAL,PAUSED,40,1,1
1777,4,41.8273,F,3,0,N/A,STIPostImmigrating,0,46,27,0,1,INFORMAL,PAUSED,40,1,3
1778,31,34.6285,F,2,1,local,STIPreEmigrating,0,51,25,0,1,INFORMAL,PAUSED,52,0,2
1778,31,34.6285,F,1,0,N/A,STIPostImmigrating,0,51,25,0,1,INFORMAL,PAUSED,52,0,1
1779,55,29.2291,M,2,3,local,STIPreEmigrating,0,53,7,0,1,INFORMAL,PAUSED,20,2,0
1779,55,29.2291,M,3,0,N/A,STIPostImmigrating,0,53,7,0,0,INFORMAL,NORMAL,20,3,3
1785,24,60.6531,F,1,3,local,STIPreEmigrating,0,42,44,0,1,INFORMAL,PAUSED,54,0,1
1785,16,27.439,F,1,3,local,STIPreEmigrating,0,39,62,0,1,INFORMAL,PAUSED,49,1,1
1785,16,27.439,F,3,0,N/A,STIPostImmigrating,0,39,62,0,1,INFORMAL,PAUSED,49,1,3
1785,24,60.6531,F,3,0,N/A,STIPostImmigrating,0,42,44,0,1,INFORMAL,PAUSED,54,0,3
1789,5,52.3207,M,3,4,local,STIPreEmigrating,0,38,49,0,1,INFORMAL,PAUSED,33,3,0
1789,5,52.3207,M,4,0,N/A,STIPostImmigrating,0,38,49,0,1,INFORMAL,NORMAL,33,4,4
1791,30,35.1883,F,1,2,local,STIPreEmigrating,0,44,29,0,0,INFORMAL,PAUSED,36,0,1
1791,30,35.1883,F,2,0,N/A,STIPostImmigrating,0,44,29,0,1,INFORMAL,PAUSED,36,0,2
1792,55,29.2647,M,3,2,local,STIPreEmigrating,0,53,13,0,0,INFORMAL,PAUSED,20,3,3
1792,55,29.2647,M,2,0,N/A,STIPostImmigrating,0,53,13,0,1,INFORMAL,PAUSED,20,2,3
1793,33,48.1641,F,4,1,local,STIPreEmigrating,0,38,52,0,1,INFORMAL,PAUSED,5,4,4
1793,51,19.2862,F,2,4,local,STIPreEmigrating,0,52,14,0,1,INFORMAL,PAUSED,39,0,2
1793,51,19.2862,F,4,0,N/A,STIPostImmigrating,0,52,14,0,1,INFORMAL,PAUSED,39,0,4
1793,33,48.1641,F,1,0,N/A,STIPostImmigrating,0,38,52,0,1,INFORMAL,PAUSED,5,4,1
1795,6,49.4511,M,1,4,local,STIPreEmigrating,0,49,37,0,1,INFORMAL,PAUSED,26,1,0
1795,6,49.4511,M,4,0,N/A,STIPostImmigrating,0,49,37,0,0,INFORMAL,NORMAL,26,4,4
1797,59,23.8189,M,1,2,local,STIPreEmigrating,0,45,39,0,1,INFORMAL,PAUSED,46,1,0
1797,59,23.8189,M,2,0,N/A,STIPostImmigrating,0,45,39,0,1,INFORMAL,PAUSED,46,2,0
1803,32,17.8657,F,3,2,local,STIPreEmigrating,0,50,63,0,1,INFORMAL,PAUSED,69,0,3
1803,32,17.8657,F,2,0,N/A,STIPostImmigrating,0,50,63,0,0,INFORMAL,NORMAL,69,2,2
1805,20,21.6161,F,3,2,local,STIPreEmigrating,0,53,13,0,0,INFORMAL,PAUSED,55,0,3
1805,30,35.2267,F,2,1,local,STIPreEmigrating,0,44,29,0,1,INFORMAL,PAUSED,36,0,2
1805,30,35.2267,F,1,0,N/A,STIPostImmigrating,0,44,29,0,1,INFORMAL,PAUSED,36,0,1
1805,20,21.6161,F,2,0,N/A,STIPostImmigrating,0,53,13,0,1,INFORMAL,NORMAL,55,2,2
1806,24,60.7107,F,3,4,local,STIPreEmigrating,0,42,44,0,1,INFORMAL,PAUSED,54,0,3
1806,59,23.8436,M,2,1,local,STIPreEmigrating,0,45,39,0,1,INFORMAL,PAUSED,46,2,0
1806,59,23.8436,M,1,0,N/A,STIPostImmigrating,0,45,39,0,1,INFORMAL,PAUSED,46,1,0
1806,24,60.7107,F,4,0,N/A,STIPostImmigrating,0,42,44,0,1,INFORMAL,PAUSED,54,0,4
1808,52,42.1052,M,4,3,local,STIPreEmigrating,0,51,25,0,1,INFORMAL,PAUSED,31,4,0
1808,52,42.1052,M,3,0,N/A,STIPostImmigrating,0,51,25,0,1,INFORMAL,PAUSED,31,3,0
1809,15,88.1204,M,4,2,local,STIPreEmigrating,0,37,60,0,1,INFORMAL,PAUSED,18,4,4
1809,26,40.8682,F,4,1,local,STIPreEmigrating,0,49,42,0,0,INFORMAL,PAUSED,6,4,4
1809,35,64.6697,F,2,1,local,STIPreEmigrating,0,43,26,0,1,INFORMAL,PAUSED,22,0,2
1809,30,35.2376,F,1,3,local,STIPreEmigrating,0,44,29,0,1,INFORMAL,PAUSED,36,0,1
1809,30,35.2376,F,3,0,N/A,STIPostImmigrating,0,44,29,0,1,INFORMAL,PAUSED,36,0,3
1809,35,64.6697,F,1,0,N/A,STIPostImmigrating,0,43,26,0,1,INFORMAL,PAUSED,22,0,1
1809,26,40.8682,F,1,0,N/A,STIPostImmigrating,0,49,42,0,1,INFORMAL,PAUSED,6,4,1
1809,15,88.1204,M,2,0,N/A,STIPostImmigrating,0,37,60,0,1,INFORMAL,PAUSED,18,2,4
1812,39,35.1304,M,1,2,local,STIPreEmigrating,0,52,14,0,1,INFORMAL,PAUSED,51,1,0
1812,39,35.1304,M,2,0,N/A,STIPostImmigrating,0,52,14,0,1,INFORMAL,PAUSED,51,2,0
1814,54,60.053,M,2,1,local,STIPreEmigrating,0,42,44,0,1,INFORMAL,PAUSED,24,2,0
1814,54,60.053,M,1,0,N/A,STIPostImmigrating,0,42,44,0,1,INFORMAL,PAUSED,24,1,0
1817,6,49.5114,M,4,1,local,STIPreEmigrating,0,49,42,0,0,INFORMAL,PAUSED,26,4,0
1817,6,49.5114,M,1,0,N/A,STIPostImmigrating,0,49,42,0,1,INFORMAL,NORMAL,26,1,1
1818,49,34.3724,M,1,4,local,STIPreEmigrating,0,39,62,0,1,INFORMAL,PAUSED,16,1,0
1818,49,34.3724,M,4,0,N/A,STIPostImmigrating,0,39,62,0,1,INFORMAL,PAUSED,16,4,0
1821,29,35.4723,M,4,1,local,STIPreEmigrating,0,48,38,0,1,INFORMAL,PAUSED,53,4,4
1821,29,35.4723,M,1,0,N/A,STIPostImmigrating,0,48,38,0,1,INFORMAL,PAUSED,53,1,4
1825,55,29.3551,M,2,1,local,STIPreEmigrating,0,53,17,0,1,INFORMAL,PAUSED,20,2,2
1825,55,29.3551,M,1,0,N/A,STIPostImmigrating,0,53,17,0,1,INFORMAL,PAUSED,20,1,2
1826,5,52.4221,M,4,1,local,STIPreEmigrating,0,38,52,0,1,INFORMAL,PAUSED,33,4,0
1826,4,41.9616,F,3,4,local,STIPreEmigrating,0,46,27,0,1,INFORMAL,PAUSED,40,0,3
1826,4,41.9616,F,4,0,N/A,STIPostImmigrating,0,46,27,0,1,INFORMAL,PAUSED,40,0,4
1826,5,52.4221,M,1,0,N/A,STIPostImmigrating,0,38,52,0,1,INFORMAL,NORMAL,33,1,1
1828,61,16.3459,F,4,3,local,STIPreEmigrating,0,40,36,0,1,INFORMAL,PAUSED,62,0,4
1828,61,16.3459,F,3,0,N/A,STIPostImmigrating,0,40,36,0,1,INFORMAL,NORMAL,62,3,3
1829,6,49.5442,M,1,4,local,STIPreEmigrating,0,49,45,0,1,INFORMAL,PAUSED,26,1,1
1829,6,49.5442,M,4,0,N/A,STIPostImmigrating,0,49,45,0,1,INFORMAL,PAUSED,26,4,1
1832,26,40.9313,F,1,3,local,STIPreEmigrating,0,49,45,0,1,INFORMAL,PAUSED,6,0,1
1832,26,40.9313,F,3,0,N/A,STIPostImmigrating,0,49,45,0,1,INFORMAL,PAUSED,6,0,3
1840,21,31.5113,F,2,4,local,STIPreEmigrating,0,54,1,0,0,INFORMAL,PAUSED,68,2,2
1840,21,31.5113,F,4,0,N/A,STIPostImmigrating,0,54,1,0,1,INFORMAL,PAUSED,68,2,4
1843,68,38.1611,M,2,3,local,STIPreEmigrating,0,54,1,0,0,INFORMAL,PAUSED,21,2,0
1843,68,38.1611,M,3,0,N/A,STIPostImmigrating,0,54,1,0,1,INFORMAL,PAUSED,21,3,0
1846,21,31.5277,F,4,1,local,STIPreEmigrating,0,54,1,0,1,INFORMAL,PAUSED,68,0,4
1846,55,29.4126,M,1,2,local,STIPreEmigrating,0,53,17,0,1,INFORMAL,PAUSED,20,1,0
1846,55,29.4126,M,2,0,N/A,STIPostImmigrating,0,53,17,0,1,INFORMAL,NORMAL,20,2,2
1846,21,31.5277,F,1,0,N/A,STIPostImmigrating,0,54,1,0,1,INFORMAL,PAUSED,68,0,1
1849,35,64.7793,F,1,2,local,STIPreEmigrating,0,43,26,0,1,INFORMAL,PAUSED,22,0,1
1849,35,64.7793,F,2,0,N/A,STIPostImmigrating,0,43,26,0,1,INFORMAL,PAUSED,22,0,2
1850,22,69.6921,M,3,1,local,STIPreEmigrating,0,43,26,0,1,INFORMAL,PAUSED,35,3,0
1850,22,69.6921,M,1,0,N/A,STIPostImmigrating,0,43,26,0,1,INFORMAL,PAUSED,35,1,0
1853,49,34.4683,M,4,2,local,STIPreEmigrating,0,39,62,0,1,INFORMAL,PAUSED,16,4,0
1853,49,34.4683,M,2,0,N/A,STIPostImmigrating,0,39,62,0,1,INFORMAL,PAUSED,16,2,0
1855,39,35.2482,M,2,3,local,STIPreEmigrating,0,52,14,0,1,INFORMAL,PAUSED,51,2,0
1855,39,35.2482,M,3,0,N/A,STIPostImmigrating,0,52,14,0,1,INFORMAL,PAUSED,51,3,0
1857,51,19.4615,F,4,2,local,STIPreEmigrating,0,52,14,0,1,INFORMAL,PAUSED,39,0,4
1857,15,88.2519,M,2,3,local,STIPreEmigrating,0,37,60,0,1,INFORMAL,PAUSED,18,2,0
1857,15,88.2519,M,3,0,N/A,STIPostImmigrating,0,37,60,0,1,INFORMAL,PAUSED,18,3,0
1857,51,19.4615,F,2,0,N/A,STIPostImmigrating,0,52,14,0,1,INFORMAL,PAUSED,39,0,2
1861,23,29.5133,F,1,2,local,STIPreEmigrating,0,33,96,0,1,INFORMAL,PAUSED,10,0,1
1861,23,29.5133,F,2,0,N/A,STIPostImmigrating,0,33,96,0,1,INFORMAL,NORMAL,10,2,2
1863,55,29.4592,M,2,4,local,STIPreEmigrating,0,53,27,0,1,INFORMAL,PAUSED,20,2,2
1863,55,29.4592,M,4,0,N/A,STIPostImmigrating,0,53,27,0,1,INFORMAL,PAUSED,20,4,2
1865,48,41.2346,M,3,1,local,STIPreEmigrating,0,36,78,0,1,INFORMAL,PAUSED,27,3,3
1865,48,41.2346,M,1,0,N/A,STIPostImmigrating,0,36,78,0,1,INFORMAL,PAUSED,27,1,3
1866,62,17.8804,M,3,1,local,STIPreEmigrating,0,40,45,0,1,INFORMAL,PAUSED,61,3,3
1866,32,18.0383,F,2,3,local,STIPreEmigrating,0,50,85,0,0,INFORMAL,PAUSED,69,2,2
1866,35,64.8259,F,2,3,local,STIPreEmigrating,0,43,26,0,1,INFORMAL,PAUSED,22,0,2
1866,35,64.8259,F,3,0,N/A,STIPostImmigrating,0,43,26,0,1,INFORMAL,PAUSED,22,0,3
1866,32,18.0383,F,3,0,N/A,STIPostImmigrating,0,50,85,0,1,INFORMAL,PAUSED,69,2,3
1866,62,17.8804,M,1,0,N/A,STIPostImmigrating,0,40,45,0,1,INFORMAL,PAUSED,61,1,3
1867,35,64.8287,F,3,2,local,STIPreEmigrating,0,43,26,0,1,INFORMAL,PAUSED,22,0,3
1867,62,17.8831,M,1,4,local,STIPreEmigrating,0,40,45,0,1,INFORMAL,PAUSED,61,1,3
1867,62,17.8831,M,4,0,N/A,STIPostImmigrating,0,40,45,0,1,INFORMAL,PAUSED,61,4,3
1867,35,64.8287,F,2,0,N/A,STIPostImmigrating,0,43,26,0,1,INFORMAL,PAUSED,22,0,2
1868,62,17.8859,M,4,1,local,STIPreEmigrating,0,40,45,0,1,INFORMAL,PAUSED,61,4,3
1868,62,17.8859,M,1,0,N/A,STIPostImmigrating,0,40,45,0,1,INFORMAL,PAUSED,61,1,3
1871,22,69.7496,M,1,2,local,STIPreEmigrating,0,43,26,0,1,INFORMAL,PAUSED,35,1,0
1871,22,69.7496,M,2,0,N/A,STIPostImmigrating,0,43,26,0,1,INFORMAL,NORMAL,35,2,2
1872,59,24.0244,M,1,2,local,STIPreEmigrating,0,45,39,0,1,INFORMAL,PAUSED,46,1,0
1872,59,24.0244,M,2,0,N/A,STIPostImmigrating,0,45,39,0,1,INFORMAL,PAUSED,46,2,0
1873,64,19.9975,F,4,3,local,STIPreEmigrating,0,47,57,0,1,INFORMAL,PAUSED,42,0,4
1873,64,19.9975,F,3,0,N/A,STIPostImmigrating,0,47,57,0,1,INFORMAL,NORMAL,42,3,3
1875,16,27.6856,F,3,2,local,STIPreEmigrating,0,39,62,0,1,INFORMAL,PAUSED,49,0,3
1875,16,27.6856,F,2,0,N/A,STIPostImmigrating,0,39,62,0,1,INFORMAL,NORMAL,49,2,2
1877,49,34.534,M,2,4,local,STIPreEmigrating,0,39,62,0,1,INFORMAL,PAUSED,16,2,2
1877,49,34.534,M,4,0,N/A,STIPostImmigrating,0,39,62,0,1,INFORMAL,PAUSED,16,4,2
1878,23,29.5598,F,2,4,local,STIPreEmigrating,0,33,104,0,1,INFORMAL,PAUSED,10,2,2
1878,23,29.5598,F,4,0,N/A,STIPostImmigrating,0,33,104,0,1,INFORMAL,PAUSED,10,2,4
1882,23,29.5708,F,4,2,local,STIPreEmigrating,0,33,104,0,1,INFORMAL,PAUSED,10,0,4
1882,23,29.5708,F,2,0,N/A,STIPostImmigrating,0,33,104,0,1,INFORMAL,NORMAL,10,2,2
1884,42,21.7947,M,3,1,local,STIPreEmigrating,0,47,64,0,1,INFORMAL,PAUSED,64,3,3
1884,42,21.7947,M,1,0,N/A,STIPostImmigrating,0,47,64,0,1,INFORMAL,PAUSED,64,1,3
1887,30,35.4513,F,3,1,local,STIPreEmigrating,0,44,29,0,1,INFORMAL,PAUSED,36,0,3
1887,30,35.4513,F,1,0,N/A,STIPostImmigrating,0,44,29,0,1,INFORMAL,PAUSED,36,0,1
1889,4,42.1342,F,4,3,local,STIPreEmigrating,0,46,27,0,1,INFORMAL,PAUSED,40,0,4
1889,4,42.1342,F,3,0,N/A,STIPostImmigrating,0,46,27,0,1,INFORMAL,PAUSED,40,0,3
1891,51,19.5547,F,2,4,local,STIPreEmigrating,0,52,14,0,1,INFORMAL,PAUSED,39,0,2
1891,51,19.5547,F,4,0,N/A,STIPostImmigrating,0,52,14,0,1,INFORMAL,PAUSED,39,0,4
1893,62,17.9544,M,1,4,local,STIPreEmigrating,0,40,45,0,1,INFORMAL,PAUSED,61,1,0
1893,62,17.9544,M,4,0,N/A,STIPostImmigrating,0,40,45,0,1,INFORMAL,PAUSED,61,4,0
1895,40,50.5767,M,1,3,local,STIPreEmigrating,0,46,27,0,1,INFORMAL,PAUSED,4,1,0
1895,40,50.5767,M,3,0,N/A,STIPostImmigrating,0,46,27,0,1,INFORMAL,NORMAL,4,3,3
1897,35,64.9108,F,2,4,local,STIPreEmigrating,0,43,34,0,1,INFORMAL,PAUSED,22,2,2
1897,35,64.9108,F,4,0,N/A,STIPostImmigrating,0,43,34,0,1,INFORMAL,PAUSED,22,2,4
1900,64,20.0715,F,3,4,local,STIPreEmigrating,0,47,64,0,1,INFORMAL,PAUSED,42,0,3
1900,22,69.8291,M,2,1,local,STIPreEmigrating,0,43,34,0,1,INFORMAL,PAUSED,35,2,0
1900,22,69.8291,M,1,0,N/A,STIPostImmigrating,0,43,34,0,1,INFORMAL,PAUSED,35,1,0
1900,64,20.0715,F,4,0,N/A,STIPostImmigrating,0,47,64,0,1,INFORMAL,PAUSED,42,0,4
1903,31,34.971,F,1,2,local,STIPreEmigrating,0,51,25,0,1,INFORMAL,PAUSED,52,0,1
1903,31,34.971,F,2,0,N/A,STIPostImmigrating,0,51,25,0,1,INFORMAL,PAUSED,52,0,2
1904,54,60.2996,M,1,3,local,STIPreEmigrating,0,42,44,0,1,INFORMAL,PAUSED,24,1,0
1904,54,60.2996,M,3,0,N/A,STIPostImmigrating,0,42,44,0,1,INFORMAL,PAUSED,24,3,0
1907,59,24.1203,M,2,3,local,STIPreEmigrating,0,45,39,0,1,INFORMAL,PAUSED,46,2,0
1907,59,24.1203,M,3,0,N/A,STIPostImmigrating,0,45,39,0,1,INFORMAL,PAUSED,46,3,0
1909,40,50.6151,M,3,1,local,STIPreEmigrating,0,46,29,0,1,INFORMAL,PAUSED,4,3,3
1909,40,50.6151,M,1,0,N/A,STIPostImmigrating,0,46,29,0,1,INFORMAL,PAUSED,4,1,3
1911,23,29.6502,F,2,1,local,STIPreEmigrating,0,33,124,0,1,INFORMAL,PAUSED,10,2,2
1911,22,69.8592,M,1,4,local,STIPreEmigrating,0,43,34,0,1,INFORMAL,PAUSED,35,1,0
1911,22,69.8592,M,4,0,N/A,STIPostImmigrating,0,43,34,0,1,INFORMAL,NORMAL,35,4,4
1911,23,29.6502,F,1,0,N/A,STIPostImmigrating,0,33,124,0,1,INFORMAL,PAUSED,10,2,1
1918,15,88.419,M,3,2,local,STIPreEmigrating,0,37,60,0,1,INFORMAL,PAUSED,18,3,0
1918,15,88.419,M,2,0,N/A,STIPostImmigrating,0,37,60,0,1,INFORMAL,PAUSED,18,2,0
1922,62,18.0338,M,4,1,local,STIPreEmigrating,0,40,45,0,1,INFORMAL,PAUSED,61,4,0
1922,62,18.0338,M,1,0,N/A,STIPostImmigrating,0,40,45,0,1,INFORMAL,PAUSED,61,1,0
1923,46,26.596,F,4,1,local,STIPreEmigrating,0,45,39,0,1,INFORMAL,PAUSED,59,0,4
1923,46,26.596,F,1,0,N/A,STIPostImmigrating,0,45,39,0,1,INFORMAL,PAUSED,59,0,1
1926,6,49.81,M,4,1,local,STIPreEmigrating,0,49,45,0,1,INFORMAL,PAUSED,26,4,0
1926,6,49.81,M,1,0,N/A,STIPostImmigrating,0,49,45,0,1,INFORMAL,PAUSED,26,1,0
1927,6,49.8127,M,1,4,local,STIPreEmigrating,0,49,45,0,1,INFORMAL,PAUSED,26,1,0
1927,6,49.8127,M,4,0,N/A,STIPostImmigrating,0,49,45,0,1,INFORMAL,PAUSED,26,4,0
1930,54,60.3708,M,3,1,local,STIPreEmigrating,0,42,44,0,1,INFORMAL,PAUSED,24,3,0
1930,54,60.3708,M,1,0,N/A,STIPostImmigrating,0,42,44,0,1,INFORMAL,PAUSED,24,1,0
1932,54,60.3763,M,1,4,local,STIPreEmigrating,0,42,44,0,1,INFORMAL,PAUSED,24,1,0
1932,54,60.3763,M,4,0,N/A,STIPostImmigrating,0,42,44,0,1,INFORMAL,NORMAL,24,4,4
1939,32,18.2383,F,3,4,local,STIPreEmigrating,0,50,85,0,1,INFORMAL,PAUSED,69,0,3
1939,32,18.2383,F,4,0,N/A,STIPostImmigrating,0,50,85,0,1,INFORMAL,PAUSED,69,0,4
1940,4,42.2739,F,3,1,local,STIPreEmigrating,0,46,29,0,1,INFORMAL,PAUSED,40,0,3
1940,4,42.2739,F,1,0,N/A,STIPostImmigrating,0,46,29,0,1,INFORMAL,NORMAL,40,1,1
1944,67,70.5067,M,1,2,local,STIPreEmigrating,0,56,4,0,0,INFORMAL,PAUSED,28,1,1
1944,67,70.5067,M,2,0,N/A,STIPostImmigrating,0,56,4,0,1,INFORMAL,PAUSED,28,2,1
1949,24,61.1024,F,4,3,local,STIPreEmigrating,0,42,48,0,1,INFORMAL,PAUSED,54,4,4
1949,24,61.1024,F,3,0,N/A,STIPostImmigrating,0,42,48,0,1,INFORMAL,PAUSED,54,4,3
1951,32,18.2712,F,4,3,local,STIPreEmigrating,0,50,85,0,1,INFORMAL,PAUSED,69,0,4
1951,69,20.569,M,2,4,local,STIPreEmigrating,0,50,85,0,0,INFORMAL,PAUSED,32,2,0
1951,69,20.569,M,4,0,N/A,STIPostImmigrating,0,50,85,0,1,INFORMAL,PAUSED,32,4,0
1951,32,18.2712,F,3,0,N/A,STIPostImmigrating,0,50,85,0,1,INFORMAL,PAUSED,69,0,3
1955,42,21.9892,M,3,1,local,STIPreEmigrating,0,55,4,0,0,INFORMAL,PAUSED,60,3,3
1955,42,21.9892,M,1,0,N/A,STIPostImmigrating,0,55,4,0,1,INFORMAL,PAUSED,60,1,3
1959,29,35.8504,M,1,4,local,STIPreEmigrating,0,48,38,0,1,INFORMAL,PAUSED,53,1,0
1959,29,35.8504,M,4,0,N/A,STIPostImmigrating,0,48,38,0,1,INFORMAL,NORMAL,53,4,4
1960,60,19.3285,F,3,1,local,STIPreEmigrating,0,55,4,0,0,INFORMAL,PAUSED,42,0,3
1960,60,19.3285,F,1,0,N/A,STIPostImmigrating,0,55,4,0,1,INFORMAL,NORMAL,42,1,1
1961,36,48.3143,M,4,3,local,STIPreEmigrating,0,44,29,0,1,INFORMAL,PAUSED,30,4,0
1961,36,48.3143,M,3,0,N/A,STIPostImmigrating,0,44,29,0,1,INFORMAL,PAUSED,30,3,0
1966,36,48.328,M,3,2,local,STIPreEmigrating,0,44,29,0,1,INFORMAL,PAUSED,30,3,0
1966,20,22.0572,F,2,3,local,STIPreEmigrating,0,53,27,0,1,INFORMAL,PAUSED,55,0,2
1966,20,22.0572,F,3,0,N/A,STIPostImmigrating,0,53,27,0,1,INFORMAL,PAUSED,55,0,3
1966,36,48.328,M,2,0,N/A,STIPostImmigrating,0,44,29,0,1,INFORMAL,PAUSED,30,2,0
1971,53,28.3221,F,4,3,local,STIPreEmigrating,0,48,40,0,1,INFORMAL,PAUSED,29,4,4
1971,53,28.3221,F,3,0,N/A,STIPostImmigrating,0,48,40,0,1,INFORMAL,PAUSED,29,4,3
1975,28,46.7699,F,1,3,local,STIPreEmigrating,0,56,4,0,0,INFORMAL,PAUSED,67,0,1
1975,28,46.7699,F,3,0,N/A,STIPostImmigrating,0,56,4,0,1,INFORMAL,PAUSED,67,0,3
1976,32,18.3397,F,3,4,local,STIPreEmigrating,0,50,85,0,1,INFORMAL,PAUSED,69,0,3
1976,67,70.5944,M,2,1,local,STIPreEmigrating,0,56,4,0,1,INFORMAL,PAUSED,28,2,0
1976,30,35.6951,F,1,3,local,STIPreEmigrating,0,44,29,0,1,INFORMAL,PAUSED,36,0,1
1976,30,35.6951,F,3,0,N/A,STIPostImmigrating,0,44,29,0,1,INFORMAL,PAUSED,36,0,3
1976,67,70.5944,M,1,0,N/A,STIPostImmigrating,0,56,4,0,1,INFORMAL,PAUSED,28,1,0
1976,32,18.3397,F,4,0,N/A,STIPostImmigrating,0,50,85,0,1,INFORMAL,NORMAL,69,4,4
1979,29,35.9052,M,4,1,local,STIPreEmigrating,0,48,40,0,1,INFORMAL,PAUSED,53,4,0
1979,29,35.9052,M,1,0,N/A,STIPostImmigrating,0,48,40,0,1,INFORMAL,PAUSED,53,1,0
1980,59,24.3203,M,3,2,local,STIPreEmigrating,0,45,39,0,1,INFORMAL,PAUSED,46,3,0
1980,59,24.3203,M,2,0,N/A,STIPostImmigrating,0,45,39,0,1,INFORMAL,PAUSED,46,2,0
1981,15,88.5916,M,2,3,local,STIPreEmigrating,0,37,60,0,1,INFORMAL,PAUSED,18,2,0
1981,15,88.5916,M,3,0,N/A,STIPostImmigrating,0,37,60,0,1,INFORMAL,PAUSED,18,3,0
1983,69,20.6567,M,4,1,local,STIPreEmigrating,0,50,87,0,1,INFORMAL,PAUSED,32,4,4
1983,69,20.6567,M,1,0,N/A,STIPostImmigrating,0,50,87,0,1,INFORMAL,PAUSED,32,1,4
1985,60,19.397,F,1,3,local,STIPreEmigrating,0,55,14,0,1,INFORMAL,PAUSED,42,1,1
1985,60,19.397,F,3,0,N/A,STIPostImmigrating,0,55,14,0,1,INFORMAL,PAUSED,42,1,3
1986,69,20.6649,M,1,4,local,STIPreEmigrating,0,50,87,0,1,INFORMAL,PAUSED,32,1,0
1986,69,20.6649,M,4,0,N/A,STIPostImmigrating,0,50,87,0,1,INFORMAL,NORMAL,32,4,4
1987,53,28.366,F,3,4,local,STIPreEmigrating,0,48,40,0,1,INFORMAL,PAUSED,29,0,3
1987,53,28.366,F,4,0,N/A,STIPostImmigrating,0,48,40,0,1,INFORMAL,PAUSED,29,0,4
1988,56,44.7554,M,3,1,local,STIPreEmigrating,0,57,3,0,0,INFORMAL,PAUSED,58,3,3
1988,56,44.7554,M,1,0,N/A,STIPostImmigrating,0,57,3,0,1,INFORMAL,PAUSED,58,1,3
1991,53,28.3769,F,4,3,local,STIPreEmigrating,0,48,40,0,1,INFORMAL,PAUSED,29,0,4
1991,53,28.3769,F,3,0,N/A,STIPostImmigrating,0,48,40,0,1,INFORMAL,PAUSED,29,0,3
1992,58,33.1915,F,3,1,local,STIPreEmigrating,0,57,3,0,0,INFORMAL,PAUSED,56,0,3
1992,53,28.3797,F,3,4,local,STIPreEmigrating,0,48,40,0,1,INFORMAL,PAUSED,29,0,3
1992,53,28.3797,F,4,0,N/A,STIPostImmigrating,0,48,40,0,1,INFORMAL,PAUSED,29,0,4
1992,58,33.1915,F,1,0,N/A,STIPostImmigrating,0,57,3,0,1,INFORMAL,NORMAL,56,1,1
1993,20,22.1312,F,3,2,local,STIPreEmigrating,0,53,27,0,1,INFORMAL,PAUSED,55,0,3
1993,68,38.5721,M,3,1,local,STIPreEmigrating,0,54,1,0,1,INFORMAL,PAUSED,21,3,0
1993,68,38.5721,M,1,0,N/A,STIPostImmigrating,0,54,1,0,1,INFORMAL,NORMAL,21,1,1
1993,20,22.1312,F,2,0,N/A,STIPostImmigrating,0,53,27,0,1,INFORMAL,PAUSED,55,0,2
1994,52,42.6148,M,3,1,local,STIPreEmigrating,0,51,25,0,1,INFORMAL,PAUSED,31,3,0
1994,31,35.2203,F,2,1,local,STIPreEmigrating,0,51,25,0,1,INFORMAL,PAUSED,52,0,2
1994,31,35.2203,F,1,0,N/A,STIPostImmigrating,0,51,25,0,1,INFORMAL,PAUSED,52,0,1
1994,52,42.6148,M,1,0,N/A,STIPostImmigrating,0,51,25,0,1,INFORMAL,NORMAL,31,1,1
1995,55,29.8208,M,4,2,local,STIPreEmigrating,0,53,27,0,1,INFORMAL,PAUSED,20,4,0
1995,62,18.2338,M,1,3,local,STIPreEmigrating,0,40,45,0,1,INFORMAL,PAUSED,61,1,0
1995,62,18.2338,M,3,0,N/A,STIPostImmigrating,0,40,45,0,1,INFORMAL,NORMAL,61,3,3
1995,55,29.8208,M,2,0,N/A,STIPostImmigrating,0,53,27,0,1,INFORMAL,NORMAL,20,2,2
1998,59,24.3696,M,2,3,local,STIPreEmigrating,0,45,39,0,1,INFORMAL,PAUSED,46,2,0
1998,59,24.3696,M,3,0,N/A,STIPostImmigrating,0,45,39,0,1,INFORMAL,PAUSED,46,3,0
2000,69,20.7033,M,4,3,local,STIPreEmigrating,0,50,89,0,1,INFORMAL,PAUSED,32,4,4
2000,31,35.2367,F,1,2,local,STIPreEmigrating,0,51,25,0,1,INFORMAL,PAUSED,52,1,1
2000,31,35.2367,F,2,0,N/A,STIPostImmigrating,0,51,25,0,1,INFORMAL,PAUSED,52,1,2
2000,69,20.7033,M,3,0,N/A,STIPostImmigrating,0,50,89,0,1,INFORMAL,PAUSED,32,3,4
2001,28,46.8412,F,3,4,local,STIPreEmigrating,0,56,4,0,1,INFORMAL,PAUSED,67,0,3
2001,28,46.8412,F,4,0,N/A,STIPostImmigrating,0,56,4,0,1,INFORMAL,PAUSED,67,0,4
2003,4,42.4465,F,1,3,local,STIPreEmigrating,0,46,49,0,1,INFORMAL,PAUSED,40,1,1
2003,52,42.6395,M,1,3,local,STIPreEmigrating,0,51,25,0,1,INFORMAL,PAUSED,31,1,0
2003,52,42.6395,M,3,0,N/A,STIPostImmigrating,0,51,25,0,1,INFORMAL,PAUSED,31,3,0
2003,4,42.4465,F,3,0,N/A,STIPostImmigrating,0,46,49,0,1,INFORMAL,PAUSED,40,1,3
2005,31,35.2504,F,2,1,local,STIPreEmigrating,0,51,25,0,1,INFORMAL,PAUSED,52,0,2
2005,31,35.2504,F,1,0,N/A,STIPostImmigrating,0,51,25,0,1,INFORMAL,PAUSED,52,0,1
2007,40,50.8836,M,1,3,local,STIPreEmigrating,0,46,49,0,1,INFORMAL,PAUSED,4,1,0
2007,40,50.8836,M,3,0,N/A,STIPostImmigrating,0,46,49,0,1,INFORMAL,NORMAL,4,3,3
2011,60,19.4682,F,3,1,local,STIPreEmigrating,0,55,14,0,1,INFORMAL,PAUSED,42,0,3
2011,60,19.4682,F,1,0,N/A,STIPostImmigrating,0,55,14,0,1,INFORMAL,NORMAL,42,1,1
2013,46,26.8426,F,1,3,local,STIPreEmigrating,0,45,39,0,1,INFORMAL,PAUSED,59,0,1
2013,46,26.8426,F,3,0,N/A,STIPostImmigrating,0,45,39,0,1,INFORMAL,NORMAL,59,3,3
2014,42,22.1509,M,1,2,local,STIPreEmigrating,0,55,15,0,1,INFORMAL,PAUSED,60,1,1
2014,42,22.1509,M,2,0,N/A,STIPostImmigrating,0,55,15,0,1,INFORMAL,PAUSED,60,2,1
2016,42,22.1563,M,2,1,local,STIPreEmigrating,0,55,15,0,1,INFORMAL,PAUSED,60,2,0
2016,42,22.1563,M,1,0,N/A,STIPostImmigrating,0,55,15,0,1,INFORMAL,NORMAL,60,1,1
2024,67,70.7259,M,1,2,local,STIPreEmigrating,0,56,4,0,1,INFORMAL,PAUSED,28,1,0
2024,67,70.7259,M,2,0,N/A,STIPostImmigrating,0,56,4,0,1,INFORMAL,PAUSED,28,2,0
2030,24,61.3244,F,3,1,local,STIPreEmigrating,0,42,48,0,1,INFORMAL,PAUSED,54,0,3
2030,24,61.3244,F,1,0,N/A,STIPostImmigrating,0,42,48,0,1,INFORMAL,PAUSED,54,0,1
2031,61,16.902,F,3,4,local,STIPreEmigrating,0,40,56,0,1,INFORMAL,PAUSED,62,3,3
2031,61,16.902,F,4,0,N/A,STIPostImmigrating,0,40,56,0,1,INFORMAL,PAUSED,62,3,4
2032,6,50.1004,M,3,1,local,STIPreEmigrating,0,59,4,0,0,INFORMAL,PAUSED,37,3,3
2032,6,50.1004,M,1,0,N/A,STIPostImmigrating,0,59,4,0,1,INFORMAL,PAUSED,37,1,3
2034,23,29.9872,F,1,2,local,STIPreEmigrating,0,33,124,0,1,INFORMAL,PAUSED,10,0,1
2034,23,29.9872,F,2,0,N/A,STIPostImmigrating,0,33,124,0,1,INFORMAL,NORMAL,10,2,2
2035,53,28.4975,F,4,1,local,STIPreEmigrating,0,48,40,0,1,INFORMAL,PAUSED,29,0,4
2035,53,28.4975,F,1,0,N/A,STIPostImmigrating,0,48,40,0,1,INFORMAL,NORMAL,29,1,1
2037,52,42.7326,M,3,4,local,STIPreEmigrating,0,51,25,0,1,INFORMAL,PAUSED,31,3,0
2037,10,30.6375,M,2,1,local,STIPreEmigrating,0,33,125,0,1,INFORMAL,PAUSED,23,2,2
2037,10,30.6375,M,1,0,N/A,STIPostImmigrating,0,33,125,0,1,INFORMAL,PAUSED,23,1,2
2037,52,42.7326,M,4,0,N/A,STIPostImmigrating,0,51,25,0,1,INFORMAL,PAUSED,31,4,0
2039,24,61.349,F,1,3,local,STIPreEmigrating,0,42,48,0,1,INFORMAL,PAUSED,54,0,1
2039,24,61.349,F,3,0,N/A,STIPostImmigrating,0,42,48,0,1,INFORMAL,PAUSED,54,0,3
2041,32,18.5178,F,4,3,local,STIPreEmigrating,0,50,89,0,1,INFORMAL,PAUSED,69,0,4
2041,32,18.5178,F,3,0,N/A,STIPostImmigrating,0,50,89,0,1,INFORMAL,NORMAL,69,3,3
2050,46,26.9439,F,3,1,local,STIPreEmigrating,0,45,52,0,1,INFORMAL,PAUSED,59,3,3
2050,46,26.9439,F,1,0,N/A,STIPostImmigrating,0,45,52,0,1,INFORMAL,PAUSED,59,3,1
2053,27,34.7915,F,2,3,local,STIPreEmigrating,0,60,1,0,0,INFORMAL,PAUSED,49,2,2
2053,27,34.7915,F,3,0,N/A,STIPostImmigrating,0,60,1,0,1,INFORMAL,PAUSED,49,2,3
2058,55,29.9935,M,2,1,local,STIPreEmigrating,0,53,38,0,1,INFORMAL,PAUSED,20,2,2
2058,55,29.9935,M,1,0,N/A,STIPostImmigrating,0,53,38,0,1,INFORMAL,PAUSED,20,1,2
2060,10,30.7005,M,1,3,local,STIPreEmigrating,0,33,125,0,1,INFORMAL,PAUSED,23,1,0
2060,10,30.7005,M,3,0,N/A,STIPostImmigrating,0,33,125,0,1,INFORMAL,PAUSED,23,3,0
2061,62,18.4146,M,3,1,local,STIPreEmigrating,0,40,56,0,1,INFORMAL,PAUSED,61,3,0
2061,62,18.4146,M,1,0,N/A,STIPostImmigrating,0,40,56,0,1,INFORMAL,PAUSED,61,1,0
2062,6,50.1826,M,1,2,local,STIPreEmigrating,0,59,4,0,1,INFORMAL,PAUSED,37,1,0
2062,6,50.1826,M,2,0,N/A,STIPostImmigrating,0,59,4,0,1,INFORMAL,PAUSED,37,2,0
2068,29,36.149,M,1,4,local,STIPreEmigrating,0,48,55,0,1,INFORMAL,PAUSED,53,1,1
2068,29,36.149,M,4,0,N/A,STIPostImmigrating,0,48,55,0,1,INFORMAL,PAUSED,53,4,1
2069,40,51.0534,M,3,2,local,STIPreEmigrating,0,61,2,0,0,INFORMAL,PAUSED,26,3,3
2069,40,51.0534,M,2,0,N/A,STIPostImmigrating,0,61,2,0,1,INFORMAL,PAUSED,26,2,3
2070,27,34.8381,F,3,2,local,STIPreEmigrating,0,60,1,0,1,INFORMAL,PAUSED,49,0,3
2070,27,34.8381,F,2,0,N/A,STIPostImmigrating,0,60,1,0,0,INFORMAL,NORMAL,49,2,2
2072,32,18.6027,F,3,4,local,STIPreEmigrating,0,50,102,0,1,INFORMAL,PAUSED,69,3,3
2072,32,18.6027,F,4,0,N/A,STIPostImmigrating,0,50,102,0,1,INFORMAL,PAUSED,69,3,4
2073,26,41.5915,F,3,1,local,STIPreEmigrating,0,61,2,0,0,INFORMAL,PAUSED,40,0,3
2073,26,41.5915,F,1,0,N/A,STIPostImmigrating,0,61,2,0,1,INFORMAL,PAUSED,40,0,1
2074,58,33.4162,F,1,2,local,STIPreEmigrating,0,57,28,0,1,INFORMAL,PAUSED,56,1,1
2074,58,33.4162,F,2,0,N/A,STIPostImmigrating,0,57,28,0,1,INFORMAL,PAUSED,56,1,2
2077,21,32.1606,F,1,4,local,STIPreEmigrating,0,54,32,0,1,INFORMAL,PAUSED,68,1,1
2077,21,32.1606,F,4,0,N/A,STIPostImmigrating,0,54,32,0,1,INFORMAL,PAUSED,68,1,4
2079,21,32.1661,F,4,1,local,STIPreEmigrating,0,54,32,0,1,INFORMAL,PAUSED,68,0,4
2079,21,32.1661,F,1,0,N/A,STIPostImmigrating,0,54,32,0,1,INFORMAL,NORMAL,68,1,1
2082,54,60.7873,M,4,1,local,STIPreEmigrating,0,42,48,0,1,INFORMAL,PAUSED,24,4,0
2082,10,30.7608,M,3,1,local,STIPreEmigrating,0,33,125,0,1,INFORMAL,PAUSED,23,3,0
2082,10,30.7608,M,1,0,N/A,STIPostImmigrating,0,33,125,0,1,INFORMAL,PAUSED,23,1,0
2082,54,60.7873,M,1,0,N/A,STIPostImmigrating,0,42,48,0,1,INFORMAL,PAUSED,24,1,0
2088,29,36.2038,M,4,3,local,STIPreEmigrating,0,48,55,0,1,INFORMAL,PAUSED,53,4,0
2088,29,36.2038,M,3,0,N/A,STIPostImmigrating,0,48,55,0,1,INFORMAL,PAUSED,53,3,0
2096,58,33.4764,F,2,1,local,STIPreEmigrating,0,57,28,0,1,INFORMAL,PAUSED,56,0,2
2096,58,33.4764,F,1,0,N/A,STIPostImmigrating,0,57,28,0,1,INFORMAL,NORMAL,56,1,1
2101,53,28.6783,F,1,4,local,STIPreEmigrating,0,48,55,0,1,INFORMAL,PAUSED,29,0,1
2101,53,28.6783,F,4,0,N/A,STIPostImmigrating,0,48,55,0,1,INFORMAL,PAUSED,29,0,4
2102,6,50.2922,M,2,1,local,STIPreEmigrating,0,59,4,0,1,INFORMAL,PAUSED,37,2,0
2102,6,50.2922,M,1,0,N/A,STIPostImmigrating,0,59,4,0,1,INFORMAL,PAUSED,37,1,0
2105,58,33.5011,F,1,3,local,STIPreEmigrating,0,57,30,0,1,INFORMAL,PAUSED,56,1,1
2105,58,33.5011,F,3,0,N/A,STIPostImmigrating,0,57,30,0,1,INFORMAL,PAUSED,56,1,3
2107,50,34.0539,M,3,1,local,STIPreEmigrating,0,58,33,0,0,INFORMAL,PAUSED,64,3,3
2107,50,34.0539,M,1,0,N/A,STIPostImmigrating,0,58,33,0,1,INFORMAL,PAUSED,64,1,3
2109,60,19.7367,F,1,3,local,STIPreEmigrating,0,55,37,0,1,INFORMAL,PAUSED,42,1,1
2109,42,22.4111,M,1,2,local,STIPreEmigrating,0,55,37,0,1,INFORMAL,PAUSED,60,1,0
2109,42,22.4111,M,2,0,N/A,STIPostImmigrating,0,55,37,0,1,INFORMAL,PAUSED,60,2,0
2109,60,19.7367,F,3,0,N/A,STIPostImmigrating,0,55,37,0,1,INFORMAL,PAUSED,42,2,3
2111,61,17.1212,F,4,1,local,STIPreEmigrating,0,40,56,0,1,INFORMAL,PAUSED,62,0,4
2111,61,17.1212,F,1,0,N/A,STIPostImmigrating,0,40,56,0,1,INFORMAL,NORMAL,62,1,1
2113,32,18.715,F,4,3,local,STIPreEmigrating,0,50,102,0,1,INFORMAL,PAUSED,69,0,4
2113,32,18.715,F,3,0,N/A,STIPostImmigrating,0,50,102,0,1,INFORMAL,NORMAL,69,3,3
2116,24,61.56,F,3,1,local,STIPreEmigrating,0,42,48,0,1,INFORMAL,PAUSED,54,0,3
2116,24,61.56,F,1,0,N/A,STIPostImmigrating,0,42,48,0,1,INFORMAL,NORMAL,54,1,1
2117,27,34.9668,F,2,1,local,STIPreEmigrating,0,60,16,0,0,INFORMAL,PAUSED,49,2,2
2117,27,34.9668,F,1,0,N/A,STIPostImmigrating,0,60,16,0,1,INFORMAL,PAUSED,49,2,1
2119,20,22.4764,F,2,3,local,STIPreEmigrating,0,53,38,0,1,INFORMAL,PAUSED,55,0,2
2119,20,22.4764,F,3,0,N/A,STIPostImmigrating,0,53,38,0,1,INFORMAL,PAUSED,55,0,3
2120,28,47.1672,F,4,3,local,STIPreEmigrating,0,56,4,0,1,INFORMAL,PAUSED,67,0,4
2120,28,47.1672,F,3,0,N/A,STIPostImmigrating,0,56,4,0,1,INFORMAL,PAUSED,67,0,3
2123,30,36.0979,F,3,1,local,STIPreEmigrating,0,44,29,0,1,INFORMAL,PAUSED,36,0,3
2123,32,18.7424,F,3,2,local,STIPreEmigrating,0,50,108,0,1,INFORMAL,PAUSED,69,3,3
2123,23,30.2311,F,2,1,local,STIPreEmigrating,0,33,125,0,1,INFORMAL,PAUSED,10,0,2
2123,23,30.2311,F,1,0,N/A,STIPostImmigrating,0,33,125,0,1,INFORMAL,NORMAL,10,1,1
2123,32,18.7424,F,2,0,N/A,STIPostImmigrating,0,50,108,0,1,INFORMAL,PAUSED,69,3,2
2123,30,36.0979,F,1,0,N/A,STIPostImmigrating,0,44,29,0,1,INFORMAL,PAUSED,36,0,1
2124,64,20.6852,F,3,4,local,STIPreEmigrating,0,58,33,0,0,INFORMAL,PAUSED,50,0,3
2124,55,30.1743,M,1,2,local,STIPreEmigrating,0,53,38,0,1,INFORMAL,PAUSED,20,1,0
2124,55,30.1743,M,2,0,N/A,STIPostImmigrating,0,53,38,0,1,INFORMAL,PAUSED,20,2,0
2124,64,20.6852,F,4,0,N/A,STIPostImmigrating,0,58,33,0,1,INFORMAL,PAUSED,50,0,4
2125,36,48.7636,M,2,3,local,STIPreEmigrating,0,44,29,0,1,INFORMAL,PAUSED,30,2,0
2125,36,48.7636,M,3,0,N/A,STIPostImmigrating,0,44,29,0,1,INFORMAL,PAUSED,30,3,0
2126,53,28.7468,F,4,1,local,STIPreEmigrating,0,48,55,0,1,INFORMAL,PAUSED,29,0,4
2126,53,28.7468,F,1,0,N/A,STIPostImmigrating,0,48,55,0,1,INFORMAL,PAUSED,29,0,1
2128,26,41.7422,F,1,2,local,STIPreEmigrating,0,61,2,0,1,INFORMAL,PAUSED,40,0,1
2128,27,34.997,F,1,2,local,STIPreEmigrating,0,60,16,0,1,INFORMAL,PAUSED,49,0,1
2128,27,34.997,F,2,0,N/A,STIPostImmigrating,0,60,16,0,0,INFORMAL,NORMAL,49,2,2
2128,26,41.7422,F,2,0,N/A,STIPostImmigrating,0,61,2,0,1,INFORMAL,NORMAL,40,2,2
2130,69,21.0594,M,3,4,local,STIPreEmigrating,0,50,108,0,1,INFORMAL,PAUSED,32,3,0
2130,69,21.0594,M,4,0,N/A,STIPostImmigrating,0,50,108,0,1,INFORMAL,PAUSED,32,4,0
2131,37,43.586,F,3,4,local,STIPreEmigrating,0,59,4,0,0,INFORMAL,PAUSED,6,0,3
2131,37,43.586,F,4,0,N/A,STIPostImmigrating,0,59,4,0,1,INFORMAL,PAUSED,6,0,4
2133,28,47.2028,F,3,1,local,STIPreEmigrating,0,56,4,0,1,INFORMAL,PAUSED,67,0,3
2133,28,47.2028,F,1,0,N/A,STIPostImmigrating,0,56,4,0,1,INFORMAL,PAUSED,67,0,1
2135,53,28.7714,F,1,4,local,STIPreEmigrating,0,48,55,0,1,INFORMAL,PAUSED,29,0,1
2135,53,28.7714,F,4,0,N/A,STIPostImmigrating,0,48,55,0,1,INFORMAL,PAUSED,29,0,4
2137,3,14.2525,F,1,2,local,STIPreEmigrating,0,63,3,0,0,INFORMAL,PAUSED,41,1,1
2137,3,14.2525,F,2,0,N/A,STIPostImmigrating,0,63,3,0,1,INFORMAL,PAUSED,41,1,2
2138,6,50.3908,M,1,3,local,STIPreEmigrating,0,59,4,0,1,INFORMAL,PAUSED,37,1,0
2138,6,50.3908,M,3,0,N/A,STIPostImmigrating,0,59,4,0,1,INFORMAL,PAUSED,37,3,0
2140,23,30.2776,F,1,2,local,STIPreEmigrating,0,33,129,0,1,INFORMAL,PAUSED,10,1,1
2140,23,30.2776,F,2,0,N/A,STIPostImmigrating,0,33,129,0,1,INFORMAL,PAUSED,10,1,2
2141,37,43.6134,F,4,2,local,STIPreEmigrating,0,59,4,0,1,INFORMAL,PAUSED,6,0,4
2141,37,43.6134,F,2,0,N/A,STIPostImmigrating,0,59,4,0,1,INFORMAL,PAUSED,6,0,2
2142,62,18.6365,M,1,3,local,STIPreEmigrating,0,40,69,0,1,INFORMAL,PAUSED,61,1,1
2142,62,18.6365,M,3,0,N/A,STIPostImmigrating,0,40,69,0,1,INFORMAL,PAUSED,61,3,1
2144,29,36.3572,M,3,4,local,STIPreEmigrating,0,48,55,0,1,INFORMAL,PAUSED,53,3,0
2144,46,27.2015,F,1,4,local,STIPreEmigrating,0,45,52,0,1,INFORMAL,PAUSED,59,0,1
2144,46,27.2015,F,4,0,N/A,STIPostImmigrating,0,45,52,0,1,INFORMAL,PAUSED,59,0,4
2144,29,36.3572,M,4,0,N/A,STIPostImmigrating,0,48,55,0,1,INFORMAL,NORMAL,53,4,4
2146,64,20.7455,F,4,3,local,STIPreEmigrating,0,58,33,0,1,INFORMAL,PAUSED,50,0,4
2146,64,20.7455,F,3,0,N/A,STIPostImmigrating,0,58,33,0,1,INFORMAL,PAUSED,50,0,3
2150,10,30.9471,M,1,3,local,STIPreEmigrating,0,33,129,0,1,INFORMAL,PAUSED,23,1,0
2150,10,30.9471,M,3,0,N/A,STIPostImmigrating,0,33,129,0,1,INFORMAL,PAUSED,23,3,0
2152,53,28.818,F,4,3,local,STIPreEmigrating,0,48,58,0,1,INFORMAL,PAUSED,29,4,4
2152,53,28.818,F,3,0,N/A,STIPostImmigrating,0,48,58,0,1,INFORMAL,PAUSED,29,4,3
2155,56,45.213,M,1,3,local,STIPreEmigrating,0,57,30,0,1,INFORMAL,PAUSED,58,1,0
2155,56,45.213,M,3,0,N/A,STIPostImmigrating,0,57,30,0,1,INFORMAL,NORMAL,58,3,3
2156,41,23.0167,M,1,4,local,STIPreEmigrating,0,63,3,0,0,INFORMAL,PAUSED,3,1,0
2156,41,23.0167,M,4,0,N/A,STIPostImmigrating,0,63,3,0,1,INFORMAL,PAUSED,3,4,0
2158,69,21.1361,M,4,1,local,STIPreEmigrating,0,50,108,0,1,INFORMAL,PAUSED,32,4,0
2158,69,21.1361,M,1,0,N/A,STIPostImmigrating,0,50,108,0,1,INFORMAL,PAUSED,32,1,0
2159,52,43.0669,M,4,3,local,STIPreEmigrating,0,51,25,0,1,INFORMAL,PAUSED,31,4,0
2159,52,43.0669,M,3,0,N/A,STIPostImmigrating,0,51,25,0,1,INFORMAL,PAUSED,31,3,0
2161,20,22.5915,F,3,4,local,STIPreEmigrating,0,53,38,0,1,INFORMAL,PAUSED,55,0,3
2161,20,22.5915,F,4,0,N/A,STIPostImmigrating,0,53,38,0,1,INFORMAL,PAUSED,55,0,4
2164,21,32.399,F,1,4,local,STIPreEmigrating,0,54,51,0,1,INFORMAL,PAUSED,68,1,1
2164,21,32.399,F,4,0,N/A,STIPostImmigrating,0,54,51,0,1,INFORMAL,PAUSED,68,1,4
2165,67,71.1122,M,2,4,local,STIPreEmigrating,0,56,4,0,1,INFORMAL,PAUSED,28,2,0
2165,27,35.0983,F,2,1,local,STIPreEmigrating,0,60,27,0,0,INFORMAL,PAUSED,49,2,2
2165,27,35.0983,F,1,0,N/A,STIPostImmigrating,0,60,27,0,1,INFORMAL,PAUSED,49,2,1
2165,67,71.1122,M,4,0,N/A,STIPostImmigrating,0,56,4,0,1,INFORMAL,PAUSED,28,4,0
2166,29,36.4175,M,4,1,local,STIPreEmigrating,0,48,58,0,1,INFORMAL,PAUSED,53,4,0
2166,29,36.4175,M,1,0,N/A,STIPostImmigrating,0,48,58,0,1,INFORMAL,PAUSED,53,1,0
2169,46,27.27,F,4,1,local,STIPreEmigrating,0,45,52,0,1,INFORMAL,PAUSED,59,0,4
2169,46,27.27,F,1,0,N/A,STIPostImmigrating,0,45,52,0,1,INFORMAL,PAUSED,59,0,1
2171,41,23.0578,M,4,3,local,STIPreEmigrating,0,63,3,0,1,INFORMAL,PAUSED,3,4,0
2171,41,23.0578,M,3,0,N/A,STIPostImmigrating,0,63,3,0,1,INFORMAL,PAUSED,3,3,0
2175,60,19.9175,F,3,1,local,STIPreEmigrating,0,55,37,0,1,INFORMAL,PAUSED,42,0,3
2175,60,19.9175,F,1,0,N/A,STIPostImmigrating,0,55,37,0,1,INFORMAL,PAUSED,42,0,1
2176,15,89.1259,M,3,2,local,STIPreEmigrating,0,37,60,0,1,INFORMAL,PAUSED,18,3,0
2176,69,21.1855,M,1,4,local,STIPreEmigrating,0,50,108,0,1,INFORMAL,PAUSED,32,1,0
2176,69,21.1855,M,4,0,N/A,STIPostImmigrating,0,50,108,0,1,INFORMAL,PAUSED,32,4,0
2176,15,89.1259,M,2,0,N/A,STIPostImmigrating,0,37,60,0,1,INFORMAL,PAUSED,18,2,0
2179,15,89.1341,M,2,1,local,STIPreEmigrating,0,37,60,0,1,INFORMAL,PAUSED,18,2,0
2179,15,89.1341,M,1,0,N/A,STIPostImmigrating,0,37,60,0,1,INFORMAL,PAUSED,18,1,0
2180,52,43.1244,M,3,2,local,STIPreEmigrating,0,51,25,0,1,INFORMAL,PAUSED,31,3,0
2180,52,43.1244,M,2,0,N/A,STIPostImmigrating,0,51,25,0,1,INFORMAL,PAUSED,31,2,0
2182,29,36.4614,M,1,4,local,STIPreEmigrating,0,48,58,0,1,INFORMAL,PAUSED,53,1,0
2182,29,36.4614,M,4,0,N/A,STIPostImmigrating,0,48,58,0,1,INFORMAL,PAUSED,53,4,0
2189,64,20.8633,F,3,1,local,STIPreEmigrating,0,58,33,0,1,INFORMAL,PAUSED,50,0,3
2189,64,20.8633,F,1,0,N/A,STIPostImmigrating,0,58,33,0,1,INFORMAL,NORMAL,50,1,1
2192,21,32.4757,F,4,1,local,STIPreEmigrating,0,54,51,0,1,INFORMAL,PAUSED,68,0,4
2192,58,33.7394,F,3,1,local,STIPreEmigrating,0,57,43,0,1,INFORMAL,PAUSED,56,3,3
2192,58,33.7394,F,1,0,N/A,STIPostImmigrating,0,57,43,0,1,INFORMAL,PAUSED,56,3,1
2192,21,32.4757,F,1,0,N/A,STIPostImmigrating,0,54,51,0,1,INFORMAL,NORMAL,68,1,1
2194,23,30.4256,F,2,3,local,STIPreEmigrating,0,33,129,0,1,INFORMAL,PAUSED,10,0,2
2194,23,30.4256,F,3,0,N/A,STIPostImmigrating,0,33,129,0,1,INFORMAL,NORMAL,10,3,3
2195,56,45.3225,M,3,1,local,STIPreEmigrating,0,57,43,0,1,INFORMAL,PAUSED,58,3,0
2195,56,45.3225,M,1,0,N/A,STIPostImmigrating,0,57,43,0,1,INFORMAL,NORMAL,58,1,1
2205,37,43.7887,F,2,4,local,STIPreEmigrating,0,59,4,0,1,INFORMAL,PAUSED,6,0,2
2205,37,43.7887,F,4,0,N/A,STIPostImmigrating,0,59,4,0,1,INFORMAL,PAUSED,6,0,4
2206,3,14.4416,F,2,3,local,STIPreEmigrating,0,63,3,0,1,INFORMAL,PAUSED,41,0,2
2206,3,14.4416,F,3,0,N/A,STIPostImmigrating,0,63,3,0,1,INFORMAL,NORMAL,41,3,3
2210,67,71.2355,M,4,2,local,STIPreEmigrating,0,56,4,0,1,INFORMAL,PAUSED,28,4,0
2210,67,71.2355,M,2,0,N/A,STIPostImmigrating,0,56,4,0,1,INFORMAL,PAUSED,28,2,0
2212,28,47.4192,F,1,3,local,STIPreEmigrating,0,56,4,0,1,INFORMAL,PAUSED,67,0,1
2212,28,47.4192,F,3,0,N/A,STIPostImmigrating,0,56,4,0,1,INFORMAL,PAUSED,67,0,3
2213,55,30.4181,M,2,3,local,STIPreEmigrating,0,53,38,0,1,INFORMAL,PAUSED,20,2,0
2213,55,30.4181,M,3,0,N/A,STIPostImmigrating,0,53,38,0,1,INFORMAL,PAUSED,20,3,0
2219,59,24.9751,M,3,2,local,STIPreEmigrating,0,64,7,0,0,INFORMAL,PAUSED,64,3,3
2219,59,24.9751,M,2,0,N/A,STIPostImmigrating,0,64,7,0,1,INFORMAL,PAUSED,64,2,3
2220,49,35.4738,M,2,4,local,STIPreEmigrating,0,60,27,0,0,INFORMAL,PAUSED,27,2,0
2220,49,35.4738,M,4,0,N/A,STIPostImmigrating,0,60,27,0,1,INFORMAL,PAUSED,27,4,0
2222,26,41.9997,F,2,1,local,STIPreEmigrating,0,61,38,0,1,INFORMAL,PAUSED,40,2,2
2222,26,41.9997,F,1,0,N/A,STIPostImmigrating,0,61,38,0,1,INFORMAL,PAUSED,40,2,1
2224,36,49.0349,M,3,2,local,STIPreEmigrating,0,44,29,0,1,INFORMAL,PAUSED,30,3,0
2224,36,49.0349,M,2,0,N/A,STIPostImmigrating,0,44,29,0,1,INFORMAL,PAUSED,30,2,0
2225,61,17.4335,F,1,4,local,STIPreEmigrating,0,40,69,0,1,INFORMAL,PAUSED,62,0,1
2225,61,17.4335,F,4,0,N/A,STIPostImmigrating,0,40,69,0,1,INFORMAL,PAUSED,62,0,4
2226,40,51.4836,M,2,3,local,STIPreEmigrating,0,61,38,0,1,INFORMAL,PAUSED,26,2,0
2226,40,51.4836,M,3,0,N/A,STIPostImmigrating,0,61,38,0,1,INFORMAL,PAUSED,26,3,0
2230,59,25.0052,M,2,4,local,STIPreEmigrating,0,64,7,0,1,INFORMAL,PAUSED,64,2,0
2230,59,25.0052,M,4,0,N/A,STIPostImmigrating,0,64,7,0,1,INFORMAL,PAUSED,64,4,0
2231,23,30.527,F,3,2,local,STIPreEmigrating,0,33,140,0,1,INFORMAL,PAUSED,10,3,3
2231,23,30.527,F,2,0,N/A,STIPostImmigrating,0,33,140,0,1,INFORMAL,PAUSED,10,3,2
2236,23,30.5407,F,2,3,local,STIPreEmigrating,0,33,140,0,1,INFORMAL,PAUSED,10,0,2
2236,60,20.0846,F,1,3,local,STIPreEmigrating,0,55,37,0,1,INFORMAL,PAUSED,42,0,1
2236,60,20.0846,F,3,0,N/A,STIPostImmigrating,0,55,37,0,1,INFORMAL,PAUSED,42,0,3
2236,23,30.5407,F,3,0,N/A,STIPostImmigrating,0,33,140,0,1,INFORMAL,NORMAL,10,3,3
2239,29,36.6175,M,4,2,local,STIPreEmigrating,0,48,58,0,1,INFORMAL,PAUSED,53,4,0
2239,67,71.315,M,2,3,local,STIPreEmigrating,0,56,4,0,1,INFORMAL,PAUSED,28,2,0
2239,67,71.315,M,3,0,N/A,STIPostImmigrating,0,56,4,0,1,INFORMAL,NORMAL,28,3,3
2239,29,36.6175,M,2,0,N/A,STIPostImmigrating,0,48,58,0,1,INFORMAL,PAUSED,53,2,0
2240,59,25.0326,M,4,2,local,STIPreEmigrating,0,64,7,0,1,INFORMAL,PAUSED,64,4,0
2240,59,25.0326,M,2,0,N/A,STIPostImmigrating,0,64,7,0,1,INFORMAL,PAUSED,64,2,0
2241,69,21.3635,M,4,2,local,STIPreEmigrating,0,65,1,0,0,INFORMAL,PAUSED,51,4,4
2241,69,21.3635,M,2,0,N/A,STIPostImmigrating,0,65,1,0,1,INFORMAL,PAUSED,51,2,4
2242,26,42.0545,F,1,3,local,STIPreEmigrating,0,61,38,0,1,INFORMAL,PAUSED,40,0,1
2242,26,42.0545,F,3,0,N/A,STIPostImmigrating,0,61,38,0,1,INFORMAL,NORMAL,40,3,3
2246,41,23.2633,M,3,4,local,STIPreEmigrating,0,63,20,0,1,INFORMAL,PAUSED,3,3,3
2246,36,49.0951,M,2,3,local,STIPreEmigrating,0,44,29,0,1,INFORMAL,PAUSED,30,2,0
2246,59,25.0491,M,2,4,local,STIPreEmigrating,0,64,7,0,1,INFORMAL,PAUSED,64,2,0
2246,59,25.0491,M,4,0,N/A,STIPostImmigrating,0,64,7,0,1,INFORMAL,PAUSED,64,4,0
2246,36,49.0951,M,3,0,N/A,STIPostImmigrating,0,44,29,0,1,INFORMAL,PAUSED,30,3,0
2246,41,23.2633,M,4,0,N/A,STIPostImmigrating,0,63,20,0,1,INFORMAL,PAUSED,3,4,3
2250,51,20.5382,F,4,2,local,STIPreEmigrating,0,65,1,0,0,INFORMAL,PAUSED,69,0,4
2250,51,20.5382,F,2,0,N/A,STIPostImmigrating,0,65,1,0,1,INFORMAL,NORMAL,69,2,2
2253,23,30.5872,F,3,2,local,STIPreEmigrating,0,33,142,0,1,INFORMAL,PAUSED,10,3,3
2253,23,30.5872,F,2,0,N/A,STIPostImmigrating,0,33,142,0,1,INFORMAL,PAUSED,10,3,2
2255,20,22.849,F,4,3,local,STIPreEmigrating,0,53,38,0,1,INFORMAL,PAUSED,55,0,4
2255,20,22.849,F,3,0,N/A,STIPostImmigrating,0,53,38,0,1,INFORMAL,NORMAL,55,3,3
2256,61,17.5185,F,4,1,local,STIPreEmigrating,0,40,69,0,1,INFORMAL,PAUSED,62,0,4
2256,61,17.5185,F,1,0,N/A,STIPostImmigrating,0,40,69,0,1,INFORMAL,PAUSED,62,0,1
2257,49,35.5751,M,4,3,local,STIPreEmigrating,0,60,27,0,1,INFORMAL,PAUSED,27,4,0
2257,49,35.5751,M,3,0,N/A,STIPostImmigrating,0,60,27,0,1,INFORMAL,PAUSED,27,3,0
2259,60,20.1476,F,3,2,local,STIPreEmigrating,0,55,37,0,1,INFORMAL,PAUSED,42,0,3
2259,30,36.4705,F,1,2,local,STIPreEmigrating,0,44,29,0,1,INFORMAL,PAUSED,36,0,1
2259,30,36.4705,F,2,0,N/A,STIPostImmigrating,0,44,29,0,1,INFORMAL,PAUSED,36,0,2
2259,60,20.1476,F,2,0,N/A,STIPostImmigrating,0,55,37,0,1,INFORMAL,NORMAL,42,2,2
2260,67,71.3725,M,3,2,local,STIPreEmigrating,0,56,7,0,1,INFORMAL,PAUSED,28,3,3
2260,67,71.3725,M,2,0,N/A,STIPostImmigrating,0,56,7,0,1,INFORMAL,PAUSED,28,2,3
2261,39,36.3605,M,3,2,local,STIPreEmigrating,0,62,75,0,0,INFORMAL,PAUSED,34,3,3
2261,39,36.3605,M,2,0,N/A,STIPostImmigrating,0,62,75,0,1,INFORMAL,PAUSED,34,2,3
2265,40,51.5904,M,3,4,local,STIPreEmigrating,0,61,46,0,1,INFORMAL,PAUSED,26,3,3
2265,40,51.5904,M,4,0,N/A,STIPostImmigrating,0,61,46,0,1,INFORMAL,PAUSED,26,4,3
2276,40,51.6205,M,4,3,local,STIPreEmigrating,0,61,46,0,1,INFORMAL,PAUSED,26,4,0
2276,40,51.6205,M,3,0,N/A,STIPostImmigrating,0,61,46,0,1,INFORMAL,NORMAL,26,3,3
2278,64,21.1071,F,3,2,local,STIPreEmigrating,0,64,7,0,0,INFORMAL,PAUSED,59,0,3
2278,64,21.1071,F,2,0,N/A,STIPostImmigrating,0,64,7,0,1,INFORMAL,PAUSED,59,0,2
2284,30,36.539,F,2,1,local,STIPreEmigrating,0,44,29,0,1,INFORMAL,PAUSED,36,0,2
2284,56,45.5664,M,1,3,local,STIPreEmigrating,0,57,73,0,1,INFORMAL,PAUSED,58,1,1
2284,56,45.5664,M,3,0,N/A,STIPostImmigrating,0,57,73,0,1,INFORMAL,PAUSED,58,3,1
2284,30,36.539,F,1,0,N/A,STIPostImmigrating,0,44,29,0,1,INFORMAL,PAUSED,36,0,1
2285,27,35.4271,F,1,2,local,STIPreEmigrating,0,60,27,0,1,INFORMAL,PAUSED,49,0,1
2285,27,35.4271,F,2,0,N/A,STIPostImmigrating,0,60,27,0,1,INFORMAL,PAUSED,49,0,2
2286,3,14.6608,F,3,2,local,STIPreEmigrating,0,63,20,0,1,INFORMAL,PAUSED,41,0,3
2286,60,20.2216,F,2,3,local,STIPreEmigrating,0,55,43,0,1,INFORMAL,PAUSED,42,2,2
2286,60,20.2216,F,3,0,N/A,STIPostImmigrating,0,55,43,0,1,INFORMAL,PAUSED,42,2,3
2286,3,14.6608,F,2,0,N/A,STIPostImmigrating,0,63,20,0,1,INFORMAL,PAUSED,41,0,2
2287,15,89.43,M,1,2,local,STIPreEmigrating,0,37,60,0,1,INFORMAL,PAUSED,18,1,0
2287,15,89.43,M,2,0,N/A,STIPostImmigrating,0,37,60,0,1,INFORMAL,PAUSED,18,2,0
2288,36,49.2102,M,3,2,local,STIPreEmigrating,0,44,29,0,1,INFORMAL,PAUSED,30,3,0
2288,36,49.2102,M,2,0,N/A,STIPostImmigrating,0,44,29,0,1,INFORMAL,PAUSED,30,2,0
2289,58,34.0052,F,1,2,local,STIPreEmigrating,0,57,73,0,1,INFORMAL,PAUSED,56,0,1
2289,58,34.0052,F,2,0,N/A,STIPostImmigrating,0,57,73,0,1,INFORMAL,PAUSED,56,0,2
2292,64,21.1455,F,2,3,local,STIPreEmigrating,0,64,7,0,1,INFORMAL,PAUSED,59,0,2
2292,39,36.4454,M,2,4,local,STIPreEmigrating,0,62,75,0,1,INFORMAL,PAUSED,34,2,0
2292,39,36.4454,M,4,0,N/A,STIPostImmigrating,0,62,75,0,1,INFORMAL,PAUSED,34,4,0
2292,64,21.1455,F,3,0,N/A,STIPostImmigrating,0,64,7,0,1,INFORMAL,PAUSED,59,0,3
2297,62,19.0612,M,3,1,local,STIPreEmigrating,0,40,69,0,1,INFORMAL,PAUSED,61,3,0
2297,61,17.6308,F,1,4,local,STIPreEmigrating,0,40,69,0,1,INFORMAL,PAUSED,62,0,1
2297,61,17.6308,F,4,0,N/A,STIPostImmigrating,0,40,69,0,1,INFORMAL,PAUSED,62,0,4
2297,62,19.0612,M,1,0,N/A,STIPostImmigrating,0,40,69,0,1,INFORMAL,PAUSED,61,1,0
2298,49,35.6875,M,3,4,local,STIPreEmigrating,0,60,27,0,1,INFORMAL,PAUSED,27,3,0
2298,49,35.6875,M,4,0,N/A,STIPostImmigrating,0,60,27,0,1,INFORMAL,PAUSED,27,4,0
2305,61,17.6527,F,4,2,local,STIPreEmigrating,0,40,69,0,1,INFORMAL,PAUSED,62,0,4
2305,61,17.6527,F,2,0,N/A,STIPostImmigrating,0,40,69,0,1,INFORMAL,PAUSED,62,0,2
2306,60,20.2764,F,3,2,local,STIPreEmigrating,0,55,43,0,1,INFORMAL,PAUSED,42,0,3
2306,60,20.2764,F,2,0,N/A,STIPostImmigrating,0,55,43,0,1,INFORMAL,NORMAL,42,2,2
2308,23,30.7379,F,2,1,local,STIPreEmigrating,0,33,142,0,1,INFORMAL,PAUSED,10,0,2
2308,62,19.0913,M,1,2,local,STIPreEmigrating,0,40,69,0,1,INFORMAL,PAUSED,61,1,0
2308,62,19.0913,M,2,0,N/A,STIPostImmigrating,0,40,69,0,1,INFORMAL,NORMAL,61,2,2
2308,23,30.7379,F,1,0,N/A,STIPostImmigrating,0,33,142,0,1,INFORMAL,PAUSED,10,0,1
2309,39,36.492,M,4,2,local,STIPreEmigrating,0,62,75,0,1,INFORMAL,PAUSED,34,4,0
2309,39,36.492,M,2,0,N/A,STIPostImmigrating,0,62,75,0,1,INFORMAL,PAUSED,34,2,0
2315,51,20.7163,F,2,3,local,STIPreEmigrating,0,65,27,0,1,INFORMAL,PAUSED,69,2,2
2315,51,20.7163,F,3,0,N/A,STIPostImmigrating,0,65,27,0,1,INFORMAL,PAUSED,69,2,3
2318,36,49.2924,M,2,3,local,STIPreEmigrating,0,44,29,0,1,INFORMAL,PAUSED,30,2,0
2318,36,49.2924,M,3,0,N/A,STIPostImmigrating,0,44,29,0,1,INFORMAL,PAUSED,30,3,0
2319,36,49.2951,M,3,4,local,STIPreEmigrating,0,44,29,0,1,INFORMAL,PAUSED,30,3,0
2319,36,49.2951,M,4,0,N/A,STIPostImmigrating,0,44,29,0,1,INFORMAL,PAUSED,30,4,0
2323,61,17.702,F,2,4,local,STIPreEmigrating,0,40,72,0,1,INFORMAL,PAUSED,62,2,2
2323,61,17.702,F,4,0,N/A,STIPostImmigrating,0,40,72,0,1,INFORMAL,PAUSED,62,2,4
2327,49,35.7669,M,4,2,local,STIPreEmigrating,0,60,27,0,1,INFORMAL,PAUSED,27,4,0
2327,49,35.7669,M,2,0,N/A,STIPostImmigrating,0,60,27,0,1,INFORMAL,NORMAL,27,2,2
2328,30,36.6595,F,1,2,local,STIPreEmigrating,0,44,29,0,1,INFORMAL,PAUSED,36,0,1
2328,30,36.6595,F,2,0,N/A,STIPostImmigrating,0,44,29,0,1,INFORMAL,PAUSED,36,0,2
2330,27,35.5504,F,2,3,local,STIPreEmigrating,0,60,29,0,1,INFORMAL,PAUSED,49,2,2
2330,21,32.8538,F,1,4,local,STIPreEmigrating,0,54,104,0,1,INFORMAL,PAUSED,68,1,1
2330,21,32.8538,F,4,0,N/A,STIPostImmigrating,0,54,104,0,1,INFORMAL,PAUSED,68,1,4
2330,27,35.5504,F,3,0,N/A,STIPostImmigrating,0,60,29,0,1,INFORMAL,PAUSED,49,2,3
2333,37,44.1394,F,4,2,local,STIPreEmigrating,0,59,4,0,1,INFORMAL,PAUSED,6,0,4
2333,37,44.1394,F,2,0,N/A,STIPostImmigrating,0,59,4,0,1,INFORMAL,PAUSED,6,0,2
2335,21,32.8675,F,4,2,local,STIPreEmigrating,0,54,104,0,1,INFORMAL,PAUSED,68,0,4
2335,21,32.8675,F,2,0,N/A,STIPostImmigrating,0,54,104,0,1,INFORMAL,PAUSED,68,0,2
2337,53,29.3249,F,3,4,local,STIPreEmigrating,0,48,58,0,1,INFORMAL,PAUSED,29,0,3
2337,29,36.886,M,2,4,local,STIPreEmigrating,0,48,58,0,1,INFORMAL,PAUSED,53,2,0
2337,39,36.5687,M,2,1,local,STIPreEmigrating,0,62,75,0,1,INFORMAL,PAUSED,34,2,0
2337,39,36.5687,M,1,0,N/A,STIPostImmigrating,0,62,75,0,1,INFORMAL,PAUSED,34,1,0
2337,29,36.886,M,4,0,N/A,STIPostImmigrating,0,48,58,0,1,INFORMAL,PAUSED,53,4,0
2337,53,29.3249,F,4,0,N/A,STIPostImmigrating,0,48,58,0,1,INFORMAL,NORMAL,29,4,4
2340,39,36.5769,M,1,2,local,STIPreEmigrating,0,62,75,0,1,INFORMAL,PAUSED,34,1,0
2340,39,36.5769,M,2,0,N/A,STIPostImmigrating,0,62,75,0,1,INFORMAL,PAUSED,34,2,0
2343,51,20.793,F,3,2,local,STIPreEmigrating,0,65,27,0,1,INFORMAL,PAUSED,69,0,3
2343,51,20.793,F,2,0,N/A,STIPostImmigrating,0,65,27,0,1,INFORMAL,NORMAL,69,2,2
2345,29,36.9079,M,4,2,local,STIPreEmigrating,0,48,60,0,1,INFORMAL,PAUSED,53,4,4
2345,29,36.9079,M,2,0,N/A,STIPostImmigrating,0,48,60,0,1,INFORMAL,PAUSED,53,2,4
2346,6,50.9607,M,3,1,local,STIPreEmigrating,0,59,4,0,1,INFORMAL,PAUSED,37,3,0
2346,6,50.9607,M,1,0,N/A,STIPostImmigrating,0,59,4,0,1,INFORMAL,PAUSED,37,1,0
2347,42,23.0632,M,2,1,local,STIPreEmigrating,0,55,61,0,1,INFORMAL,PAUSED,60,2,2
2347,42,23.0632,M,1,0,N/A,STIPostImmigrating,0,55,61,0,1,INFORMAL,PAUSED,60,1,2
2348,3,14.8306,F,2,4,local,STIPreEmigrating,0,63,20,0,1,INFORMAL,PAUSED,41,0,2
2348,3,14.8306,F,4,0,N/A,STIPostImmigrating,0,63,20,0,1,INFORMAL,NORMAL,41,4,4
2352,61,17.7815,F,4,2,local,STIPreEmigrating,0,40,72,0,1,INFORMAL,PAUSED,62,0,4
2352,61,17.7815,F,2,0,N/A,STIPostImmigrating,0,40,72,0,1,INFORMAL,NORMAL,62,2,2
2354,51,20.8231,F,2,3,local,STIPreEmigrating,0,65,30,0,1,INFORMAL,PAUSED,69,2,2
2354,51,20.8231,F,3,0,N/A,STIPostImmigrating,0,65,30,0,1,INFORMAL,PAUSED,69,2,3
2362,6,51.0045,M,1,3,local,STIPreEmigrating,0,59,4,0,1,INFORMAL,PAUSED,37,1,0
2362,6,51.0045,M,3,0,N/A,STIPostImmigrating,0,59,4,0,1,INFORMAL,PAUSED,37,3,0
2365,63,47.0975,F,2,3,local,STIPreEmigrating,0,66,19,0,0,INFORMAL,PAUSED,5,2,2
2365,63,47.0975,F,3,0,N/A,STIPostImmigrating,0,66,19,0,1,INFORMAL,PAUSED,5,2,3
2373,59,25.397,M,4,2,local,STIPreEmigrating,0,64,7,0,1,INFORMAL,PAUSED,64,4,0
2373,59,25.397,M,2,0,N/A,STIPostImmigrating,0,64,7,0,1,INFORMAL,PAUSED,64,2,0
2378,23,30.9297,F,1,2,local,STIPreEmigrating,0,68,7,0,0,INFORMAL,PAUSED,50,1,1
2378,23,30.9297,F,2,0,N/A,STIPostImmigrating,0,68,7,0,1,INFORMAL,PAUSED,50,1,2
2383,40,51.9137,M,3,2,local,STIPreEmigrating,0,61,70,0,1,INFORMAL,PAUSED,26,3,3
2383,40,51.9137,M,2,0,N/A,STIPostImmigrating,0,61,70,0,1,INFORMAL,PAUSED,26,2,3
2384,42,23.1646,M,1,3,local,STIPreEmigrating,0,55,61,0,1,INFORMAL,PAUSED,60,1,0
2384,42,23.1646,M,3,0,N/A,STIPostImmigrating,0,55,61,0,1,INFORMAL,PAUSED,60,3,0
2386,41,23.6469,M,4,2,local,STIPreEmigrating,0,63,36,0,1,INFORMAL,PAUSED,3,4,4
2386,41,23.6469,M,2,0,N/A,STIPostImmigrating,0,63,36,0,1,INFORMAL,PAUSED,3,2,4
2388,53,29.4646,F,4,3,local,STIPreEmigrating,0,48,60,0,1,INFORMAL,PAUSED,29,0,4
2388,53,29.4646,F,3,0,N/A,STIPostImmigrating,0,48,60,0,1,INFORMAL,PAUSED,29,0,3
2392,6,51.0867,M,3,1,local,STIPreEmigrating,0,59,4,0,1,INFORMAL,PAUSED,37,3,0
2392,6,51.0867,M,1,0,N/A,STIPostImmigrating,0,59,4,0,1,INFORMAL,PAUSED,37,1,0
2395,49,35.9532,M,2,4,local,STIPreEmigrating,0,60,29,0,1,INFORMAL,PAUSED,27,2,0
2395,49,35.9532,M,4,0,N/A,STIPostImmigrating,0,60,29,0,1,INFORMAL,PAUSED,27,4,0
2397,59,25.4628,M,2,4,local,STIPreEmigrating,0,64,7,0,1,INFORMAL,PAUSED,64,2,0
2397,59,25.4628,M,4,0,N/A,STIPostImmigrating,0,64,7,0,1,INFORMAL,PAUSED,64,4,0
2406,53,29.5139,F,3,4,local,STIPreEmigrating,0,48,60,0,1,INFORMAL,PAUSED,29,0,3
2406,53,29.5139,F,4,0,N/A,STIPostImmigrating,0,48,60,0,1,INFORMAL,PAUSED,29,0,4
2409,39,36.766,M,2,3,local,STIPreEmigrating,0,62,75,0,1,INFORMAL,PAUSED,34,2,0
2409,39,36.766,M,3,0,N/A,STIPostImmigrating,0,62,75,0,0,INFORMAL,NORMAL,34,3,3
2410,50,34.884,M,1,4,local,STIPreEmigrating,0,68,7,0,0,INFORMAL,PAUSED,23,1,0
2410,50,34.884,M,4,0,N/A,STIPostImmigrating,0,68,7,0,1,INFORMAL,PAUSED,23,4,0
2414,61,17.9514,F,2,4,local,STIPreEmigrating,0,40,88,0,1,INFORMAL,PAUSED,62,2,2
2414,61,17.9514,F,4,0,N/A,STIPostImmigrating,0,40,88,0,1,INFORMAL,PAUSED,62,2,4
2415,18,69.4462,F,4,1,local,STIPreEmigrating,0,37,60,0,1,INFORMAL,PAUSED,15,0,4
2415,30,36.8979,F,2,1,local,STIPreEmigrating,0,44,29,0,1,INFORMAL,PAUSED,36,0,2
2415,30,36.8979,F,1,0,N/A,STIPostImmigrating,0,44,29,0,1,INFORMAL,PAUSED,36,0,1
2415,18,69.4462,F,1,0,N/A,STIPostImmigrating,0,37,60,0,1,INFORMAL,PAUSED,15,0,1
2417,26,42.534,F,3,1,local,STIPreEmigrating,0,61,70,0,1,INFORMAL,PAUSED,40,0,3
2417,26,42.534,F,1,0,N/A,STIPostImmigrating,0,61,70,0,1,INFORMAL,PAUSED,40,0,1
2419,29,37.1107,M,2,4,local,STIPreEmigrating,0,48,60,0,1,INFORMAL,PAUSED,53,2,0
2419,29,37.1107,M,4,0,N/A,STIPostImmigrating,0,48,60,0,1,INFORMAL,NORMAL,53,4,4
2422,64,21.5017,F,3,1,local,STIPreEmigrating,0,64,7,0,1,INFORMAL,PAUSED,59,0,3
2422,64,21.5017,F,1,0,N/A,STIPostImmigrating,0,64,7,0,1,INFORMAL,PAUSED,59,0,1
2425,53,29.566,F,4,1,local,STIPreEmigrating,0,48,60,0,1,INFORMAL,PAUSED,29,4,4
2425,40,52.0288,M,2,3,local,STIPreEmigrating,0,61,70,0,1,INFORMAL,PAUSED,26,2,0
2425,40,52.0288,M,3,0,N/A,STIPostImmigrating,0,61,70,0,1,INFORMAL,PAUSED,26,3,0
2425,53,29.566,F,1,0,N/A,STIPostImmigrating,0,48,60,0,1,INFORMAL,PAUSED,29,4,1
2428,61,17.9897,F,4,2,local,STIPreEmigrating,0,40,88,0,1,INFORMAL,PAUSED,62,0,4
2428,61,17.9897,F,2,0,N/A,STIPostImmigrating,0,40,88,0,1,INFORMAL,NORMAL,62,2,2
2429,37,44.4024,F,2,4,local,STIPreEmigrating,0,59,4,0,1,INFORMAL,PAUSED,6,0,2
2429,37,44.4024,F,4,0,N/A,STIPostImmigrating,0,59,4,0,1,INFORMAL,PAUSED,6,0,4
2430,59,25.5532,M,4,2,local,STIPreEmigrating,0,64,7,0,1,INFORMAL,PAUSED,64,4,0
2430,62,19.4256,M,2,1,local,STIPreEmigrating,0,40,88,0,1,INFORMAL,PAUSED,61,2,2
2430,62,19.4256,M,1,0,N/A,STIPostImmigrating,0,40,88,0,1,INFORMAL,PAUSED,61,1,2
2430,59,25.5532,M,2,0,N/A,STIPostImmigrating,0,64,7,0,1,INFORMAL,PAUSED,64,2,0
2431,36,49.602,M,4,3,local,STIPreEmigrating,0,44,29,0,1,INFORMAL,PAUSED,30,4,0
2431,36,49.602,M,3,0,N/A,STIPostImmigrating,0,44,29,0,1,INFORMAL,PAUSED,30,3,0
2433,56,45.9746,M,3,2,local,STIPreEmigrating,0,57,73,0,1,INFORMAL,PAUSED,58,3,0
2433,56,45.9746,M,2,0,N/A,STIPostImmigrating,0,57,73,0,1,INFORMAL,NORMAL,58,2,2
2435,41,23.7811,M,2,4,local,STIPreEmigrating,0,63,36,0,1,INFORMAL,PAUSED,3,2,0
2435,41,23.7811,M,4,0,N/A,STIPostImmigrating,0,63,36,0,1,INFORMAL,NORMAL,3,4,4
2439,59,25.5778,M,2,3,local,STIPreEmigrating,0,64,7,0,1,INFORMAL,PAUSED,64,2,0
2439,59,25.5778,M,3,0,N/A,STIPostImmigrating,0,64,7,0,1,INFORMAL,PAUSED,64,3,0
2440,30,36.9664,F,1,2,local,STIPreEmigrating,0,44,29,0,1,INFORMAL,PAUSED,36,0,1
2440,30,36.9664,F,2,0,N/A,STIPostImmigrating,0,44,29,0,1,INFORMAL,PAUSED,36,0,2
2442,37,44.4381,F,4,1,local,STIPreEmigrating,0,59,4,0,1,INFORMAL,PAUSED,6,0,4
2442,37,44.4381,F,1,0,N/A,STIPostImmigrating,0,59,4,0,1,INFORMAL,NORMAL,6,1,1
2443,36,49.6349,M,3,2,local,STIPreEmigrating,0,44,29,0,1,INFORMAL,PAUSED,30,3,0
2443,36,49.6349,M,2,0,N/A,STIPostImmigrating,0,44,29,0,1,INFORMAL,NORMAL,30,2,2
2447,29,37.1874,M,4,2,local,STIPreEmigrating,0,48,60,0,1,INFORMAL,PAUSED,53,4,0
2447,29,37.1874,M,2,0,N/A,STIPostImmigrating,0,48,60,0,1,INFORMAL,PAUSED,53,2,0
2450,15,89.8766,M,2,3,local,STIPreEmigrating,0,37,60,0,1,INFORMAL,PAUSED,18,2,0
2450,15,89.8766,M,3,0,N/A,STIPostImmigrating,0,37,60,0,1,INFORMAL,PAUSED,18,3,0
2451,36,49.6568,M,2,3,local,STIPreEmigrating,0,44,30,0,1,INFORMAL,PAUSED,30,2,2
2451,36,49.6568,M,3,0,N/A,STIPostImmigrating,0,44,30,0,1,INFORMAL,PAUSED,30,3,2
2455,60,20.6846,F,2,3,local,STIPreEmigrating,0,55,61,0,1,INFORMAL,PAUSED,42,0,2
2455,68,39.8378,M,1,3,local,STIPreEmigrating,0,67,35,0,0,INFORMAL,PAUSED,31,1,1
2455,68,39.8378,M,3,0,N/A,STIPostImmigrating,0,67,35,0,1,INFORMAL,PAUSED,31,3,1
2455,60,20.6846,F,3,0,N/A,STIPostImmigrating,0,55,61,0,1,INFORMAL,NORMAL,42,3,3
2456,18,69.5586,F,1,3,local,STIPreEmigrating,0,37,60,0,1,INFORMAL,PAUSED,15,0,1
2456,18,69.5586,F,3,0,N/A,STIPostImmigrating,0,37,60,0,1,INFORMAL,NORMAL,15,3,3
2463,68,39.8598,M,3,1,local,STIPreEmigrating,0,67,35,0,1,INFORMAL,PAUSED,31,3,0
2463,68,39.8598,M,1,0,N/A,STIPostImmigrating,0,67,35,0,0,INFORMAL,NORMAL,31,1,1
2464,68,39.8625,M,1,3,local,STIPreEmigrating,0,67,35,0,0,INFORMAL,PAUSED,31,1,1
2464,68,39.8625,M,3,0,N/A,STIPostImmigrating,0,67,35,0,1,INFORMAL,PAUSED,31,3,1
2466,23,31.1708,F,2,1,local,STIPreEmigrating,0,68,7,0,1,INFORMAL,PAUSED,50,0,2
2466,23,31.1708,F,1,0,N/A,STIPostImmigrating,0,68,7,0,1,INFORMAL,PAUSED,50,0,1
2468,63,47.3797,F,3,2,local,STIPreEmigrating,0,66,19,0,1,INFORMAL,PAUSED,5,0,3
2468,63,47.3797,F,2,0,N/A,STIPostImmigrating,0,66,19,0,0,INFORMAL,NORMAL,5,2,2
2471,42,23.4029,M,3,1,local,STIPreEmigrating,0,55,67,0,1,INFORMAL,PAUSED,60,3,3
2471,42,23.4029,M,1,0,N/A,STIPostImmigrating,0,55,67,0,1,INFORMAL,PAUSED,60,1,3
2472,41,23.8825,M,4,2,local,STIPreEmigrating,0,63,48,0,1,INFORMAL,PAUSED,3,4,4
2472,31,36.5299,F,1,2,local,STIPreEmigrating,0,67,35,0,0,INFORMAL,PAUSED,68,0,1
2472,31,36.5299,F,2,0,N/A,STIPostImmigrating,0,67,35,0,1,INFORMAL,PAUSED,68,0,2
2472,41,23.8825,M,2,0,N/A,STIPostImmigrating,0,63,48,0,1,INFORMAL,PAUSED,3,2,4
2473,10,31.832,M,3,1,local,STIPreEmigrating,0,69,26,0,0,INFORMAL,PAUSED,20,3,3
2473,10,31.832,M,1,0,N/A,STIPostImmigrating,0,69,26,0,1,INFORMAL,PAUSED,20,1,3
2474,61,18.1157,F,2,4,local,STIPreEmigrating,0,40,88,0,1,INFORMAL,PAUSED,62,0,2
2474,63,47.3962,F,2,3,local,STIPreEmigrating,0,66,21,0,0,INFORMAL,PAUSED,5,2,2
2474,63,47.3962,F,3,0,N/A,STIPostImmigrating,0,66,21,0,1,INFORMAL,PAUSED,5,2,3
2474,61,18.1157,F,4,0,N/A,STIPostImmigrating,0,40,88,0,1,INFORMAL,PAUSED,62,0,4
2486,62,19.579,M,1,4,local,STIPreEmigrating,0,40,88,0,1,INFORMAL,PAUSED,61,1,0
2486,42,23.444,M,1,2,local,STIPreEmigrating,0,55,67,0,1,INFORMAL,PAUSED,60,1,0
2486,42,23.444,M,2,0,N/A,STIPostImmigrating,0,55,67,0,1,INFORMAL,PAUSED,60,2,0
2486,62,19.579,M,4,0,N/A,STIPostImmigrating,0,40,88,0,1,INFORMAL,NORMAL,61,4,4
2487,50,35.095,M,4,1,local,STIPreEmigrating,0,68,7,0,1,INFORMAL,PAUSED,23,4,0
2487,50,35.095,M,1,0,N/A,STIPostImmigrating,0,68,7,0,1,INFORMAL,NORMAL,23,1,1
2494,50,35.1142,M,1,4,local,STIPreEmigrating,0,68,9,0,1,INFORMAL,PAUSED,23,1,1
2494,50,35.1142,M,4,0,N/A,STIPostImmigrating,0,68,9,0,1,INFORMAL,PAUSED,23,4,1
2496,60,20.797,F,3,2,local,STIPreEmigrating,0,55,67,0,1,INFORMAL,PAUSED,42,0,3
2496,60,20.797,F,2,0,N/A,STIPostImmigrating,0,55,67,0,1,INFORMAL,NORMAL,42,2,2
2503,56,46.1664,M,2,3,local,STIPreEmigrating,0,57,98,0,1,INFORMAL,PAUSED,58,2,2
2503,56,46.1664,M,3,0,N/A,STIPostImmigrating,0,57,98,0,1,INFORMAL,PAUSED,58,3,2
2504,68,39.9721,M,3,1,local,STIPreEmigrating,0,67,35,0,1,INFORMAL,PAUSED,31,3,0
2504,68,39.9721,M,1,0,N/A,STIPostImmigrating,0,67,35,0,1,INFORMAL,PAUSED,31,1,0
2505,10,31.9197,M,1,3,local,STIPreEmigrating,0,69,26,0,1,INFORMAL,PAUSED,20,1,0
2505,10,31.9197,M,3,0,N/A,STIPostImmigrating,0,69,26,0,0,INFORMAL,NORMAL,20,3,3
2507,31,36.6258,F,2,1,local,STIPreEmigrating,0,67,35,0,1,INFORMAL,PAUSED,68,0,2
2507,31,36.6258,F,1,0,N/A,STIPostImmigrating,0,67,35,0,1,INFORMAL,NORMAL,68,1,1
2509,40,52.2589,M,3,4,local,STIPreEmigrating,0,61,70,0,1,INFORMAL,PAUSED,26,3,0
2509,40,52.2589,M,4,0,N/A,STIPostImmigrating,0,61,70,0,1,INFORMAL,PAUSED,26,4,0
2510,20,23.5476,F,3,4,local,STIPreEmigrating,0,69,28,0,0,INFORMAL,PAUSED,10,3,3
2510,20,23.5476,F,4,0,N/A,STIPostImmigrating,0,69,28,0,1,INFORMAL,PAUSED,10,3,4
2511,6,51.4127,M,1,4,local,STIPreEmigrating,0,59,20,0,1,INFORMAL,PAUSED,37,1,1
2511,6,51.4127,M,4,0,N/A,STIPostImmigrating,0,59,20,0,1,INFORMAL,PAUSED,37,4,1
2512,64,21.7482,F,1,3,local,STIPreEmigrating,0,64,7,0,1,INFORMAL,PAUSED,59,0,1
2512,64,21.7482,F,3,0,N/A,STIPostImmigrating,0,64,7,0,1,INFORMAL,NORMAL,59,3,3
2517,6,51.4292,M,4,1,local,STIPreEmigrating,0,59,20,0,1,INFORMAL,PAUSED,37,4,0
2517,58,34.6299,F,2,1,local,STIPreEmigrating,0,57,98,0,1,INFORMAL,PAUSED,56,0,2
2517,58,34.6299,F,1,0,N/A,STIPostImmigrating,0,57,98,0,1,INFORMAL,PAUSED,56,0,1
2517,6,51.4292,M,1,0,N/A,STIPostImmigrating,0,59,20,0,1,INFORMAL,NORMAL,37,1,1
2518,30,37.1801,F,2,1,local,STIPreEmigrating,0,44,30,0,1,INFORMAL,PAUSED,36,0,2
2518,30,37.1801,F,1,0,N/A,STIPostImmigrating,0,44,30,0,1,INFORMAL,PAUSED,36,0,1
2519,60,20.86,F,2,3,local,STIPreEmigrating,0,55,76,0,1,INFORMAL,PAUSED,42,2,2
2519,60,20.86,F,3,0,N/A,STIPostImmigrating,0,55,76,0,1,INFORMAL,PAUSED,42,2,3
2522,31,36.6669,F,1,2,local,STIPreEmigrating,0,67,39,0,1,INFORMAL,PAUSED,68,1,1
2522,31,36.6669,F,2,0,N/A,STIPostImmigrating,0,67,39,0,1,INFORMAL,PAUSED,68,1,2
2527,42,23.5563,M,2,1,local,STIPreEmigrating,0,55,76,0,1,INFORMAL,PAUSED,60,2,0
2527,42,23.5563,M,1,0,N/A,STIPostImmigrating,0,55,76,0,1,INFORMAL,PAUSED,60,1,0
2528,18,69.7558,F,3,1,local,STIPreEmigrating,0,37,78,0,1,INFORMAL,PAUSED,15,3,3
2528,30,37.2075,F,1,4,local,STIPreEmigrating,0,44,30,0,1,INFORMAL,PAUSED,36,0,1
2528,30,37.2075,F,4,0,N/A,STIPostImmigrating,0,44,30,0,1,INFORMAL,PAUSED,36,0,4
2528,18,69.7558,F,1,0,N/A,STIPostImmigrating,0,37,78,0,1,INFORMAL,PAUSED,15,3,1
2529,33,50.1805,F,3,4,local,STIPreEmigrating,0,71,16,0,0,INFORMAL,PAUSED,54,3,3
2529,33,50.1805,F,4,0,N/A,STIPostImmigrating,0,71,16,0,1,INFORMAL,PAUSED,54,3,4
2531,52,44.086,M,4,3,local,STIPreEmigrating,0,70,25,0,0,INFORMAL,PAUSED,21,4,4
2531,58,34.6682,F,1,3,local,STIPreEmigrating,0,57,98,0,1,INFORMAL,PAUSED,56,0,1
2531,18,69.764,F,1,2,local,STIPreEmigrating,0,37,78,0,1,INFORMAL,PAUSED,15,0,1
2531,18,69.764,F,2,0,N/A,STIPostImmigrating,0,37,78,0,1,INFORMAL,PAUSED,15,0,2
2531,58,34.6682,F,3,0,N/A,STIPostImmigrating,0,57,98,0,1,INFORMAL,NORMAL,56,3,3
2531,52,44.086,M,3,0,N/A,STIPostImmigrating,0,70,25,0,1,INFORMAL,PAUSED,21,3,4
2532,36,49.8787,M,3,2,local,STIPreEmigrating,0,44,30,0,1,INFORMAL,PAUSED,30,3,0
2532,36,49.8787,M,2,0,N/A,STIPostImmigrating,0,44,30,0,1,INFORMAL,PAUSED,30,2,0
2533,6,51.473,M,1,2,local,STIPreEmigrating,0,59,26,0,1,INFORMAL,PAUSED,37,1,1
2533,6,51.473,M,2,0,N/A,STIPostImmigrating,0,59,26,0,1,INFORMAL,PAUSED,37,2,1
2534,33,50.1942,F,4,1,local,STIPreEmigrating,0,71,16,0,1,INFORMAL,PAUSED,54,0,4
2534,33,50.1942,F,1,0,N/A,STIPostImmigrating,0,71,16,0,1,INFORMAL,PAUSED,54,0,1
2539,37,44.7038,F,1,4,local,STIPreEmigrating,0,59,26,0,1,INFORMAL,PAUSED,6,0,1
2539,37,44.7038,F,4,0,N/A,STIPostImmigrating,0,59,26,0,1,INFORMAL,PAUSED,6,0,4
2540,21,33.4291,F,4,3,local,STIPreEmigrating,0,70,25,0,0,INFORMAL,PAUSED,52,0,4
2540,21,33.4291,F,3,0,N/A,STIPostImmigrating,0,70,25,0,1,INFORMAL,NORMAL,52,3,3
2541,18,69.7914,F,2,1,local,STIPreEmigrating,0,37,78,0,1,INFORMAL,PAUSED,15,0,2
2541,18,69.7914,F,1,0,N/A,STIPostImmigrating,0,37,78,0,1,INFORMAL,PAUSED,15,0,1
2542,54,62.0476,M,3,1,local,STIPreEmigrating,0,71,16,0,0,INFORMAL,PAUSED,33,3,0
2542,54,62.0476,M,1,0,N/A,STIPostImmigrating,0,71,16,0,1,INFORMAL,NORMAL,33,1,1
2544,58,34.7038,F,3,1,local,STIPreEmigrating,0,57,101,0,1,INFORMAL,PAUSED,56,3,3
2544,41,24.0797,M,2,4,local,STIPreEmigrating,0,72,12,0,0,INFORMAL,PAUSED,3,2,2
2544,41,24.0797,M,4,0,N/A,STIPostImmigrating,0,72,12,0,1,INFORMAL,PAUSED,3,4,2
2544,58,34.7038,F,1,0,N/A,STIPostImmigrating,0,57,101,0,1,INFORMAL,PAUSED,56,3,1
2552,61,18.3294,F,4,2,local,STIPreEmigrating,0,40,109,0,1,INFORMAL,PAUSED,62,4,4
2552,61,18.3294,F,2,0,N/A,STIPostImmigrating,0,40,109,0,1,INFORMAL,PAUSED,62,4,2
2555,20,23.6709,F,4,3,local,STIPreEmigrating,0,69,28,0,1,INFORMAL,PAUSED,10,0,4
2555,20,23.6709,F,3,0,N/A,STIPostImmigrating,0,69,28,0,0,INFORMAL,NORMAL,10,3,3
2558,23,31.4229,F,1,2,local,STIPreEmigrating,0,68,9,0,1,INFORMAL,PAUSED,50,0,1
2558,23,31.4229,F,2,0,N/A,STIPostImmigrating,0,68,9,0,1,INFORMAL,PAUSED,50,0,2
2565,5,54.4468,M,2,4,local,STIPreEmigrating,0,66,21,0,0,INFORMAL,PAUSED,63,2,0
2565,5,54.4468,M,4,0,N/A,STIPostImmigrating,0,66,21,0,1,INFORMAL,PAUSED,63,4,0
2566,63,47.6482,F,3,2,local,STIPreEmigrating,0,66,21,0,1,INFORMAL,PAUSED,5,0,3
2566,63,47.6482,F,2,0,N/A,STIPostImmigrating,0,66,21,0,1,INFORMAL,PAUSED,5,0,2
2568,62,19.8037,M,4,1,local,STIPreEmigrating,0,40,109,0,1,INFORMAL,PAUSED,61,4,0
2568,33,50.2874,F,1,4,local,STIPreEmigrating,0,71,27,0,1,INFORMAL,PAUSED,54,1,1
2568,33,50.2874,F,4,0,N/A,STIPostImmigrating,0,71,27,0,1,INFORMAL,PAUSED,54,1,4
2568,62,19.8037,M,1,0,N/A,STIPostImmigrating,0,40,109,0,1,INFORMAL,PAUSED,61,1,0
2569,10,32.095,M,3,1,local,STIPreEmigrating,0,69,31,0,0,INFORMAL,PAUSED,20,3,3
2569,10,32.095,M,1,0,N/A,STIPostImmigrating,0,69,31,0,1,INFORMAL,PAUSED,20,1,3
2571,10,32.1005,M,1,4,local,STIPreEmigrating,0,69,31,0,1,INFORMAL,PAUSED,20,1,0
2571,10,32.1005,M,4,0,N/A,STIPostImmigrating,0,69,31,0,1,INFORMAL,PAUSED,20,4,0
2572,60,21.0052,F,3,4,local,STIPreEmigrating,0,55,76,0,1,INFORMAL,PAUSED,42,0,3
2572,63,47.6647,F,2,1,local,STIPreEmigrating,0,66,21,0,1,INFORMAL,PAUSED,5,0,2
2572,63,47.6647,F,1,0,N/A,STIPostImmigrating,0,66,21,0,1,INFORMAL,PAUSED,5,0,1
2572,60,21.0052,F,4,0,N/A,STIPostImmigrating,0,55,76,0,1,INFORMAL,PAUSED,42,0,4
2574,37,44.7997,F,4,1,local,STIPreEmigrating,0,59,26,0,1,INFORMAL,PAUSED,6,0,4
2574,16,29.6006,F,3,1,local,STIPreEmigrating,0,73,10,0,0,INFORMAL,PAUSED,39,3,3
2574,16,29.6006,F,1,0,N/A,STIPostImmigrating,0,73,10,0,1,INFORMAL,PAUSED,39,3,1
2574,37,44.7997,F,1,0,N/A,STIPostImmigrating,0,59,26,0,1,INFORMAL,PAUSED,6,0,1
2578,51,21.4368,F,3,2,local,STIPreEmigrating,0,65,30,0,1,INFORMAL,PAUSED,69,0,3
2578,42,23.6961,M,1,4,local,STIPreEmigrating,0,55,76,0,1,INFORMAL,PAUSED,60,1,0
2578,42,23.6961,M,4,0,N/A,STIPostImmigrating,0,55,76,0,1,INFORMAL,NORMAL,60,4,4
2578,51,21.4368,F,2,0,N/A,STIPostImmigrating,0,65,30,0,1,INFORMAL,NORMAL,69,2,2
2582,42,23.707,M,4,1,local,STIPreEmigrating,0,55,78,0,1,INFORMAL,PAUSED,60,4,4
2582,42,23.707,M,1,0,N/A,STIPostImmigrating,0,55,78,0,1,INFORMAL,PAUSED,60,1,4
2590,58,34.8298,F,1,4,local,STIPreEmigrating,0,57,101,0,1,INFORMAL,PAUSED,56,0,1
2590,58,34.8298,F,4,0,N/A,STIPostImmigrating,0,57,101,0,1,INFORMAL,PAUSED,56,0,4
2592,52,44.2532,M,3,2,local,STIPreEmigrating,0,70,41,0,1,INFORMAL,PAUSED,21,3,3
2592,52,44.2532,M,2,0,N/A,STIPostImmigrating,0,70,41,0,1,INFORMAL,PAUSED,21,2,3
2594,18,69.9366,F,1,2,local,STIPreEmigrating,0,37,78,0,1,INFORMAL,PAUSED,15,0,1
2594,18,69.9366,F,2,0,N/A,STIPostImmigrating,0,37,78,0,1,INFORMAL,PAUSED,15,0,2
2597,64,21.9811,F,3,4,local,STIPreEmigrating,0,64,39,0,1,INFORMAL,PAUSED,59,3,3
2597,64,21.9811,F,4,0,N/A,STIPostImmigrating,0,64,39,0,1,INFORMAL,PAUSED,59,3,4
2599,33,50.3723,F,4,2,local,STIPreEmigrating,0,71,27,0,1,INFORMAL,PAUSED,54,0,4
2599,61,18.4582,F,2,4,local,STIPreEmigrating,0,40,109,0,1,INFORMAL,PAUSED,62,0,2
2599,61,18.4582,F,4,0,N/A,STIPostImmigrating,0,40,109,0,1,INFORMAL,PAUSED,62,0,4
2599,33,50.3723,F,2,0,N/A,STIPostImmigrating,0,71,27,0,1,INFORMAL,PAUSED,54,0,2
2601,30,37.4075,F,4,1,local,STIPreEmigrating,0,44,30,0,1,INFORMAL,PAUSED,36,0,4
2601,52,44.2778,M,2,3,local,STIPreEmigrating,0,70,41,0,1,INFORMAL,PAUSED,21,2,0
2601,52,44.2778,M,3,0,N/A,STIPostImmigrating,0,70,41,0,1,INFORMAL,NORMAL,21,3,3
2601,30,37.4075,F,1,0,N/A,STIPostImmigrating,0,44,30,0,1,INFORMAL,PAUSED,36,0,1
2602,23,31.5434,F,2,3,local,STIPreEmigrating,0,68,9,0,1,INFORMAL,PAUSED,50,0,2
2602,23,31.5434,F,3,0,N/A,STIPostImmigrating,0,68,9,0,1,INFORMAL,PAUSED,50,0,3
2603,59,26.0271,M,3,2,local,STIPreEmigrating,0,64,39,0,1,INFORMAL,PAUSED,64,3,0
2603,59,26.0271,M,2,0,N/A,STIPostImmigrating,0,64,39,0,1,INFORMAL,PAUSED,64,2,0
2604,40,52.5192,M,3,2,local,STIPreEmigrating,0,74,4,0,0,INFORMAL,PAUSED,26,3,3
2604,23,31.5489,F,3,2,local,STIPreEmigrating,0,68,9,0,1,INFORMAL,PAUSED,50,0,3
2604,23,31.5489,F,2,0,N/A,STIPostImmigrating,0,68,9,0,1,INFORMAL,PAUSED,50,0,2
2604,40,52.5192,M,2,0,N/A,STIPostImmigrating,0,74,4,0,1,INFORMAL,PAUSED,26,2,3
2605,33,50.3888,F,2,4,local,STIPreEmigrating,0,71,27,0,1,INFORMAL,PAUSED,54,0,2
2605,33,50.3888,F,4,0,N/A,STIPostImmigrating,0,71,27,0,1,INFORMAL,PAUSED,54,0,4
2607,52,44.2943,M,3,2,local,STIPreEmigrating,0,70,43,0,1,INFORMAL,PAUSED,21,3,3
2607,52,44.2943,M,2,0,N/A,STIPostImmigrating,0,70,43,0,1,INFORMAL,PAUSED,21,2,3
2612,36,50.0979,M,2,3,local,STIPreEmigrating,0,44,30,0,1,INFORMAL,PAUSED,30,2,0
2612,36,50.0979,M,3,0,N/A,STIPostImmigrating,0,44,30,0,1,INFORMAL,PAUSED,30,3,0
2613,54,62.2421,M,1,4,local,STIPreEmigrating,0,71,27,0,1,INFORMAL,PAUSED,33,1,0
2613,54,62.2421,M,4,0,N/A,STIPostImmigrating,0,71,27,0,1,INFORMAL,NORMAL,33,4,4
2616,39,37.3331,M,3,2,local,STIPreEmigrating,0,73,10,0,0,INFORMAL,PAUSED,16,3,0
2616,6,51.7004,M,2,1,local,STIPreEmigrating,0,59,26,0,1,INFORMAL,PAUSED,37,2,0
2616,6,51.7004,M,1,0,N/A,STIPostImmigrating,0,59,26,0,1,INFORMAL,NORMAL,37,1,1
2616,39,37.3331,M,2,0,N/A,STIPostImmigrating,0,73,10,0,1,INFORMAL,PAUSED,16,2,0
2618,3,15.5704,F,2,4,local,STIPreEmigrating,0,72,12,0,0,INFORMAL,PAUSED,41,0,2
2618,3,15.5704,F,4,0,N/A,STIPostImmigrating,0,72,12,0,1,INFORMAL,NORMAL,41,4,4
2620,68,40.2899,M,1,3,local,STIPreEmigrating,0,67,39,0,1,INFORMAL,PAUSED,31,1,0
2620,68,40.2899,M,3,0,N/A,STIPostImmigrating,0,67,39,0,1,INFORMAL,PAUSED,31,3,0
2621,16,29.7294,F,1,3,local,STIPreEmigrating,0,73,10,0,1,INFORMAL,PAUSED,39,0,1
2621,16,29.7294,F,3,0,N/A,STIPostImmigrating,0,73,10,0,1,INFORMAL,PAUSED,39,0,3
2627,41,24.3071,M,4,1,local,STIPreEmigrating,0,72,15,0,1,INFORMAL,PAUSED,3,4,4
2627,41,24.3071,M,1,0,N/A,STIPostImmigrating,0,72,15,0,1,INFORMAL,PAUSED,3,1,4
2637,51,21.5985,F,2,1,local,STIPreEmigrating,0,75,4,0,0,INFORMAL,PAUSED,69,2,2
2637,41,24.3345,M,1,4,local,STIPreEmigrating,0,72,15,0,1,INFORMAL,PAUSED,3,1,0
2637,41,24.3345,M,4,0,N/A,STIPostImmigrating,0,72,15,0,1,INFORMAL,NORMAL,3,4,4
2637,51,21.5985,F,1,0,N/A,STIPostImmigrating,0,75,4,0,1,INFORMAL,PAUSED,69,2,1
2640,20,23.9038,F,3,2,local,STIPreEmigrating,0,69,31,0,0,INFORMAL,PAUSED,10,0,3
2640,20,23.9038,F,2,0,N/A,STIPostImmigrating,0,69,31,0,1,INFORMAL,PAUSED,10,0,2
2642,36,50.1801,M,3,2,local,STIPreEmigrating,0,44,30,0,1,INFORMAL,PAUSED,30,3,0
2642,36,50.1801,M,2,0,N/A,STIPostImmigrating,0,44,30,0,1,INFORMAL,PAUSED,30,2,0
2646,39,37.4153,M,2,1,local,STIPreEmigrating,0,73,10,0,1,INFORMAL,PAUSED,16,2,0
2646,39,37.4153,M,1,0,N/A,STIPostImmigrating,0,73,10,0,1,INFORMAL,PAUSED,16,1,0
2649,33,50.5093,F,4,2,local,STIPreEmigrating,0,71,34,0,1,INFORMAL,PAUSED,54,4,4
2649,33,50.5093,F,2,0,N/A,STIPostImmigrating,0,71,34,0,1,INFORMAL,PAUSED,54,4,2
2655,33,50.5257,F,2,4,local,STIPreEmigrating,0,71,34,0,1,INFORMAL,PAUSED,54,0,2
2655,33,50.5257,F,4,0,N/A,STIPostImmigrating,0,71,34,0,1,INFORMAL,NORMAL,54,4,4
2656,37,45.0244,F,1,4,local,STIPreEmigrating,0,59,38,0,1,INFORMAL,PAUSED,6,1,1
2656,6,51.81,M,1,4,local,STIPreEmigrating,0,59,38,0,1,INFORMAL,PAUSED,37,1,0
2656,6,51.81,M,4,0,N/A,STIPostImmigrating,0,59,38,0,1,INFORMAL,PAUSED,37,4,0
2656,37,45.0244,F,4,0,N/A,STIPostImmigrating,0,59,38,0,1,INFORMAL,NORMAL,6,4,4
2659,42,23.918,M,1,2,local,STIPreEmigrating,0,55,78,0,1,INFORMAL,PAUSED,60,1,0
2659,62,20.053,M,1,2,local,STIPreEmigrating,0,40,109,0,1,INFORMAL,PAUSED,61,1,0
2659,62,20.053,M,2,0,N/A,STIPostImmigrating,0,40,109,0,1,INFORMAL,PAUSED,61,2,0
2659,42,23.918,M,2,0,N/A,STIPostImmigrating,0,55,78,0,1,INFORMAL,PAUSED,60,2,0
2661,56,46.5993,M,3,2,local,STIPreEmigrating,0,57,101,0,1,INFORMAL,PAUSED,58,3,0
2661,56,46.5993,M,2,0,N/A,STIPostImmigrating,0,57,101,0,1,INFORMAL,PAUSED,58,2,0
2667,5,54.7262,M,4,1,local,STIPreEmigrating,0,66,21,0,1,INFORMAL,PAUSED,63,4,0
2667,15,90.4711,M,3,2,local,STIPreEmigrating,0,37,78,0,1,INFORMAL,PAUSED,18,3,0
2667,15,90.4711,M,2,0,N/A,STIPostImmigrating,0,37,78,0,1,INFORMAL,NORMAL,18,2,2
2667,5,54.7262,M,1,0,N/A,STIPostImmigrating,0,66,21,0,1,INFORMAL,NORMAL,63,1,1
2674,41,24.4359,M,4,2,local,STIPreEmigrating,0,72,23,0,1,INFORMAL,PAUSED,3,4,4
2674,41,24.4359,M,2,0,N/A,STIPostImmigrating,0,72,23,0,1,INFORMAL,PAUSED,3,2,4
2675,49,36.7203,M,4,2,local,STIPreEmigrating,0,76,6,0,0,INFORMAL,PAUSED,46,4,4
2675,33,50.5805,F,4,2,local,STIPreEmigrating,0,71,37,0,1,INFORMAL,PAUSED,54,4,4
2675,33,50.5805,F,2,0,N/A,STIPostImmigrating,0,71,37,0,1,INFORMAL,PAUSED,54,4,2
2675,49,36.7203,M,2,0,N/A,STIPostImmigrating,0,76,6,0,1,INFORMAL,PAUSED,46,2,4
2678,37,45.0846,F,4,2,local,STIPreEmigrating,0,59,46,0,1,INFORMAL,PAUSED,6,4,4
2678,37,45.0846,F,2,0,N/A,STIPostImmigrating,0,59,46,0,1,INFORMAL,PAUSED,6,4,2
2680,59,26.2381,M,2,4,local,STIPreEmigrating,0,64,39,0,1,INFORMAL,PAUSED,64,2,0
2680,59,26.2381,M,4,0,N/A,STIPostImmigrating,0,64,39,0,1,INFORMAL,NORMAL,64,4,4
2681,51,21.719,F,1,2,local,STIPreEmigrating,0,75,4,0,1,INFORMAL,PAUSED,69,0,1
2681,51,21.719,F,2,0,N/A,STIPostImmigrating,0,75,4,0,0,INFORMAL,NORMAL,69,2,2
2682,63,47.966,F,1,2,local,STIPreEmigrating,0,66,25,0,1,INFORMAL,PAUSED,5,1,1
2682,63,47.966,F,2,0,N/A,STIPostImmigrating,0,66,25,0,1,INFORMAL,PAUSED,5,1,2
2683,20,24.0216,F,2,3,local,STIPreEmigrating,0,69,31,0,1,INFORMAL,PAUSED,10,0,2
2683,20,24.0216,F,3,0,N/A,STIPostImmigrating,0,69,31,0,1,INFORMAL,PAUSED,10,0,3
2685,37,45.1038,F,2,4,local,STIPreEmigrating,0,59,46,0,1,INFORMAL,PAUSED,6,0,2
2685,37,45.1038,F,4,0,N/A,STIPostImmigrating,0,59,46,0,1,INFORMAL,NORMAL,6,4,4
2688,54,62.4476,M,4,1,local,STIPreEmigrating,0,71,37,0,1,INFORMAL,PAUSED,33,4,0
2688,5,54.7838,M,1,4,local,STIPreEmigrating,0,66,25,0,1,INFORMAL,PAUSED,63,1,0
2688,5,54.7838,M,4,0,N/A,STIPostImmigrating,0,66,25,0,1,INFORMAL,PAUSED,63,4,0
2688,54,62.4476,M,1,0,N/A,STIPostImmigrating,0,71,37,0,1,INFORMAL,PAUSED,33,1,0
2691,16,29.9212,F,3,2,local,STIPreEmigrating,0,73,10,0,1,INFORMAL,PAUSED,39,0,3
2691,16,29.9212,F,2,0,N/A,STIPostImmigrating,0,73,10,0,1,INFORMAL,PAUSED,39,0,2
2692,5,54.7947,M,4,1,local,STIPreEmigrating,0,66,25,0,1,INFORMAL,PAUSED,63,4,0
2692,10,32.432,M,4,1,local,STIPreEmigrating,0,69,31,0,1,INFORMAL,PAUSED,20,4,0
2692,10,32.432,M,1,0,N/A,STIPostImmigrating,0,69,31,0,1,INFORMAL,PAUSED,20,1,0
2692,5,54.7947,M,1,0,N/A,STIPostImmigrating,0,66,25,0,1,INFORMAL,PAUSED,63,1,0
2694,39,37.5468,M,1,2,local,STIPreEmigrating,0,73,10,0,1,INFORMAL,PAUSED,16,1,0
2694,39,37.5468,M,2,0,N/A,STIPostImmigrating,0,73,10,0,1,INFORMAL,NORMAL,16,2,2
2696,69,22.6101,M,2,4,local,STIPreEmigrating,0,75,12,0,0,INFORMAL,PAUSED,51,2,2
2696,69,22.6101,M,4,0,N/A,STIPostImmigrating,0,75,12,0,1,INFORMAL,PAUSED,51,4,2
2697,43,17.5046,F,2,3,local,STIPreEmigrating,0,77,7,0,0,INFORMAL,PAUSED,62,2,2
2697,43,17.5046,F,3,0,N/A,STIPostImmigrating,0,77,7,0,1,INFORMAL,PAUSED,62,2,3
2706,37,45.1613,F,4,3,local,STIPreEmigrating,0,59,50,0,1,INFORMAL,PAUSED,6,4,4
2706,37,45.1613,F,3,0,N/A,STIPostImmigrating,0,59,50,0,1,INFORMAL,PAUSED,6,4,3
2716,69,22.6649,M,4,1,local,STIPreEmigrating,0,75,12,0,1,INFORMAL,PAUSED,51,4,0
2716,69,22.6649,M,1,0,N/A,STIPostImmigrating,0,75,12,0,1,INFORMAL,PAUSED,51,1,0
2719,46,28.7768,F,4,1,local,STIPreEmigrating,0,76,6,0,0,INFORMAL,PAUSED,49,0,4
2719,46,28.7768,F,1,0,N/A,STIPostImmigrating,0,76,6,0,1,INFORMAL,PAUSED,49,0,1
2722,51,21.8314,F,2,4,local,STIPreEmigrating,0,75,12,0,0,INFORMAL,PAUSED,69,0,2
2722,10,32.5142,M,1,2,local,STIPreEmigrating,0,69,31,0,1,INFORMAL,PAUSED,20,1,0
2722,10,32.5142,M,2,0,N/A,STIPostImmigrating,0,69,31,0,1,INFORMAL,PAUSED,20,2,0
2722,51,21.8314,F,4,0,N/A,STIPostImmigrating,0,75,12,0,1,INFORMAL,PAUSED,69,0,4
2726,15,90.6327,M,2,1,local,STIPreEmigrating,0,37,100,0,1,INFORMAL,PAUSED,18,2,2
2726,15,90.6327,M,1,0,N/A,STIPostImmigrating,0,37,100,0,1,INFORMAL,PAUSED,18,1,2
2729,43,17.5922,F,3,2,local,STIPreEmigrating,0,77,7,0,1,INFORMAL,PAUSED,62,0,3
2729,43,17.5922,F,2,0,N/A,STIPostImmigrating,0,77,7,0,0,INFORMAL,NORMAL,62,2,2
2730,20,24.1504,F,3,2,local,STIPreEmigrating,0,69,31,0,1,INFORMAL,PAUSED,10,0,3
2730,20,24.1504,F,2,0,N/A,STIPostImmigrating,0,69,31,0,1,INFORMAL,NORMAL,10,2,2
2732,4,44.4438,F,3,4,local,STIPreEmigrating,0,78,4,0,0,INFORMAL,PAUSED,68,3,3
2732,21,33.9551,F,3,4,local,STIPreEmigrating,0,70,43,0,1,INFORMAL,PAUSED,52,0,3
2732,21,33.9551,F,4,0,N/A,STIPostImmigrating,0,70,43,0,1,INFORMAL,PAUSED,52,0,4
2732,4,44.4438,F,4,0,N/A,STIPostImmigrating,0,78,4,0,1,INFORMAL,PAUSED,68,3,4
2733,54,62.5708,M,1,4,local,STIPreEmigrating,0,71,37,0,1,INFORMAL,PAUSED,33,1,0
2733,54,62.5708,M,4,0,N/A,STIPostImmigrating,0,71,37,0,1,INFORMAL,PAUSED,33,4,0
2734,58,35.2244,F,4,1,local,STIPreEmigrating,0,57,101,0,1,INFORMAL,PAUSED,56,0,4
2734,58,35.2244,F,1,0,N/A,STIPostImmigrating,0,57,101,0,1,INFORMAL,PAUSED,56,0,1
2737,54,62.5818,M,4,1,local,STIPreEmigrating,0,71,37,0,1,INFORMAL,PAUSED,33,4,0
2737,39,37.6646,M,2,4,local,STIPreEmigrating,0,73,28,0,1,INFORMAL,PAUSED,16,2,2
2737,39,37.6646,M,4,0,N/A,STIPostImmigrating,0,73,28,0,1,INFORMAL,PAUSED,16,4,2
2737,54,62.5818,M,1,0,N/A,STIPostImmigrating,0,71,37,0,1,INFORMAL,PAUSED,33,1,0
2740,18,70.3366,F,2,1,local,STIPreEmigrating,0,37,100,0,1,INFORMAL,PAUSED,15,0,2
2740,40,52.8918,M,2,3,local,STIPreEmigrating,0,74,4,0,1,INFORMAL,PAUSED,26,2,0
2740,40,52.8918,M,3,0,N/A,STIPostImmigrating,0,74,4,0,0,INFORMAL,NORMAL,26,3,3
2740,18,70.3366,F,1,0,N/A,STIPostImmigrating,0,37,100,0,1,INFORMAL,NORMAL,15,1,1
2745,49,36.9121,M,2,4,local,STIPreEmigrating,0,76,6,0,1,INFORMAL,PAUSED,46,2,0
2745,49,36.9121,M,4,0,N/A,STIPostImmigrating,0,76,6,0,1,INFORMAL,PAUSED,46,4,0
2746,68,40.6351,M,3,1,local,STIPreEmigrating,0,78,4,0,0,INFORMAL,PAUSED,4,3,0
2746,68,40.6351,M,1,0,N/A,STIPostImmigrating,0,78,4,0,1,INFORMAL,PAUSED,4,1,0
2747,46,28.8535,F,1,3,local,STIPreEmigrating,0,76,6,0,1,INFORMAL,PAUSED,49,0,1
2747,46,28.8535,F,3,0,N/A,STIPostImmigrating,0,76,6,0,1,INFORMAL,PAUSED,49,0,3
2748,42,24.1618,M,2,1,local,STIPreEmigrating,0,55,78,0,1,INFORMAL,PAUSED,60,2,0
2748,42,24.1618,M,1,0,N/A,STIPostImmigrating,0,55,78,0,1,INFORMAL,PAUSED,60,1,0
2749,59,26.4271,M,4,2,local,STIPreEmigrating,0,64,54,0,1,INFORMAL,PAUSED,64,4,4
2749,59,26.4271,M,2,0,N/A,STIPostImmigrating,0,64,54,0,1,INFORMAL,PAUSED,64,2,4
2751,20,24.2079,F,2,3,local,STIPreEmigrating,0,69,44,0,1,INFORMAL,PAUSED,10,2,2
2751,20,24.2079,F,3,0,N/A,STIPostImmigrating,0,69,44,0,1,INFORMAL,PAUSED,10,2,3
2752,62,20.3078,M,2,1,local,STIPreEmigrating,0,77,16,0,0,INFORMAL,PAUSED,43,2,2
2752,62,20.3078,M,1,0,N/A,STIPostImmigrating,0,77,16,0,1,INFORMAL,PAUSED,43,1,2
2753,3,15.9402,F,4,2,local,STIPreEmigrating,0,72,23,0,1,INFORMAL,PAUSED,41,0,4
2753,3,15.9402,F,2,0,N/A,STIPostImmigrating,0,72,23,0,1,INFORMAL,NORMAL,41,2,2
2760,10,32.6183,M,2,1,local,STIPreEmigrating,0,69,44,0,1,INFORMAL,PAUSED,20,2,0
2760,10,32.6183,M,1,0,N/A,STIPostImmigrating,0,69,44,0,1,INFORMAL,PAUSED,20,1,0
2761,51,21.9382,F,4,2,local,STIPreEmigrating,0,75,12,0,1,INFORMAL,PAUSED,69,0,4
2761,51,21.9382,F,2,0,N/A,STIPostImmigrating,0,75,12,0,1,INFORMAL,PAUSED,69,0,2
2765,49,36.9669,M,4,3,local,STIPreEmigrating,0,76,6,0,1,INFORMAL,PAUSED,46,4,0
2765,5,54.9947,M,1,4,local,STIPreEmigrating,0,66,25,0,1,INFORMAL,PAUSED,63,1,0
2765,5,54.9947,M,4,0,N/A,STIPostImmigrating,0,66,25,0,1,INFORMAL,PAUSED,63,4,0
2765,49,36.9669,M,3,0,N/A,STIPostImmigrating,0,76,6,0,1,INFORMAL,NORMAL,46,3,3
2767,10,32.6375,M,1,2,local,STIPreEmigrating,0,69,44,0,1,INFORMAL,PAUSED,20,1,0
2767,10,32.6375,M,2,0,N/A,STIPostImmigrating,0,69,44,0,1,INFORMAL,PAUSED,20,2,0
2770,4,44.5479,F,4,3,local,STIPreEmigrating,0,78,4,0,1,INFORMAL,PAUSED,68,0,4
2770,4,44.5479,F,3,0,N/A,STIPostImmigrating,0,78,4,0,1,INFORMAL,PAUSED,68,0,3
2773,3,15.995,F,2,4,local,STIPreEmigrating,0,72,29,0,1,INFORMAL,PAUSED,41,2,2
2773,42,24.2303,M,1,2,local,STIPreEmigrating,0,55,78,0,1,INFORMAL,PAUSED,60,1,0
2773,42,24.2303,M,2,0,N/A,STIPostImmigrating,0,55,78,0,1,INFORMAL,PAUSED,60,2,0
2773,3,15.995,F,4,0,N/A,STIPostImmigrating,0,72,29,0,1,INFORMAL,PAUSED,41,2,4
2777,16,30.1568,F,2,3,local,STIPreEmigrating,0,73,28,0,1,INFORMAL,PAUSED,39,0,2
2777,16,30.1568,F,3,0,N/A,STIPostImmigrating,0,73,28,0,1,INFORMAL,PAUSED,39,0,3
2781,4,44.578,F,3,1,local,STIPreEmigrating,0,78,4,0,1,INFORMAL,PAUSED,68,0,3
2781,4,44.578,F,1,0,N/A,STIPostImmigrating,0,78,4,0,1,INFORMAL,NORMAL,68,1,1
2784,33,50.8792,F,2,4,local,STIPreEmigrating,0,71,37,0,1,INFORMAL,PAUSED,54,0,2
2784,33,50.8792,F,4,0,N/A,STIPostImmigrating,0,71,37,0,1,INFORMAL,PAUSED,54,0,4
2785,41,24.74,M,2,4,local,STIPreEmigrating,0,72,29,0,1,INFORMAL,PAUSED,3,2,0
2785,41,24.74,M,4,0,N/A,STIPostImmigrating,0,72,29,0,1,INFORMAL,NORMAL,3,4,4
2786,16,30.1815,F,3,4,local,STIPreEmigrating,0,73,28,0,1,INFORMAL,PAUSED,39,0,3
2786,16,30.1815,F,4,0,N/A,STIPostImmigrating,0,73,28,0,1,INFORMAL,NORMAL,39,4,4
2787,42,24.2687,M,2,1,local,STIPreEmigrating,0,55,78,0,1,INFORMAL,PAUSED,60,2,0
2787,42,24.2687,M,1,0,N/A,STIPostImmigrating,0,55,78,0,1,INFORMAL,PAUSED,60,1,0
2789,39,37.8071,M,4,2,local,STIPreEmigrating,0,73,31,0,1,INFORMAL,PAUSED,16,4,4
2789,39,37.8071,M,2,0,N/A,STIPostImmigrating,0,73,31,0,1,INFORMAL,PAUSED,16,2,4
2794,15,90.819,M,1,2,local,STIPreEmigrating,0,37,120,0,1,INFORMAL,PAUSED,18,1,1
2794,15,90.819,M,2,0,N/A,STIPostImmigrating,0,37,120,0,1,INFORMAL,PAUSED,18,2,1
2795,3,16.0553,F,4,2,local,STIPreEmigrating,0,72,33,0,1,INFORMAL,PAUSED,41,4,4
2795,3,16.0553,F,2,0,N/A,STIPostImmigrating,0,72,33,0,1,INFORMAL,PAUSED,41,4,2
2796,21,34.1305,F,4,1,local,STIPreEmigrating,0,70,43,0,1,INFORMAL,PAUSED,52,0,4
2796,20,24.3312,F,3,4,local,STIPreEmigrating,0,69,44,0,1,INFORMAL,PAUSED,10,0,3
2796,20,24.3312,F,4,0,N/A,STIPostImmigrating,0,69,44,0,1,INFORMAL,PAUSED,10,0,4
2796,21,34.1305,F,1,0,N/A,STIPostImmigrating,0,70,43,0,1,INFORMAL,PAUSED,52,0,1
2797,46,28.9905,F,3,1,local,STIPreEmigrating,0,76,19,0,1,INFORMAL,PAUSED,49,3,3
2797,46,28.9905,F,1,0,N/A,STIPostImmigrating,0,76,19,0,1,INFORMAL,PAUSED,49,3,1
2798,6,52.199,M,4,1,local,STIPreEmigrating,0,59,50,0,1,INFORMAL,PAUSED,37,4,0
2798,6,52.199,M,1,0,N/A,STIPostImmigrating,0,59,50,0,1,INFORMAL,PAUSED,37,1,0
2799,54,62.7517,M,1,3,local,STIPreEmigrating,0,71,37,0,1,INFORMAL,PAUSED,33,1,0
2799,54,62.7517,M,3,0,N/A,STIPostImmigrating,0,71,37,0,1,INFORMAL,PAUSED,33,3,0
2800,6,52.2045,M,1,2,local,STIPreEmigrating,0,59,50,0,1,INFORMAL,PAUSED,37,1,0
2800,6,52.2045,M,2,0,N/A,STIPostImmigrating,0,59,50,0,1,INFORMAL,PAUSED,37,2,0
2803,31,37.4367,F,4,2,local,STIPreEmigrating,0,79,17,0,0,INFORMAL,PAUSED,29,4,4
2803,62,20.4475,M,1,4,local,STIPreEmigrating,0,77,16,0,1,INFORMAL,PAUSED,43,1,0
2803,62,20.4475,M,4,0,N/A,STIPostImmigrating,0,77,16,0,1,INFORMAL,PAUSED,43,4,0
2803,31,37.4367,F,2,0,N/A,STIPostImmigrating,0,79,17,0,1,INFORMAL,PAUSED,29,4,2
2805,42,24.318,M,1,2,local,STIPreEmigrating,0,55,78,0,1,INFORMAL,PAUSED,60,1,0
2805,42,24.318,M,2,0,N/A,STIPostImmigrating,0,55,78,0,1,INFORMAL,PAUSED,60,2,0
2809,18,70.5257,F,1,3,local,STIPreEmigrating,0,37,120,0,1,INFORMAL,PAUSED,15,0,1
2809,18,70.5257,F,3,0,N/A,STIPostImmigrating,0,37,120,0,1,INFORMAL,PAUSED,15,0,3
2810,64,22.5647,F,4,3,local,STIPreEmigrating,0,64,54,0,1,INFORMAL,PAUSED,59,0,4
2810,64,22.5647,F,3,0,N/A,STIPostImmigrating,0,64,54,0,1,INFORMAL,PAUSED,59,0,3
2811,59,26.597,M,2,3,local,STIPreEmigrating,0,64,54,0,1,INFORMAL,PAUSED,64,2,0
2811,21,34.1716,F,1,4,local,STIPreEmigrating,0,70,43,0,1,INFORMAL,PAUSED,52,0,1
2811,21,34.1716,F,4,0,N/A,STIPostImmigrating,0,70,43,0,1,INFORMAL,PAUSED,52,0,4
2811,59,26.597,M,3,0,N/A,STIPostImmigrating,0,64,54,0,1,INFORMAL,NORMAL,64,3,3
2814,60,21.6682,F,4,3,local,STIPreEmigrating,0,55,78,0,1,INFORMAL,PAUSED,42,0,4
2814,60,21.6682,F,3,0,N/A,STIPostImmigrating,0,55,78,0,1,INFORMAL,PAUSED,42,0,3
2815,5,55.1317,M,4,3,local,STIPreEmigrating,0,66,25,0,1,INFORMAL,PAUSED,63,4,0
2815,5,55.1317,M,3,0,N/A,STIPostImmigrating,0,66,25,0,1,INFORMAL,PAUSED,63,3,0
2826,68,40.8543,M,1,3,local,STIPreEmigrating,0,78,19,0,1,INFORMAL,PAUSED,4,1,1
2826,68,40.8543,M,3,0,N/A,STIPostImmigrating,0,78,19,0,1,INFORMAL,PAUSED,4,3,1
2829,68,40.8625,M,3,4,local,STIPreEmigrating,0,78,19,0,1,INFORMAL,PAUSED,4,3,0
2829,68,40.8625,M,4,0,N/A,STIPostImmigrating,0,78,19,0,1,INFORMAL,PAUSED,4,4,0
2841,4,44.7424,F,1,3,local,STIPreEmigrating,0,78,19,0,1,INFORMAL,PAUSED,68,0,1
2841,4,44.7424,F,3,0,N/A,STIPostImmigrating,0,78,19,0,1,INFORMAL,PAUSED,68,0,3
2843,40,53.174,M,3,4,local,STIPreEmigrating,0,74,50,0,0,INFORMAL,PAUSED,26,3,3
2843,40,53.174,M,4,0,N/A,STIPostImmigrating,0,74,50,0,1,INFORMAL,PAUSED,26,4,3
2845,41,24.9044,M,4,1,local,STIPreEmigrating,0,72,33,0,1,INFORMAL,PAUSED,3,4,0
2845,41,24.9044,M,1,0,N/A,STIPostImmigrating,0,72,33,0,1,INFORMAL,PAUSED,3,1,0
2847,33,51.0518,F,4,2,local,STIPreEmigrating,0,71,37,0,1,INFORMAL,PAUSED,54,0,4
2847,33,51.0518,F,2,0,N/A,STIPostImmigrating,0,71,37,0,1,INFORMAL,PAUSED,54,0,2
2852,4,44.7725,F,3,2,local,STIPreEmigrating,0,78,19,0,1,INFORMAL,PAUSED,68,0,3
2852,4,44.7725,F,2,0,N/A,STIPostImmigrating,0,78,19,0,1,INFORMAL,PAUSED,68,0,2
2853,42,24.4495,M,2,1,local,STIPreEmigrating,0,55,78,0,1,INFORMAL,PAUSED,60,2,0
2853,42,24.4495,M,1,0,N/A,STIPostImmigrating,0,55,78,0,1,INFORMAL,PAUSED,60,1,0
2856,31,37.582,F,2,3,local,STIPreEmigrating,0,79,17,0,1,INFORMAL,PAUSED,29,0,2
2856,31,37.582,F,3,0,N/A,STIPostImmigrating,0,79,17,0,1,INFORMAL,PAUSED,29,0,3
2857,3,16.2252,F,2,3,local,STIPreEmigrating,0,72,33,0,1,INFORMAL,PAUSED,41,0,2
2857,39,37.9934,M,2,1,local,STIPreEmigrating,0,73,31,0,1,INFORMAL,PAUSED,16,2,0
2857,39,37.9934,M,1,0,N/A,STIPostImmigrating,0,73,31,0,1,INFORMAL,PAUSED,16,1,0
2857,3,16.2252,F,3,0,N/A,STIPostImmigrating,0,72,33,0,1,INFORMAL,PAUSED,41,0,3
2859,26,43.745,F,3,1,local,STIPreEmigrating,0,74,50,0,0,INFORMAL,PAUSED,40,0,3
2859,26,43.745,F,1,0,N/A,STIPostImmigrating,0,74,50,0,1,INFORMAL,PAUSED,40,0,1
2861,44,53.1674,F,1,3,local,STIPreEmigrating,0,80,12,0,0,INFORMAL,PAUSED,67,1,1
2861,44,53.1674,F,3,0,N/A,STIPostImmigrating,0,80,12,0,1,INFORMAL,PAUSED,67,1,3
2862,5,55.2605,M,3,4,local,STIPreEmigrating,0,66,25,0,1,INFORMAL,PAUSED,63,3,0
2862,5,55.2605,M,4,0,N/A,STIPostImmigrating,0,66,25,0,1,INFORMAL,PAUSED,63,4,0
2863,58,35.5778,F,1,4,local,STIPreEmigrating,0,57,101,0,1,INFORMAL,PAUSED,56,0,1
2863,58,35.5778,F,4,0,N/A,STIPostImmigrating,0,57,101,0,1,INFORMAL,PAUSED,56,0,4
2866,58,35.586,F,4,1,local,STIPreEmigrating,0,57,101,0,1,INFORMAL,PAUSED,56,0,4
2866,58,35.586,F,1,0,N/A,STIPostImmigrating,0,57,101,0,1,INFORMAL,PAUSED,56,0,1
2868,52,45.0093,M,2,3,local,STIPreEmigrating,0,70,43,0,1,INFORMAL,PAUSED,21,2,0
2868,52,45.0093,M,3,0,N/A,STIPostImmigrating,0,70,43,0,1,INFORMAL,PAUSED,21,3,0
2871,29,38.349,M,4,2,local,STIPreEmigrating,0,79,17,0,0,INFORMAL,PAUSED,31,4,0
2871,69,23.0896,M,1,4,local,STIPreEmigrating,0,75,12,0,1,INFORMAL,PAUSED,51,1,0
2871,69,23.0896,M,4,0,N/A,STIPostImmigrating,0,75,12,0,1,INFORMAL,PAUSED,51,4,0
2871,29,38.349,M,2,0,N/A,STIPostImmigrating,0,79,17,0,1,INFORMAL,PAUSED,31,2,0
2874,37,45.6216,F,3,4,local,STIPreEmigrating,0,59,50,0,1,INFORMAL,PAUSED,6,0,3
2874,37,45.6216,F,4,0,N/A,STIPostImmigrating,0,59,50,0,1,INFORMAL,PAUSED,6,0,4
2875,59,26.7723,M,3,2,local,STIPreEmigrating,0,64,68,0,1,INFORMAL,PAUSED,64,3,3
2875,59,26.7723,M,2,0,N/A,STIPostImmigrating,0,64,68,0,1,INFORMAL,PAUSED,64,2,3
2882,44,53.2249,F,3,1,local,STIPreEmigrating,0,80,12,0,1,INFORMAL,PAUSED,67,0,3
2882,4,44.8547,F,2,3,local,STIPreEmigrating,0,78,19,0,1,INFORMAL,PAUSED,68,0,2
2882,4,44.8547,F,3,0,N/A,STIPostImmigrating,0,78,19,0,1,INFORMAL,PAUSED,68,0,3
2882,44,53.2249,F,1,0,N/A,STIPostImmigrating,0,80,12,0,0,INFORMAL,NORMAL,67,1,1
2883,6,52.4319,M,2,1,local,STIPreEmigrating,0,59,50,0,1,INFORMAL,PAUSED,37,2,0
2883,6,52.4319,M,1,0,N/A,STIPostImmigrating,0,59,50,0,1,INFORMAL,PAUSED,37,1,0
2888,53,30.8344,F,4,1,local,STIPreEmigrating,0,82,4,0,0,INFORMAL,PAUSED,50,4,4
2888,49,37.3039,M,3,4,local,STIPreEmigrating,0,76,19,0,1,INFORMAL,PAUSED,46,3,0
2888,49,37.3039,M,4,0,N/A,STIPostImmigrating,0,76,19,0,1,INFORMAL,PAUSED,46,4,0
2888,53,30.8344,F,1,0,N/A,STIPostImmigrating,0,82,4,0,1,INFORMAL,PAUSED,50,4,1
2892,58,35.6572,F,1,3,local,STIPreEmigrating,0,57,101,0,1,INFORMAL,PAUSED,56,0,1
2892,58,35.6572,F,3,0,N/A,STIPostImmigrating,0,57,101,0,1,INFORMAL,PAUSED,56,0,3
2893,53,30.8481,F,1,4,local,STIPreEmigrating,0,82,4,0,1,INFORMAL,PAUSED,50,0,1
2893,53,30.8481,F,4,0,N/A,STIPostImmigrating,0,82,4,0,0,INFORMAL,NORMAL,50,4,4
2895,5,55.3509,M,4,1,local,STIPreEmigrating,0,66,25,0,1,INFORMAL,PAUSED,63,4,0
2895,5,55.3509,M,1,0,N/A,STIPostImmigrating,0,66,25,0,1,INFORMAL,PAUSED,63,1,0
2897,68,41.0488,M,4,3,local,STIPreEmigrating,0,78,19,0,1,INFORMAL,PAUSED,4,4,0
2897,52,45.0888,M,3,1,local,STIPreEmigrating,0,70,43,0,1,INFORMAL,PAUSED,21,3,0
2897,52,45.0888,M,1,0,N/A,STIPostImmigrating,0,70,43,0,1,INFORMAL,PAUSED,21,1,0
2897,68,41.0488,M,3,0,N/A,STIPostImmigrating,0,78,19,0,1,INFORMAL,NORMAL,4,3,3
2898,59,26.8354,M,2,1,local,STIPreEmigrating,0,64,68,0,1,INFORMAL,PAUSED,64,2,0
2898,59,26.8354,M,1,0,N/A,STIPostImmigrating,0,64,68,0,1,INFORMAL,PAUSED,64,1,0
2904,21,34.4264,F,4,1,local,STIPreEmigrating,0,70,43,0,1,INFORMAL,PAUSED,52,0,4
2904,21,34.4264,F,1,0,N/A,STIPostImmigrating,0,70,43,0,1,INFORMAL,NORMAL,52,1,1
2905,10,33.0156,M,2,1,local,STIPreEmigrating,0,69,44,0,1,INFORMAL,PAUSED,20,2,0
2905,10,33.0156,M,1,0,N/A,STIPostImmigrating,0,69,44,0,1,INFORMAL,PAUSED,20,1,0
2906,20,24.6326,F,4,3,local,STIPreEmigrating,0,69,44,0,1,INFORMAL,PAUSED,10,0,4
2906,20,24.6326,F,3,0,N/A,STIPostImmigrating,0,69,44,0,1,INFORMAL,PAUSED,10,0,3
2909,10,33.0265,M,1,3,local,STIPreEmigrating,0,69,44,0,1,INFORMAL,PAUSED,20,1,0
2909,10,33.0265,M,3,0,N/A,STIPostImmigrating,0,69,44,0,1,INFORMAL,NORMAL,20,3,3
2910,3,16.3704,F,3,2,local,STIPreEmigrating,0,72,33,0,1,INFORMAL,PAUSED,41,0,3
2910,29,38.4559,M,2,4,local,STIPreEmigrating,0,79,17,0,1,INFORMAL,PAUSED,31,2,0
2910,29,38.4559,M,4,0,N/A,STIPostImmigrating,0,79,17,0,1,INFORMAL,PAUSED,31,4,0
2910,3,16.3704,F,2,0,N/A,STIPostImmigrating,0,72,33,0,1,INFORMAL,PAUSED,41,0,2
2911,36,50.9171,M,2,3,local,STIPreEmigrating,0,81,10,0,0,INFORMAL,PAUSED,30,2,2
2911,36,50.9171,M,3,0,N/A,STIPostImmigrating,0,81,10,0,1,INFORMAL,PAUSED,30,3,2
2914,49,37.3751,M,4,1,local,STIPreEmigrating,0,76,19,0,1,INFORMAL,PAUSED,46,4,0
2914,49,37.3751,M,1,0,N/A,STIPostImmigrating,0,76,19,0,1,INFORMAL,NORMAL,46,1,1
2916,3,16.3868,F,2,1,local,STIPreEmigrating,0,72,33,0,1,INFORMAL,PAUSED,41,0,2
2916,3,16.3868,F,1,0,N/A,STIPostImmigrating,0,72,33,0,1,INFORMAL,NORMAL,41,1,1
2917,20,24.6627,F,3,4,local,STIPreEmigrating,0,69,47,0,1,INFORMAL,PAUSED,10,3,3
2917,20,24.6627,F,4,0,N/A,STIPostImmigrating,0,69,47,0,1,INFORMAL,PAUSED,10,3,4
2918,36,50.9362,M,3,4,local,STIPreEmigrating,0,81,10,0,1,INFORMAL,PAUSED,30,3,0
2918,36,50.9362,M,4,0,N/A,STIPostImmigrating,0,81,10,0,1,INFORMAL,PAUSED,30,4,0
2920,51,22.3738,F,2,4,local,STIPreEmigrating,0,75,12,0,1,INFORMAL,PAUSED,69,0,2
2920,51,22.3738,F,4,0,N/A,STIPostImmigrating,0,75,12,0,1,INFORMAL,NORMAL,69,4,4
2923,63,48.6263,F,2,4,local,STIPreEmigrating,0,66,25,0,1,INFORMAL,PAUSED,5,0,2
2923,63,48.6263,F,4,0,N/A,STIPostImmigrating,0,66,25,0,1,INFORMAL,PAUSED,5,0,4
2924,50,36.2922,M,4,1,local,STIPreEmigrating,0,82,8,0,0,INFORMAL,PAUSED,53,4,4
2924,50,36.2922,M,1,0,N/A,STIPostImmigrating,0,82,8,0,1,INFORMAL,PAUSED,53,1,4
2926,54,63.0996,M,3,1,local,STIPreEmigrating,0,71,37,0,1,INFORMAL,PAUSED,33,3,0
2926,54,63.0996,M,1,0,N/A,STIPostImmigrating,0,71,37,0,1,INFORMAL,PAUSED,33,1,0
2932,29,38.5161,M,4,2,local,STIPreEmigrating,0,79,17,0,1,INFORMAL,PAUSED,31,4,0
2932,29,38.5161,M,2,0,N/A,STIPostImmigrating,0,79,17,0,1,INFORMAL,PAUSED,31,2,0
2935,31,37.7984,F,3,2,local,STIPreEmigrating,0,79,17,0,1,INFORMAL,PAUSED,29,0,3
2935,31,37.7984,F,2,0,N/A,STIPostImmigrating,0,79,17,0,1,INFORMAL,NORMAL,29,2,2
2942,69,23.2841,M,4,2,local,STIPreEmigrating,0,75,20,0,1,INFORMAL,PAUSED,51,4,4
2942,68,41.1721,M,3,1,local,STIPreEmigrating,0,78,32,0,1,INFORMAL,PAUSED,4,3,3
2942,52,45.2121,M,1,3,local,STIPreEmigrating,0,70,60,0,1,INFORMAL,PAUSED,21,1,1
2942,52,45.2121,M,3,0,N/A,STIPostImmigrating,0,70,60,0,1,INFORMAL,PAUSED,21,3,1
2942,68,41.1721,M,1,0,N/A,STIPostImmigrating,0,78,32,0,1,INFORMAL,PAUSED,4,1,3
2942,69,23.2841,M,2,0,N/A,STIPostImmigrating,0,75,20,0,1,INFORMAL,PAUSED,51,2,4
2943,33,51.3148,F,2,4,local,STIPreEmigrating,0,71,37,0,1,INFORMAL,PAUSED,54,0,2
2943,33,51.3148,F,4,0,N/A,STIPostImmigrating,0,71,37,0,1,INFORMAL,PAUSED,54,0,4
2946,26,43.9833,F,1,2,local,STIPreEmigrating,0,74,50,0,1,INFORMAL,PAUSED,40,0,1
2946,26,43.9833,F,2,0,N/A,STIPostImmigrating,0,74,50,0,1,INFORMAL,PAUSED,40,0,2
2947,6,52.6072,M,1,2,local,STIPreEmigrating,0,59,50,0,1,INFORMAL,PAUSED,37,1,0
2947,6,52.6072,M,2,0,N/A,STIPostImmigrating,0,59,50,0,1,INFORMAL,PAUSED,37,2,0
2950,58,35.8162,F,3,1,local,STIPreEmigrating,0,57,101,0,1,INFORMAL,PAUSED,56,0,3
2950,58,35.8162,F,1,0,N/A,STIPostImmigrating,0,57,101,0,1,INFORMAL,PAUSED,56,0,1
2952,16,30.6363,F,4,3,local,STIPreEmigrating,0,73,31,0,1,INFORMAL,PAUSED,39,0,4
2952,37,45.8353,F,4,2,local,STIPreEmigrating,0,59,50,0,1,INFORMAL,PAUSED,6,0,4
2952,44,53.4167,F,1,3,local,STIPreEmigrating,0,80,33,0,0,INFORMAL,PAUSED,67,1,1
2952,44,53.4167,F,3,0,N/A,STIPostImmigrating,0,80,33,0,1,INFORMAL,PAUSED,67,1,3
2952,37,45.8353,F,2,0,N/A,STIPostImmigrating,0,59,50,0,1,INFORMAL,NORMAL,6,2,2
2952,16,30.6363,F,3,0,N/A,STIPostImmigrating,0,73,31,0,1,INFORMAL,PAUSED,39,0,3
2954,46,29.4207,F,1,3,local,STIPreEmigrating,0,76,27,0,1,INFORMAL,PAUSED,49,1,1
2954,46,29.4207,F,3,0,N/A,STIPostImmigrating,0,76,27,0,1,INFORMAL,PAUSED,49,1,3
2955,37,45.8435,F,2,4,local,STIPreEmigrating,0,59,52,0,1,INFORMAL,PAUSED,6,2,2
2955,21,34.5661,F,1,4,local,STIPreEmigrating,0,70,60,0,1,INFORMAL,PAUSED,52,0,1
2955,21,34.5661,F,4,0,N/A,STIPostImmigrating,0,70,60,0,1,INFORMAL,PAUSED,52,0,4
2955,37,45.8435,F,4,0,N/A,STIPostImmigrating,0,59,52,0,1,INFORMAL,PAUSED,6,2,4
2956,50,36.3799,M,1,2,local,STIPreEmigrating,0,82,8,0,1,INFORMAL,PAUSED,53,1,0
2956,50,36.3799,M,2,0,N/A,STIPostImmigrating,0,82,8,0,1,INFORMAL,PAUSED,53,2,0
2957,52,45.2532,M,3,4,local,STIPreEmigrating,0,70,60,0,1,INFORMAL,PAUSED,21,3,0
2957,52,45.2532,M,4,0,N/A,STIPostImmigrating,0,70,60,0,1,INFORMAL,NORMAL,21,4,4
2959,3,16.5046,F,1,2,local,STIPreEmigrating,0,72,45,0,1,INFORMAL,PAUSED,41,1,1
2959,3,16.5046,F,2,0,N/A,STIPostImmigrating,0,72,45,0,1,INFORMAL,PAUSED,41,1,2
2960,20,24.7805,F,4,3,local,STIPreEmigrating,0,69,47,0,1,INFORMAL,PAUSED,10,0,4
2960,20,24.7805,F,3,0,N/A,STIPostImmigrating,0,69,47,0,1,INFORMAL,NORMAL,10,3,3
2961,52,45.2641,M,4,3,local,STIPreEmigrating,0,70,61,0,1,INFORMAL,PAUSED,21,4,4
2961,52,45.2641,M,3,0,N/A,STIPostImmigrating,0,70,61,0,1,INFORMAL,PAUSED,21,3,4
2969,58,35.8682,F,1,2,local,STIPreEmigrating,0,57,101,0,1,INFORMAL,PAUSED,56,0,1
2969,58,35.8682,F,2,0,N/A,STIPostImmigrating,0,57,101,0,1,INFORMAL,NORMAL,56,2,2
2976,33,51.4052,F,4,3,local,STIPreEmigrating,0,71,37,0,1,INFORMAL,PAUSED,54,0,4
2976,33,51.4052,F,3,0,N/A,STIPostImmigrating,0,71,37,0,1,INFORMAL,PAUSED,54,0,3
2979,52,45.3134,M,3,2,local,STIPreEmigrating,0,70,61,0,1,INFORMAL,PAUSED,21,3,0
2979,52,45.3134,M,2,0,N/A,STIPostImmigrating,0,70,61,0,1,INFORMAL,PAUSED,21,2,0
2985,59,27.0737,M,2,4,local,STIPreEmigrating,0,84,1,0,0,INFORMAL,PAUSED,32,2,2
2985,6,52.7114,M,2,1,local,STIPreEmigrating,0,59,52,0,1,INFORMAL,PAUSED,37,2,0
2985,6,52.7114,M,1,0,N/A,STIPostImmigrating,0,59,52,0,1,INFORMAL,PAUSED,37,1,0
2985,59,27.0737,M,4,0,N/A,STIPostImmigrating,0,84,1,0,1,INFORMAL,PAUSED,32,4,2
2990,51,22.5656,F,4,2,local,STIPreEmigrating,0,75,20,0,1,INFORMAL,PAUSED,69,0,4
2990,51,22.5656,F,2,0,N/A,STIPostImmigrating,0,75,20,0,1,INFORMAL,NORMAL,69,2,2
2992,52,45.3491,M,2,3,local,STIPreEmigrating,0,70,61,0,1,INFORMAL,PAUSED,21,2,0
2992,52,45.3491,M,3,0,N/A,STIPostImmigrating,0,70,61,0,1,INFORMAL,PAUSED,21,3,0
2993,63,48.8181,F,4,2,local,STIPreEmigrating,0,66,25,0,1,INFORMAL,PAUSED,5,0,4
2993,63,48.8181,F,2,0,N/A,STIPostImmigrating,0,66,25,0,1,INFORMAL,PAUSED,5,0,2
2994,43,18.3183,F,2,1,local,STIPreEmigrating,0,77,16,0,0,INFORMAL,PAUSED,62,0,2
2994,43,18.3183,F,1,0,N/A,STIPostImmigrating,0,77,16,0,1,INFORMAL,PAUSED,62,0,1
2996,53,31.1303,F,4,1,local,STIPreEmigrating,0,82,8,0,0,INFORMAL,PAUSED,50,0,4
2996,53,31.1303,F,1,0,N/A,STIPostImmigrating,0,82,8,0,1,INFORMAL,PAUSED,50,0,1
2998,5,55.6331,M,1,4,local,STIPreEmigrating,0,66,25,0,1,INFORMAL,PAUSED,63,1,0
2998,5,55.6331,M,4,0,N/A,STIPostImmigrating,0,66,25,0,1,INFORMAL,PAUSED,63,4,0
3004,32,21.1561,F,2,3,local,STIPreEmigrating,0,84,1,0,0,INFORMAL,PAUSED,59,0,2
3004,32,21.1561,F,3,0,N/A,STIPostImmigrating,0,84,1,0,1,INFORMAL,PAUSED,59,0,3
3006,44,53.5647,F,3,1,local,STIPreEmigrating,0,80,33,0,1,INFORMAL,PAUSED,67,0,3
3006,3,16.6334,F,2,3,local,STIPreEmigrating,0,72,45,0,1,INFORMAL,PAUSED,41,0,2
3006,54,63.3188,M,1,2,local,STIPreEmigrating,0,71,37,0,1,INFORMAL,PAUSED,33,1,0
3006,54,63.3188,M,2,0,N/A,STIPostImmigrating,0,71,37,0,1,INFORMAL,PAUSED,33,2,0
3006,3,16.6334,F,3,0,N/A,STIPostImmigrating,0,72,45,0,1,INFORMAL,PAUSED,41,0,3
3006,44,53.5647,F,1,0,N/A,STIPostImmigrating,0,80,33,0,0,INFORMAL,NORMAL,67,1,1
3007,63,48.8565,F,2,1,local,STIPreEmigrating,0,66,25,0,1,INFORMAL,PAUSED,5,0,2
3007,63,48.8565,F,1,0,N/A,STIPostImmigrating,0,66,25,0,1,INFORMAL,PAUSED,5,0,1
3009,43,18.3594,F,1,2,local,STIPreEmigrating,0,77,16,0,1,INFORMAL,PAUSED,62,0,1
3009,43,18.3594,F,2,0,N/A,STIPostImmigrating,0,77,16,0,1,INFORMAL,PAUSED,62,0,2
3010,30,38.528,F,2,1,local,STIPreEmigrating,0,81,10,0,0,INFORMAL,PAUSED,36,0,2
3010,30,38.528,F,1,0,N/A,STIPostImmigrating,0,81,10,0,1,INFORMAL,PAUSED,36,0,1
3019,39,38.4372,M,1,2,local,STIPreEmigrating,0,73,31,0,1,INFORMAL,PAUSED,16,1,0
3019,63,48.8893,F,1,2,local,STIPreEmigrating,0,66,25,0,1,INFORMAL,PAUSED,5,0,1
3019,63,48.8893,F,2,0,N/A,STIPostImmigrating,0,66,25,0,1,INFORMAL,PAUSED,5,0,2
3019,39,38.4372,M,2,0,N/A,STIPostImmigrating,0,73,31,0,1,INFORMAL,PAUSED,16,2,0
3021,36,51.2184,M,4,3,local,STIPreEmigrating,0,81,10,0,1,INFORMAL,PAUSED,30,4,0
3021,36,51.2184,M,3,0,N/A,STIPostImmigrating,0,81,10,0,1,INFORMAL,PAUSED,30,3,0
3024,52,45.4367,M,3,4,local,STIPreEmigrating,0,70,61,0,1,INFORMAL,PAUSED,21,3,0
3024,10,33.3416,M,3,1,local,STIPreEmigrating,0,69,70,0,1,INFORMAL,PAUSED,20,3,3
3024,10,33.3416,M,1,0,N/A,STIPostImmigrating,0,69,70,0,1,INFORMAL,PAUSED,20,1,3
3024,52,45.4367,M,4,0,N/A,STIPostImmigrating,0,70,61,0,1,INFORMAL,NORMAL,21,4,4
3025,54,63.3708,M,2,1,local,STIPreEmigrating,0,71,37,0,1,INFORMAL,PAUSED,33,2,0
3025,10,33.3443,M,1,3,local,STIPreEmigrating,0,69,70,0,1,INFORMAL,PAUSED,20,1,3
3025,10,33.3443,M,3,0,N/A,STIPostImmigrating,0,69,70,0,1,INFORMAL,NORMAL,20,3,3
3025,54,63.3708,M,1,0,N/A,STIPostImmigrating,0,71,37,0,1,INFORMAL,PAUSED,33,1,0
3028,51,22.6697,F,2,3,local,STIPreEmigrating,0,75,31,0,1,INFORMAL,PAUSED,69,2,2
3028,51,22.6697,F,3,0,N/A,STIPostImmigrating,0,75,31,0,1,INFORMAL,PAUSED,69,2,3
3029,37,46.0463,F,4,1,local,STIPreEmigrating,0,59,52,0,1,INFORMAL,PAUSED,6,0,4
3029,37,46.0463,F,1,0,N/A,STIPostImmigrating,0,59,52,0,1,INFORMAL,NORMAL,6,1,1
3030,10,33.358,M,3,1,local,STIPreEmigrating,0,69,74,0,1,INFORMAL,PAUSED,20,3,3
3030,32,21.2273,F,3,1,local,STIPreEmigrating,0,84,1,0,1,INFORMAL,PAUSED,59,0,3
3030,32,21.2273,F,1,0,N/A,STIPostImmigrating,0,84,1,0,1,INFORMAL,PAUSED,59,0,1
3030,10,33.358,M,1,0,N/A,STIPostImmigrating,0,69,74,0,1,INFORMAL,PAUSED,20,1,3
3036,20,24.9887,F,3,1,local,STIPreEmigrating,0,69,74,0,1,INFORMAL,PAUSED,10,0,3
3036,20,24.9887,F,1,0,N/A,STIPostImmigrating,0,69,74,0,1,INFORMAL,NORMAL,10,1,1
3038,69,23.5471,M,2,4,local,STIPreEmigrating,0,75,31,0,1,INFORMAL,PAUSED,51,2,0
3038,56,47.6321,M,2,3,local,STIPreEmigrating,0,57,127,0,1,INFORMAL,PAUSED,58,2,2
3038,56,47.6321,M,3,0,N/A,STIPostImmigrating,0,57,127,0,1,INFORMAL,PAUSED,58,3,2
3038,69,23.5471,M,4,0,N/A,STIPostImmigrating,0,75,31,0,1,INFORMAL,PAUSED,51,4,0
3039,10,33.3827,M,1,4,local,STIPreEmigrating,0,69,74,0,1,INFORMAL,PAUSED,20,1,1
3039,10,33.3827,M,4,0,N/A,STIPostImmigrating,0,69,74,0,1,INFORMAL,PAUSED,20,4,1
3040,6,52.862,M,1,2,local,STIPreEmigrating,0,59,54,0,1,INFORMAL,PAUSED,37,1,1
3040,6,52.862,M,2,0,N/A,STIPostImmigrating,0,59,54,0,1,INFORMAL,PAUSED,37,2,1
3041,56,47.6404,M,3,4,local,STIPreEmigrating,0,57,127,0,1,INFORMAL,PAUSED,58,3,0
3041,43,18.447,F,2,1,local,STIPreEmigrating,0,77,16,0,1,INFORMAL,PAUSED,62,0,2
3041,43,18.447,F,1,0,N/A,STIPostImmigrating,0,77,16,0,1,INFORMAL,PAUSED,62,0,1
3041,56,47.6404,M,4,0,N/A,STIPostImmigrating,0,57,127,0,1,INFORMAL,PAUSED,58,4,0
3043,68,41.4488,M,1,3,local,STIPreEmigrating,0,78,32,0,1,INFORMAL,PAUSED,4,1,0
3043,68,41.4488,M,3,0,N/A,STIPostImmigrating,0,78,32,0,1,INFORMAL,NORMAL,4,3,3
3047,42,24.981,M,4,1,local,STIPreEmigrating,0,83,44,0,0,INFORMAL,PAUSED,60,4,4
3047,63,48.966,F,2,1,local,STIPreEmigrating,0,66,25,0,1,INFORMAL,PAUSED,5,0,2
3047,63,48.966,F,1,0,N/A,STIPostImmigrating,0,66,25,0,1,INFORMAL,PAUSED,5,0,1
3047,42,24.981,M,1,0,N/A,STIPostImmigrating,0,83,44,0,1,INFORMAL,PAUSED,60,1,4
3050,31,38.1135,F,2,1,local,STIPreEmigrating,0,79,59,0,1,INFORMAL,PAUSED,29,2,2
3050,31,38.1135,F,1,0,N/A,STIPostImmigrating,0,79,59,0,1,INFORMAL,PAUSED,29,2,1
3053,69,23.5882,M,4,2,local,STIPreEmigrating,0,75,31,0,1,INFORMAL,PAUSED,51,4,0
3053,69,23.5882,M,2,0,N/A,STIPostImmigrating,0,75,31,0,1,INFORMAL,PAUSED,51,2,0
3057,37,46.123,F,1,4,local,STIPreEmigrating,0,59,54,0,1,INFORMAL,PAUSED,6,0,1
3057,37,46.123,F,4,0,N/A,STIPostImmigrating,0,59,54,0,1,INFORMAL,PAUSED,6,0,4
3060,21,34.8538,F,4,2,local,STIPreEmigrating,0,70,73,0,1,INFORMAL,PAUSED,52,4,4
3060,50,36.6649,M,2,1,local,STIPreEmigrating,0,82,8,0,1,INFORMAL,PAUSED,53,2,0
3060,50,36.6649,M,1,0,N/A,STIPostImmigrating,0,82,8,0,1,INFORMAL,NORMAL,53,1,1
3060,21,34.8538,F,2,0,N/A,STIPostImmigrating,0,70,73,0,1,INFORMAL,PAUSED,52,4,2
3064,54,63.4777,M,1,4,local,STIPreEmigrating,0,71,37,0,1,INFORMAL,PAUSED,33,1,0
3064,54,63.4777,M,4,0,N/A,STIPostImmigrating,0,71,37,0,1,INFORMAL,PAUSED,33,4,0
3069,16,30.9568,F,3,1,local,STIPreEmigrating,0,73,31,0,1,INFORMAL,PAUSED,39,0,3
3069,16,30.9568,F,1,0,N/A,STIPostImmigrating,0,73,31,0,1,INFORMAL,PAUSED,39,0,1
3074,30,38.7034,F,1,4,local,STIPreEmigrating,0,81,10,0,1,INFORMAL,PAUSED,36,0,1
3074,30,38.7034,F,4,0,N/A,STIPostImmigrating,0,81,10,0,1,INFORMAL,PAUSED,36,0,4
3078,16,30.9815,F,1,3,local,STIPreEmigrating,0,73,31,0,1,INFORMAL,PAUSED,39,0,1
3078,16,30.9815,F,3,0,N/A,STIPostImmigrating,0,73,31,0,1,INFORMAL,PAUSED,39,0,3
3079,68,41.5474,M,3,2,local,STIPreEmigrating,0,78,44,0,1,INFORMAL,PAUSED,4,3,3
3079,68,41.5474,M,2,0,N/A,STIPostImmigrating,0,78,44,0,1,INFORMAL,PAUSED,4,2,3
3081,54,63.5243,M,4,1,local,STIPreEmigrating,0,71,37,0,1,INFORMAL,PAUSED,33,4,0
3081,54,63.5243,M,1,0,N/A,STIPostImmigrating,0,71,37,0,1,INFORMAL,PAUSED,33,1,0
3082,53,31.366,F,1,4,local,STIPreEmigrating,0,82,18,0,1,INFORMAL,PAUSED,50,1,1
3082,63,49.0619,F,1,2,local,STIPreEmigrating,0,66,25,0,1,INFORMAL,PAUSED,5,0,1
3082,63,49.0619,F,2,0,N/A,STIPostImmigrating,0,66,25,0,1,INFORMAL,PAUSED,5,0,2
3082,53,31.366,F,4,0,N/A,STIPostImmigrating,0,82,18,0,1,INFORMAL,PAUSED,50,1,4
3083,36,51.3883,M,3,1,local,STIPreEmigrating,0,81,10,0,1,INFORMAL,PAUSED,30,3,0
3083,36,51.3883,M,1,0,N/A,STIPostImmigrating,0,81,10,0,1,INFORMAL,PAUSED,30,1,0
3084,21,34.9195,F,2,4,local,STIPreEmigrating,0,70,73,0,1,INFORMAL,PAUSED,52,0,2
3084,21,34.9195,F,4,0,N/A,STIPostImmigrating,0,70,73,0,1,INFORMAL,NORMAL,52,4,4
3086,4,45.4136,F,3,2,local,STIPreEmigrating,0,78,44,0,1,INFORMAL,PAUSED,68,0,3
3086,4,45.4136,F,2,0,N/A,STIPostImmigrating,0,78,44,0,1,INFORMAL,NORMAL,68,2,2
3089,60,22.4216,F,4,3,local,STIPreEmigrating,0,83,44,0,0,INFORMAL,PAUSED,42,0,4
3089,10,33.5197,M,4,1,local,STIPreEmigrating,0,69,74,0,1,INFORMAL,PAUSED,20,4,0
3089,36,51.4047,M,1,3,local,STIPreEmigrating,0,81,10,0,1,INFORMAL,PAUSED,30,1,0
3089,36,51.4047,M,3,0,N/A,STIPostImmigrating,0,81,10,0,1,INFORMAL,PAUSED,30,3,0
3089,10,33.5197,M,1,0,N/A,STIPostImmigrating,0,69,74,0,1,INFORMAL,NORMAL,20,1,1
3089,60,22.4216,F,3,0,N/A,STIPostImmigrating,0,83,44,0,1,INFORMAL,PAUSED,42,0,3
3090,37,46.2134,F,4,2,local,STIPreEmigrating,0,59,54,0,1,INFORMAL,PAUSED,6,0,4
3090,53,31.3879,F,4,1,local,STIPreEmigrating,0,82,18,0,1,INFORMAL,PAUSED,50,0,4
3090,53,31.3879,F,1,0,N/A,STIPostImmigrating,0,82,18,0,1,INFORMAL,NORMAL,50,1,1
3090,37,46.2134,F,2,0,N/A,STIPostImmigrating,0,59,54,0,1,INFORMAL,NORMAL,6,2,2
3092,10,33.5279,M,1,4,local,STIPreEmigrating,0,69,77,0,1,INFORMAL,PAUSED,20,1,1
3092,10,33.5279,M,4,0,N/A,STIPostImmigrating,0,69,77,0,1,INFORMAL,PAUSED,20,4,1
3096,69,23.706,M,2,4,local,STIPreEmigrating,0,75,31,0,1,INFORMAL,PAUSED,51,2,0
3096,69,23.706,M,4,0,N/A,STIPostImmigrating,0,75,31,0,1,INFORMAL,PAUSED,51,4,0
3103,10,33.558,M,4,1,local,STIPreEmigrating,0,69,77,0,1,INFORMAL,PAUSED,20,4,0
3103,51,22.8752,F,3,2,local,STIPreEmigrating,0,75,31,0,1,INFORMAL,PAUSED,69,0,3
3103,51,22.8752,F,2,0,N/A,STIPostImmigrating,0,75,31,0,1,INFORMAL,PAUSED,69,0,2
3103,10,33.558,M,1,0,N/A,STIPostImmigrating,0,69,77,0,1,INFORMAL,NORMAL,20,1,1
3107,52,45.6641,M,4,3,local,STIPreEmigrating,0,70,76,0,1,INFORMAL,PAUSED,21,4,4
3107,52,45.6641,M,3,0,N/A,STIPostImmigrating,0,70,76,0,1,INFORMAL,PAUSED,21,3,4
3108,59,27.4107,M,4,2,local,STIPreEmigrating,0,84,1,0,1,INFORMAL,PAUSED,32,4,0
3108,52,45.6669,M,3,1,local,STIPreEmigrating,0,70,76,0,1,INFORMAL,PAUSED,21,3,4
3108,52,45.6669,M,1,0,N/A,STIPostImmigrating,0,70,76,0,1,INFORMAL,PAUSED,21,1,4
3108,59,27.4107,M,2,0,N/A,STIPostImmigrating,0,84,1,0,1,INFORMAL,PAUSED,32,2,0
3110,42,25.1536,M,1,2,local,STIPreEmigrating,0,83,44,0,1,INFORMAL,PAUSED,60,1,0
3110,42,25.1536,M,2,0,N/A,STIPostImmigrating,0,83,44,0,1,INFORMAL,PAUSED,60,2,0
3112,5,55.9454,M,4,1,local,STIPreEmigrating,0,66,25,0,1,INFORMAL,PAUSED,63,4,0
3112,5,55.9454,M,1,0,N/A,STIPostImmigrating,0,66,25,0,1,INFORMAL,PAUSED,63,1,0
3115,50,36.8155,M,1,4,local,STIPreEmigrating,0,82,28,0,1,INFORMAL,PAUSED,53,1,1
3115,50,36.8155,M,4,0,N/A,STIPostImmigrating,0,82,28,0,1,INFORMAL,PAUSED,53,4,1
3121,4,45.5095,F,2,3,local,STIPreEmigrating,0,78,58,0,1,INFORMAL,PAUSED,68,2,2
3121,4,45.5095,F,3,0,N/A,STIPostImmigrating,0,78,58,0,1,INFORMAL,PAUSED,68,2,3
3122,63,49.1715,F,2,3,local,STIPreEmigrating,0,66,25,0,1,INFORMAL,PAUSED,5,0,2
3122,63,49.1715,F,3,0,N/A,STIPostImmigrating,0,66,25,0,1,INFORMAL,PAUSED,5,0,3
3123,29,39.0394,M,2,4,local,STIPreEmigrating,0,79,59,0,1,INFORMAL,PAUSED,31,2,0
3123,29,39.0394,M,4,0,N/A,STIPostImmigrating,0,79,59,0,1,INFORMAL,PAUSED,31,4,0
3124,6,53.0922,M,2,1,local,STIPreEmigrating,0,59,68,0,1,INFORMAL,PAUSED,37,2,2
3124,6,53.0922,M,1,0,N/A,STIPostImmigrating,0,59,68,0,1,INFORMAL,PAUSED,37,1,2
3126,60,22.523,F,3,2,local,STIPreEmigrating,0,83,44,0,1,INFORMAL,PAUSED,42,0,3
3126,60,22.523,F,2,0,N/A,STIPostImmigrating,0,83,44,0,1,INFORMAL,NORMAL,42,2,2
3128,21,35.0401,F,4,2,local,STIPreEmigrating,0,70,76,0,1,INFORMAL,PAUSED,52,0,4
3128,21,35.0401,F,2,0,N/A,STIPostImmigrating,0,70,76,0,1,INFORMAL,PAUSED,52,0,2
3129,29,39.0559,M,4,2,local,STIPreEmigrating,0,79,59,0,1,INFORMAL,PAUSED,31,4,0
3129,29,39.0559,M,2,0,N/A,STIPostImmigrating,0,79,59,0,1,INFORMAL,PAUSED,31,2,0
3135,36,51.5308,M,3,1,local,STIPreEmigrating,0,81,10,0,1,INFORMAL,PAUSED,30,3,0
3135,36,51.5308,M,1,0,N/A,STIPostImmigrating,0,81,10,0,1,INFORMAL,PAUSED,30,1,0
3138,69,23.8211,M,4,2,local,STIPreEmigrating,0,75,31,0,1,INFORMAL,PAUSED,51,4,0
3138,69,23.8211,M,2,0,N/A,STIPostImmigrating,0,75,31,0,1,INFORMAL,NORMAL,51,2,2
3139,43,18.7155,F,1,2,local,STIPreEmigrating,0,77,16,0,1,INFORMAL,PAUSED,62,0,1
3139,43,18.7155,F,2,0,N/A,STIPostImmigrating,0,77,16,0,1,INFORMAL,PAUSED,62,0,2
3141,60,22.5641,F,2,3,local,STIPreEmigrating,0,83,50,0,1,INFORMAL,PAUSED,42,2,2
3141,60,22.5641,F,3,0,N/A,STIPostImmigrating,0,83,50,0,1,INFORMAL,PAUSED,42,2,3
3145,51,22.9903,F,2,4,local,STIPreEmigrating,0,75,32,0,1,INFORMAL,PAUSED,69,2,2
3145,6,53.1497,M,1,4,local,STIPreEmigrating,0,59,68,0,1,INFORMAL,PAUSED,37,1,0
3145,6,53.1497,M,4,0,N/A,STIPostImmigrating,0,59,68,0,1,INFORMAL,PAUSED,37,4,0
3145,51,22.9903,F,4,0,N/A,STIPostImmigrating,0,75,32,0,1,INFORMAL,PAUSED,69,2,4
3149,68,41.7392,M,2,3,local,STIPreEmigrating,0,78,58,0,1,INFORMAL,PAUSED,4,2,0
3149,68,41.7392,M,3,0,N/A,STIPostImmigrating,0,78,58,0,1,INFORMAL,NORMAL,4,3,3
3150,55,32.9852,M,3,2,local,STIPreEmigrating,0,85,37,0,0,INFORMAL,PAUSED,64,3,3
3150,55,32.9852,M,2,0,N/A,STIPostImmigrating,0,85,37,0,1,INFORMAL,PAUSED,64,2,3
3156,62,21.4146,M,4,1,local,STIPreEmigrating,0,77,16,0,1,INFORMAL,PAUSED,43,4,0
3156,51,23.0204,F,4,2,local,STIPreEmigrating,0,75,32,0,1,INFORMAL,PAUSED,69,0,4
3156,51,23.0204,F,2,0,N/A,STIPostImmigrating,0,75,32,0,1,INFORMAL,NORMAL,69,2,2
3156,62,21.4146,M,1,0,N/A,STIPostImmigrating,0,77,16,0,1,INFORMAL,PAUSED,43,1,0
3165,20,25.3421,F,1,3,local,STIPreEmigrating,0,69,91,0,1,INFORMAL,PAUSED,10,1,1
3165,20,25.3421,F,3,0,N/A,STIPostImmigrating,0,69,91,0,1,INFORMAL,PAUSED,10,1,3
3168,68,41.7913,M,3,4,local,STIPreEmigrating,0,78,65,0,1,INFORMAL,PAUSED,4,3,3
3168,68,41.7913,M,4,0,N/A,STIPostImmigrating,0,78,65,0,1,INFORMAL,PAUSED,4,4,3
3169,60,22.6408,F,3,2,local,STIPreEmigrating,0,83,50,0,1,INFORMAL,PAUSED,42,0,3
3169,60,22.6408,F,2,0,N/A,STIPostImmigrating,0,83,50,0,1,INFORMAL,NORMAL,42,2,2
3173,44,54.0222,F,1,3,local,STIPreEmigrating,0,80,94,0,0,INFORMAL,PAUSED,67,1,1
3173,44,54.0222,F,3,0,N/A,STIPostImmigrating,0,80,94,0,1,INFORMAL,PAUSED,67,1,3
3174,51,23.0697,F,2,4,local,STIPreEmigrating,0,75,41,0,1,INFORMAL,PAUSED,69,2,2
3174,51,23.0697,F,4,0,N/A,STIPostImmigrating,0,75,41,0,1,INFORMAL,PAUSED,69,2,4
3178,40,54.0918,M,1,3,local,STIPreEmigrating,0,86,15,0,0,INFORMAL,PAUSED,28,1,1
3178,62,21.4749,M,1,3,local,STIPreEmigrating,0,77,16,0,1,INFORMAL,PAUSED,43,1,0
3178,62,21.4749,M,3,0,N/A,STIPostImmigrating,0,77,16,0,1,INFORMAL,PAUSED,43,3,0
3178,40,54.0918,M,3,0,N/A,STIPostImmigrating,0,86,15,0,1,INFORMAL,PAUSED,28,3,1
3182,10,33.7745,M,1,3,local,STIPreEmigrating,0,69,91,0,1,INFORMAL,PAUSED,20,1,0
3182,10,33.7745,M,3,0,N/A,STIPostImmigrating,0,69,91,0,1,INFORMAL,NORMAL,20,3,3
3183,52,45.8723,M,1,3,local,STIPreEmigrating,0,70,76,0,1,INFORMAL,PAUSED,21,1,0
3183,52,45.8723,M,3,0,N/A,STIPostImmigrating,0,70,76,0,1,INFORMAL,PAUSED,21,3,0
3186,4,45.6876,F,3,4,local,STIPreEmigrating,0,78,65,0,1,INFORMAL,PAUSED,68,0,3
3186,4,45.6876,F,4,0,N/A,STIPostImmigrating,0,78,65,0,1,INFORMAL,NORMAL,68,4,4
3187,51,23.1053,F,4,2,local,STIPreEmigrating,0,75,41,0,1,INFORMAL,PAUSED,69,0,4
3187,51,23.1053,F,2,0,N/A,STIPostImmigrating,0,75,41,0,1,INFORMAL,NORMAL,69,2,2
3189,53,31.6591,F,1,4,local,STIPreEmigrating,0,82,28,0,1,INFORMAL,PAUSED,50,0,1
3189,53,31.6591,F,4,0,N/A,STIPostImmigrating,0,82,28,0,1,INFORMAL,NORMAL,50,4,4
3190,50,37.021,M,4,1,local,STIPreEmigrating,0,82,29,0,1,INFORMAL,PAUSED,53,4,4
3190,50,37.021,M,1,0,N/A,STIPostImmigrating,0,82,29,0,1,INFORMAL,PAUSED,53,1,4
3200,53,31.6892,F,4,1,local,STIPreEmigrating,0,82,29,0,1,INFORMAL,PAUSED,50,0,4
3200,53,31.6892,F,1,0,N/A,STIPostImmigrating,0,82,29,0,1,INFORMAL,NORMAL,50,1,1
3203,59,27.671,M,2,3,local,STIPreEmigrating,0,84,1,0,1,INFORMAL,PAUSED,32,2,0
3203,59,27.671,M,3,0,N/A,STIPostImmigrating,0,84,1,0,1,INFORMAL,PAUSED,32,3,0
3204,20,25.449,F,3,4,local,STIPreEmigrating,0,69,93,0,1,INFORMAL,PAUSED,10,3,3
3204,52,45.9299,M,3,1,local,STIPreEmigrating,0,70,76,0,1,INFORMAL,PAUSED,21,3,0
3204,52,45.9299,M,1,0,N/A,STIPostImmigrating,0,70,76,0,1,INFORMAL,PAUSED,21,1,0
3204,20,25.449,F,4,0,N/A,STIPostImmigrating,0,69,93,0,1,INFORMAL,PAUSED,10,3,4
3208,30,39.0705,F,4,1,local,STIPreEmigrating,0,81,10,0,1,INFORMAL,PAUSED,36,0,4
3208,30,39.0705,F,1,0,N/A,STIPostImmigrating,0,81,10,0,1,INFORMAL,NORMAL,36,1,1
3209,64,23.6578,F,3,1,local,STIPreEmigrating,0,85,37,0,0,INFORMAL,PAUSED,55,0,3
3209,64,23.6578,F,1,0,N/A,STIPostImmigrating,0,85,37,0,1,INFORMAL,PAUSED,55,0,1
3210,4,45.7534,F,4,3,local,STIPreEmigrating,0,78,72,0,1,INFORMAL,PAUSED,68,4,4
3210,55,33.1496,M,2,3,local,STIPreEmigrating,0,85,37,0,1,INFORMAL,PAUSED,64,2,0
3210,55,33.1496,M,3,0,N/A,STIPostImmigrating,0,85,37,0,1,INFORMAL,PAUSED,64,3,0
3210,4,45.7534,F,3,0,N/A,STIPostImmigrating,0,78,72,0,1,INFORMAL,PAUSED,68,4,3
3211,52,45.9491,M,1,3,local,STIPreEmigrating,0,70,76,0,1,INFORMAL,PAUSED,21,1,0
3211,52,45.9491,M,3,0,N/A,STIPostImmigrating,0,70,76,0,1,INFORMAL,PAUSED,21,3,0
3212,49,38.1916,M,1,4,local,STIPreEmigrating,0,76,27,0,1,INFORMAL,PAUSED,46,1,0
3212,49,38.1916,M,4,0,N/A,STIPostImmigrating,0,76,27,0,1,INFORMAL,PAUSED,46,4,0
3213,49,38.1943,M,4,2,local,STIPreEmigrating,0,76,27,0,1,INFORMAL,PAUSED,46,4,0
3213,49,38.1943,M,2,0,N/A,STIPostImmigrating,0,76,27,0,1,INFORMAL,PAUSED,46,2,0
3214,49,38.1971,M,2,4,local,STIPreEmigrating,0,76,27,0,1,INFORMAL,PAUSED,46,2,0
3214,49,38.1971,M,4,0,N/A,STIPostImmigrating,0,76,27,0,1,INFORMAL,PAUSED,46,4,0
3216,49,38.2025,M,4,2,local,STIPreEmigrating,0,76,27,0,1,INFORMAL,PAUSED,46,4,0
3216,63,49.4291,F,3,2,local,STIPreEmigrating,0,66,25,0,1,INFORMAL,PAUSED,5,0,3
3216,63,49.4291,F,2,0,N/A,STIPostImmigrating,0,66,25,0,1,INFORMAL,PAUSED,5,0,2
3216,49,38.2025,M,2,0,N/A,STIPostImmigrating,0,76,27,0,1,INFORMAL,PAUSED,46,2,0
3217,51,23.1875,F,2,1,local,STIPreEmigrating,0,75,51,0,1,INFORMAL,PAUSED,69,2,2
3217,51,23.1875,F,1,0,N/A,STIPostImmigrating,0,75,51,0,1,INFORMAL,PAUSED,69,2,1
3218,60,22.775,F,2,3,local,STIPreEmigrating,0,83,65,0,1,INFORMAL,PAUSED,42,2,2
3218,60,22.775,F,3,0,N/A,STIPostImmigrating,0,83,65,0,1,INFORMAL,PAUSED,42,2,3
3219,21,35.2894,F,2,4,local,STIPreEmigrating,0,70,76,0,1,INFORMAL,PAUSED,52,0,2
3219,28,50.1781,F,1,3,local,STIPreEmigrating,0,86,15,0,0,INFORMAL,PAUSED,40,0,1
3219,28,50.1781,F,3,0,N/A,STIPostImmigrating,0,86,15,0,1,INFORMAL,NORMAL,40,3,3
3219,21,35.2894,F,4,0,N/A,STIPostImmigrating,0,70,76,0,1,INFORMAL,PAUSED,52,0,4
3220,52,45.9737,M,3,2,local,STIPreEmigrating,0,70,76,0,1,INFORMAL,PAUSED,21,3,0
3220,52,45.9737,M,2,0,N/A,STIPostImmigrating,0,70,76,0,1,INFORMAL,PAUSED,21,2,0
3224,46,30.1604,F,3,1,local,STIPreEmigrating,0,76,27,0,1,INFORMAL,PAUSED,49,0,3
3224,53,31.755,F,1,4,local,STIPreEmigrating,0,82,39,0,1,INFORMAL,PAUSED,50,1,1
3224,53,31.755,F,4,0,N/A,STIPostImmigrating,0,82,39,0,1,INFORMAL,PAUSED,50,1,4
3224,46,30.1604,F,1,0,N/A,STIPostImmigrating,0,76,27,0,1,INFORMAL,PAUSED,49,0,1
3227,20,25.512,F,4,3,local,STIPreEmigrating,0,69,93,0,1,INFORMAL,PAUSED,10,0,4
3227,10,33.8977,M,3,1,local,STIPreEmigrating,0,69,93,0,1,INFORMAL,PAUSED,20,3,0
3227,30,39.1225,F,1,3,local,STIPreEmigrating,0,81,16,0,1,INFORMAL,PAUSED,36,1,1
3227,30,39.1225,F,3,0,N/A,STIPostImmigrating,0,81,16,0,1,INFORMAL,PAUSED,36,1,3
3227,10,33.8977,M,1,0,N/A,STIPostImmigrating,0,69,93,0,1,INFORMAL,PAUSED,20,1,0
3227,20,25.512,F,3,0,N/A,STIPostImmigrating,0,69,93,0,1,INFORMAL,PAUSED,10,0,3
3230,60,22.8079,F,3,2,local,STIPreEmigrating,0,83,65,0,1,INFORMAL,PAUSED,42,0,3
3230,60,22.8079,F,2,0,N/A,STIPostImmigrating,0,83,65,0,1,INFORMAL,NORMAL,42,2,2
3231,40,54.237,M,3,4,local,STIPreEmigrating,0,86,22,0,1,INFORMAL,PAUSED,28,3,3
3231,40,54.237,M,4,0,N/A,STIPostImmigrating,0,86,22,0,1,INFORMAL,PAUSED,28,4,3
3232,30,39.1362,F,3,1,local,STIPreEmigrating,0,81,16,0,1,INFORMAL,PAUSED,36,0,3
3232,30,39.1362,F,1,0,N/A,STIPostImmigrating,0,81,16,0,1,INFORMAL,NORMAL,36,1,1
3233,59,27.7532,M,3,2,local,STIPreEmigrating,0,84,1,0,1,INFORMAL,PAUSED,32,3,0
3233,63,49.4756,F,2,1,local,STIPreEmigrating,0,66,25,0,1,INFORMAL,PAUSED,5,0,2
3233,63,49.4756,F,1,0,N/A,STIPostImmigrating,0,66,25,0,1,INFORMAL,NORMAL,5,1,1
3233,59,27.7532,M,2,0,N/A,STIPostImmigrating,0,84,1,0,1,INFORMAL,PAUSED,32,2,0
3234,21,35.3305,F,4,2,local,STIPreEmigrating,0,70,76,0,1,INFORMAL,PAUSED,52,0,4
3234,21,35.3305,F,2,0,N/A,STIPostImmigrating,0,70,76,0,1,INFORMAL,NORMAL,52,2,2
3236,50,37.147,M,1,2,local,STIPreEmigrating,0,82,39,0,1,INFORMAL,PAUSED,53,1,0
3236,50,37.147,M,2,0,N/A,STIPostImmigrating,0,82,39,0,1,INFORMAL,PAUSED,53,2,0
3239,20,25.5449,F,3,1,local,STIPreEmigrating,0,69,93,0,1,INFORMAL,PAUSED,10,0,3
3239,20,25.5449,F,1,0,N/A,STIPostImmigrating,0,69,93,0,1,INFORMAL,NORMAL,10,1,1
3240,51,23.2505,F,1,2,local,STIPreEmigrating,0,75,51,0,1,INFORMAL,PAUSED,69,0,1
3240,51,23.2505,F,2,0,N/A,STIPostImmigrating,0,75,51,0,1,INFORMAL,NORMAL,69,2,2
3243,62,21.653,M,3,1,local,STIPreEmigrating,0,77,16,0,1,INFORMAL,PAUSED,43,3,0
3243,62,21.653,M,1,0,N/A,STIPostImmigrating,0,77,16,0,1,INFORMAL,PAUSED,43,1,0
3251,36,51.8486,M,1,3,local,STIPreEmigrating,0,81,22,0,1,INFORMAL,PAUSED,30,1,1
3251,36,51.8486,M,3,0,N/A,STIPostImmigrating,0,81,22,0,1,INFORMAL,PAUSED,30,3,1
3253,52,46.0641,M,2,3,local,STIPreEmigrating,0,70,84,0,1,INFORMAL,PAUSED,21,2,2
3253,52,46.0641,M,3,0,N/A,STIPostImmigrating,0,70,84,0,1,INFORMAL,PAUSED,21,3,2
3261,41,26.0441,M,2,4,local,STIPreEmigrating,0,87,9,0,0,INFORMAL,PAUSED,64,2,2
3261,41,26.0441,M,4,0,N/A,STIPostImmigrating,0,87,9,0,1,INFORMAL,PAUSED,64,4,2
3263,53,31.8618,F,4,2,local,STIPreEmigrating,0,82,39,0,1,INFORMAL,PAUSED,50,0,4
3263,53,31.8618,F,2,0,N/A,STIPostImmigrating,0,82,39,0,1,INFORMAL,NORMAL,50,2,2
3264,67,74.1232,M,1,2,local,STIPreEmigrating,0,80,94,0,0,INFORMAL,PAUSED,44,1,0
3264,67,74.1232,M,2,0,N/A,STIPostImmigrating,0,80,94,0,1,INFORMAL,PAUSED,44,2,0
3265,62,21.7133,M,1,4,local,STIPreEmigrating,0,77,16,0,1,INFORMAL,PAUSED,43,1,0
3265,62,21.7133,M,4,0,N/A,STIPostImmigrating,0,77,16,0,1,INFORMAL,PAUSED,43,4,0
3266,40,54.3329,M,4,3,local,STIPreEmigrating,0,86,22,0,1,INFORMAL,PAUSED,28,4,0
3266,40,54.3329,M,3,0,N/A,STIPostImmigrating,0,86,22,0,1,INFORMAL,NORMAL,28,3,3
3269,21,35.4264,F,2,4,local,STIPreEmigrating,0,70,84,0,1,INFORMAL,PAUSED,52,0,2
3269,21,35.4264,F,4,0,N/A,STIPostImmigrating,0,70,84,0,1,INFORMAL,PAUSED,52,0,4
3270,29,39.4422,M,2,4,local,STIPreEmigrating,0,79,59,0,1,INFORMAL,PAUSED,31,2,0
3270,29,39.4422,M,4,0,N/A,STIPostImmigrating,0,79,59,0,1,INFORMAL,PAUSED,31,4,0
3274,40,54.3548,M,3,4,local,STIPreEmigrating,0,86,26,0,1,INFORMAL,PAUSED,28,3,3
3274,40,54.3548,M,4,0,N/A,STIPostImmigrating,0,86,26,0,1,INFORMAL,PAUSED,28,4,3
3279,69,24.2074,M,2,4,local,STIPreEmigrating,0,75,61,0,1,INFORMAL,PAUSED,51,2,2
3279,69,24.2074,M,4,0,N/A,STIPostImmigrating,0,75,61,0,1,INFORMAL,PAUSED,51,4,2
3281,49,38.3806,M,2,4,local,STIPreEmigrating,0,76,27,0,1,INFORMAL,PAUSED,46,2,0
3281,49,38.3806,M,4,0,N/A,STIPostImmigrating,0,76,27,0,1,INFORMAL,PAUSED,46,4,0
3286,43,19.1183,F,2,3,local,STIPreEmigrating,0,77,16,0,1,INFORMAL,PAUSED,62,0,2
3286,43,19.1183,F,3,0,N/A,STIPostImmigrating,0,77,16,0,1,INFORMAL,PAUSED,62,0,3
3296,64,23.8962,F,2,3,local,STIPreEmigrating,0,87,9,0,0,INFORMAL,PAUSED,41,0,2
3296,64,23.8962,F,3,0,N/A,STIPostImmigrating,0,87,9,0,1,INFORMAL,PAUSED,41,0,3
3297,68,42.1447,M,4,3,local,STIPreEmigrating,0,88,2,0,0,INFORMAL,PAUSED,16,4,4
3297,68,42.1447,M,3,0,N/A,STIPostImmigrating,0,88,2,0,1,INFORMAL,PAUSED,16,3,4
3299,63,49.6565,F,1,2,local,STIPreEmigrating,0,66,49,0,1,INFORMAL,PAUSED,5,1,1
3299,63,49.6565,F,2,0,N/A,STIPostImmigrating,0,66,49,0,1,INFORMAL,PAUSED,5,1,2
3300,40,54.426,M,4,3,local,STIPreEmigrating,0,86,26,0,1,INFORMAL,PAUSED,28,4,0
3300,40,54.426,M,3,0,N/A,STIPostImmigrating,0,86,26,0,1,INFORMAL,NORMAL,28,3,3
3302,42,25.6796,M,2,1,local,STIPreEmigrating,0,83,96,0,1,INFORMAL,PAUSED,60,2,2
3302,42,25.6796,M,1,0,N/A,STIPostImmigrating,0,83,96,0,1,INFORMAL,PAUSED,60,1,2
3306,53,31.9797,F,2,4,local,STIPreEmigrating,0,82,53,0,1,INFORMAL,PAUSED,50,2,2
3306,53,31.9797,F,4,0,N/A,STIPostImmigrating,0,82,53,0,1,INFORMAL,PAUSED,50,2,4
3309,16,31.6143,F,4,3,local,STIPreEmigrating,0,88,2,0,0,INFORMAL,PAUSED,68,0,4
3309,16,31.6143,F,3,0,N/A,STIPostImmigrating,0,88,2,0,1,INFORMAL,NORMAL,68,3,3
3312,69,24.2978,M,4,1,local,STIPreEmigrating,0,75,61,0,1,INFORMAL,PAUSED,51,4,0
3312,69,24.2978,M,1,0,N/A,STIPostImmigrating,0,75,61,0,1,INFORMAL,PAUSED,51,1,0
3315,51,23.456,F,2,4,local,STIPreEmigrating,0,75,61,0,1,INFORMAL,PAUSED,69,0,2
3315,51,23.456,F,4,0,N/A,STIPostImmigrating,0,75,61,0,1,INFORMAL,PAUSED,69,0,4
3320,41,26.2058,M,4,3,local,STIPreEmigrating,0,87,9,0,1,INFORMAL,PAUSED,64,4,0
3320,41,26.2058,M,3,0,N/A,STIPostImmigrating,0,87,9,0,1,INFORMAL,NORMAL,64,3,3
3321,41,26.2085,M,3,4,local,STIPreEmigrating,0,87,9,0,1,INFORMAL,PAUSED,64,3,3
3321,16,31.6472,F,3,4,local,STIPreEmigrating,0,88,6,0,1,INFORMAL,PAUSED,68,3,3
3321,16,31.6472,F,4,0,N/A,STIPostImmigrating,0,88,6,0,1,INFORMAL,PAUSED,68,3,4
3321,41,26.2085,M,4,0,N/A,STIPostImmigrating,0,87,9,0,1,INFORMAL,PAUSED,64,4,3
3325,36,52.0513,M,3,4,local,STIPreEmigrating,0,81,22,0,1,INFORMAL,PAUSED,30,3,0
3325,36,52.0513,M,4,0,N/A,STIPostImmigrating,0,81,22,0,1,INFORMAL,PAUSED,30,4,0
3328,46,30.4453,F,1,2,local,STIPreEmigrating,0,76,27,0,1,INFORMAL,PAUSED,49,0,1
3328,46,30.4453,F,2,0,N/A,STIPostImmigrating,0,76,27,0,1,INFORMAL,PAUSED,49,0,2
3330,49,38.5149,M,4,2,local,STIPreEmigrating,0,76,27,0,1,INFORMAL,PAUSED,46,4,0
3330,49,38.5149,M,2,0,N/A,STIPostImmigrating,0,76,27,0,1,INFORMAL,NORMAL,46,2,2
3332,50,37.4101,M,2,1,local,STIPreEmigrating,0,82,53,0,1,INFORMAL,PAUSED,53,2,0
3332,50,37.4101,M,1,0,N/A,STIPostImmigrating,0,82,53,0,1,INFORMAL,PAUSED,53,1,0
3333,32,22.0575,F,1,3,local,STIPreEmigrating,0,84,1,0,1,INFORMAL,PAUSED,59,0,1
3333,32,22.0575,F,3,0,N/A,STIPostImmigrating,0,84,1,0,1,INFORMAL,PAUSED,59,0,3
3334,42,25.7673,M,1,2,local,STIPreEmigrating,0,83,96,0,1,INFORMAL,PAUSED,60,1,0
3334,42,25.7673,M,2,0,N/A,STIPostImmigrating,0,83,96,0,1,INFORMAL,NORMAL,60,2,2
3336,10,34.1964,M,1,3,local,STIPreEmigrating,0,90,9,0,0,INFORMAL,PAUSED,20,1,1
3336,10,34.1964,M,3,0,N/A,STIPostImmigrating,0,90,9,0,1,INFORMAL,PAUSED,20,3,1
3340,49,38.5423,M,2,4,local,STIPreEmigrating,0,76,30,0,1,INFORMAL,PAUSED,46,2,2
3340,49,38.5423,M,4,0,N/A,STIPostImmigrating,0,76,30,0,1,INFORMAL,PAUSED,46,4,2
3344,52,46.3134,M,3,2,local,STIPreEmigrating,0,89,17,0,0,INFORMAL,PAUSED,34,3,3
3344,52,46.3134,M,2,0,N/A,STIPostImmigrating,0,89,17,0,1,INFORMAL,PAUSED,34,2,3
3349,42,25.8084,M,2,1,local,STIPreEmigrating,0,83,105,0,1,INFORMAL,PAUSED,60,2,2
3349,42,25.8084,M,1,0,N/A,STIPostImmigrating,0,83,105,0,1,INFORMAL,PAUSED,60,1,2
3350,40,54.563,M,3,1,local,STIPreEmigrating,0,86,44,0,1,INFORMAL,PAUSED,28,3,3
3350,40,54.563,M,1,0,N/A,STIPostImmigrating,0,86,44,0,1,INFORMAL,PAUSED,28,1,3
3351,51,23.5546,F,4,2,local,STIPreEmigrating,0,75,61,0,1,INFORMAL,PAUSED,69,0,4
3351,51,23.5546,F,2,0,N/A,STIPostImmigrating,0,75,61,0,1,INFORMAL,PAUSED,69,0,2
3357,60,23.1559,F,2,3,local,STIPreEmigrating,0,83,105,0,1,INFORMAL,PAUSED,42,0,2
3357,60,23.1559,F,3,0,N/A,STIPostImmigrating,0,83,105,0,1,INFORMAL,PAUSED,42,0,3
3360,68,42.3173,M,3,2,local,STIPreEmigrating,0,88,6,0,1,INFORMAL,PAUSED,16,3,0
3360,59,28.1011,M,2,3,local,STIPreEmigrating,0,84,1,0,1,INFORMAL,PAUSED,32,2,0
3360,59,28.1011,M,3,0,N/A,STIPostImmigrating,0,84,1,0,1,INFORMAL,NORMAL,32,3,3
3360,68,42.3173,M,2,0,N/A,STIPostImmigrating,0,88,6,0,1,INFORMAL,PAUSED,16,2,0
3361,31,38.9655,F,1,2,local,STIPreEmigrating,0,79,59,0,1,INFORMAL,PAUSED,29,0,1
3361,31,38.9655,F,2,0,N/A,STIPostImmigrating,0,79,59,0,1,INFORMAL,PAUSED,29,0,2
3364,43,19.332,F,3,2,local,STIPreEmigrating,0,77,16,0,1,INFORMAL,PAUSED,62,0,3
3364,43,19.332,F,2,0,N/A,STIPostImmigrating,0,77,16,0,1,INFORMAL,PAUSED,62,0,2
3366,7,17.1634,M,1,2,local,STIPreEmigrating,0,91,11,0,0,INFORMAL,PAUSED,3,1,1
3366,7,17.1634,M,2,0,N/A,STIPostImmigrating,0,91,11,0,1,INFORMAL,PAUSED,3,2,1
3367,52,46.3765,M,2,3,local,STIPreEmigrating,0,89,17,0,1,INFORMAL,PAUSED,34,2,0
3367,52,46.3765,M,3,0,N/A,STIPostImmigrating,0,89,17,0,0,INFORMAL,NORMAL,34,3,3
3372,69,24.4622,M,1,4,local,STIPreEmigrating,0,75,61,0,1,INFORMAL,PAUSED,51,1,0
3372,69,24.4622,M,4,0,N/A,STIPostImmigrating,0,75,61,0,1,INFORMAL,PAUSED,51,4,0
3373,42,25.8741,M,1,3,local,STIPreEmigrating,0,83,105,0,1,INFORMAL,PAUSED,60,1,0
3373,42,25.8741,M,3,0,N/A,STIPostImmigrating,0,83,105,0,1,INFORMAL,NORMAL,60,3,3
3380,53,32.1824,F,4,3,local,STIPreEmigrating,0,82,53,0,1,INFORMAL,PAUSED,50,0,4
3380,53,32.1824,F,3,0,N/A,STIPostImmigrating,0,82,53,0,1,INFORMAL,PAUSED,50,0,3
3383,36,52.2102,M,4,3,local,STIPreEmigrating,0,81,22,0,1,INFORMAL,PAUSED,30,4,0
3383,36,52.2102,M,3,0,N/A,STIPostImmigrating,0,81,22,0,1,INFORMAL,PAUSED,30,3,0
3392,69,24.517,M,4,1,local,STIPreEmigrating,0,75,61,0,1,INFORMAL,PAUSED,51,4,0
3392,49,38.6847,M,4,2,local,STIPreEmigrating,0,76,30,0,1,INFORMAL,PAUSED,46,4,0
3392,51,23.667,F,2,1,local,STIPreEmigrating,0,75,61,0,1,INFORMAL,PAUSED,69,0,2
3392,51,23.667,F,1,0,N/A,STIPostImmigrating,0,75,61,0,1,INFORMAL,PAUSED,69,0,1
3392,49,38.6847,M,2,0,N/A,STIPostImmigrating,0,76,30,0,1,INFORMAL,NORMAL,46,2,2
3392,69,24.517,M,1,0,N/A,STIPostImmigrating,0,75,61,0,1,INFORMAL,NORMAL,51,1,1
3394,50,37.5799,M,1,3,local,STIPreEmigrating,0,82,53,0,1,INFORMAL,PAUSED,53,1,0
3394,50,37.5799,M,3,0,N/A,STIPostImmigrating,0,82,53,0,1,INFORMAL,NORMAL,53,3,3
3396,41,26.414,M,4,1,local,STIPreEmigrating,0,87,9,0,1,INFORMAL,PAUSED,64,4,0
3396,41,26.414,M,1,0,N/A,STIPostImmigrating,0,87,9,0,1,INFORMAL,PAUSED,64,1,0
3400,29,39.7983,M,4,3,local,STIPreEmigrating,0,79,59,0,1,INFORMAL,PAUSED,31,4,0
3400,29,39.7983,M,3,0,N/A,STIPostImmigrating,0,79,59,0,1,INFORMAL,PAUSED,31,3,0
3407,28,50.6932,F,3,4,local,STIPreEmigrating,0,86,44,0,1,INFORMAL,PAUSED,40,0,3
3407,43,19.4498,F,2,3,local,STIPreEmigrating,0,77,16,0,1,INFORMAL,PAUSED,62,0,2
3407,43,19.4498,F,3,0,N/A,STIPostImmigrating,0,77,16,0,1,INFORMAL,PAUSED,62,0,3
3407,28,50.6932,F,4,0,N/A,STIPostImmigrating,0,86,44,0,1,INFORMAL,PAUSED,40,0,4
3408,43,19.4525,F,3,2,local,STIPreEmigrating,0,77,16,0,1,INFORMAL,PAUSED,62,0,3
3408,43,19.4525,F,2,0,N/A,STIPostImmigrating,0,77,16,0,1,INFORMAL,PAUSED,62,0,2
3410,42,25.9755,M,3,1,local,STIPreEmigrating,0,83,120,0,1,INFORMAL,PAUSED,60,3,3
3410,42,25.9755,M,1,0,N/A,STIPostImmigrating,0,83,120,0,1,INFORMAL,PAUSED,60,1,3
3412,7,17.2894,M,2,1,local,STIPreEmigrating,0,91,11,0,1,INFORMAL,PAUSED,3,2,0
3412,7,17.2894,M,1,0,N/A,STIPostImmigrating,0,91,11,0,0,INFORMAL,NORMAL,3,1,1
3415,32,22.2821,F,3,1,local,STIPreEmigrating,0,84,25,0,1,INFORMAL,PAUSED,59,3,3
3415,64,24.2222,F,3,1,local,STIPreEmigrating,0,87,9,0,1,INFORMAL,PAUSED,41,0,3
3415,64,24.2222,F,1,0,N/A,STIPostImmigrating,0,87,9,0,1,INFORMAL,NORMAL,41,1,1
3415,32,22.2821,F,1,0,N/A,STIPostImmigrating,0,84,25,0,1,INFORMAL,PAUSED,59,3,1
3418,53,32.2865,F,3,4,local,STIPreEmigrating,0,82,66,0,1,INFORMAL,PAUSED,50,3,3
3418,53,32.2865,F,4,0,N/A,STIPostImmigrating,0,82,66,0,1,INFORMAL,PAUSED,50,3,4
3425,34,49.5308,F,3,1,local,STIPreEmigrating,0,89,43,0,0,INFORMAL,PAUSED,52,3,3
3425,43,19.4991,F,2,4,local,STIPreEmigrating,0,77,16,0,1,INFORMAL,PAUSED,62,0,2
3425,43,19.4991,F,4,0,N/A,STIPostImmigrating,0,77,16,0,1,INFORMAL,NORMAL,62,4,4
3425,34,49.5308,F,1,0,N/A,STIPostImmigrating,0,89,43,0,1,INFORMAL,PAUSED,52,3,1
3426,32,22.3123,F,1,3,local,STIPreEmigrating,0,84,25,0,1,INFORMAL,PAUSED,59,0,1
3426,32,22.3123,F,3,0,N/A,STIPostImmigrating,0,84,25,0,1,INFORMAL,NORMAL,59,3,3
3438,60,23.3778,F,3,1,local,STIPreEmigrating,0,83,120,0,1,INFORMAL,PAUSED,42,0,3
3438,60,23.3778,F,1,0,N/A,STIPostImmigrating,0,83,120,0,1,INFORMAL,NORMAL,42,1,1
3442,4,46.389,F,4,3,local,STIPreEmigrating,0,92,19,0,0,INFORMAL,PAUSED,6,4,4
3442,64,24.2962,F,1,3,local,STIPreEmigrating,0,87,17,0,1,INFORMAL,PAUSED,41,1,1
3442,64,24.2962,F,3,0,N/A,STIPostImmigrating,0,87,17,0,1,INFORMAL,PAUSED,41,1,3
3442,4,46.389,F,3,0,N/A,STIPostImmigrating,0,92,19,0,1,INFORMAL,PAUSED,6,4,3
3443,60,23.3915,F,1,3,local,STIPreEmigrating,0,83,122,0,1,INFORMAL,PAUSED,42,1,1
3443,60,23.3915,F,3,0,N/A,STIPostImmigrating,0,83,122,0,1,INFORMAL,PAUSED,42,1,3
3447,50,37.7251,M,3,1,local,STIPreEmigrating,0,82,66,0,1,INFORMAL,PAUSED,53,3,0
3447,50,37.7251,M,1,0,N/A,STIPostImmigrating,0,82,66,0,1,INFORMAL,PAUSED,53,1,0
3451,53,32.3769,F,4,1,local,STIPreEmigrating,0,82,66,0,1,INFORMAL,PAUSED,50,0,4
3451,53,32.3769,F,1,0,N/A,STIPostImmigrating,0,82,66,0,1,INFORMAL,NORMAL,50,1,1
3452,30,39.739,F,1,2,local,STIPreEmigrating,0,81,22,0,1,INFORMAL,PAUSED,36,0,1
3452,30,39.739,F,2,0,N/A,STIPostImmigrating,0,81,22,0,1,INFORMAL,PAUSED,36,0,2
3454,34,49.6102,F,1,4,local,STIPreEmigrating,0,89,43,0,1,INFORMAL,PAUSED,52,0,1
3454,34,49.6102,F,4,0,N/A,STIPostImmigrating,0,89,43,0,1,INFORMAL,PAUSED,52,0,4
3459,62,22.2448,M,4,1,local,STIPreEmigrating,0,77,24,0,1,INFORMAL,PAUSED,43,4,4
3459,51,23.8505,F,1,2,local,STIPreEmigrating,0,75,80,0,1,INFORMAL,PAUSED,69,1,1
3459,51,23.8505,F,2,0,N/A,STIPostImmigrating,0,75,80,0,1,INFORMAL,PAUSED,69,1,2
3459,62,22.2448,M,1,0,N/A,STIPostImmigrating,0,77,24,0,1,INFORMAL,PAUSED,43,1,4
3461,10,34.5388,M,3,1,local,STIPreEmigrating,0,90,9,0,1,INFORMAL,PAUSED,20,3,0
3461,10,34.5388,M,1,0,N/A,STIPostImmigrating,0,90,9,0,0,INFORMAL,NORMAL,20,1,1
3469,36,52.4458,M,3,2,local,STIPreEmigrating,0,81,22,0,1,INFORMAL,PAUSED,30,3,0
3469,36,52.4458,M,2,0,N/A,STIPostImmigrating,0,81,22,0,1,INFORMAL,NORMAL,30,2,2
3478,4,46.4876,F,3,4,local,STIPreEmigrating,0,92,19,0,1,INFORMAL,PAUSED,6,0,3
3478,69,24.7526,M,1,4,local,STIPreEmigrating,0,75,80,0,1,INFORMAL,PAUSED,51,1,0
3478,69,24.7526,M,4,0,N/A,STIPostImmigrating,0,75,80,0,1,INFORMAL,PAUSED,51,4,0
3478,4,46.4876,F,4,0,N/A,STIPostImmigrating,0,92,19,0,0,INFORMAL,NORMAL,6,4,4
3480,32,22.4602,F,3,1,local,STIPreEmigrating,0,84,40,0,1,INFORMAL,PAUSED,59,3,3
3480,32,22.4602,F,1,0,N/A,STIPostImmigrating,0,84,40,0,1,INFORMAL,PAUSED,59,3,1
3489,37,47.3065,F,4,3,local,STIPreEmigrating,0,94,2,0,0,INFORMAL,PAUSED,15,4,4
3489,42,26.192,M,1,4,local,STIPreEmigrating,0,83,122,0,1,INFORMAL,PAUSED,60,1,0
3489,42,26.192,M,4,0,N/A,STIPostImmigrating,0,83,122,0,1,INFORMAL,PAUSED,60,4,0
3489,37,47.3065,F,3,0,N/A,STIPostImmigrating,0,94,2,0,1,INFORMAL,PAUSED,15,4,3
3498,4,46.5424,F,4,3,local,STIPreEmigrating,0,92,27,0,0,INFORMAL,PAUSED,6,4,4
3498,60,23.5422,F,3,4,local,STIPreEmigrating,0,83,122,0,1,INFORMAL,PAUSED,42,0,3
3498,60,23.5422,F,4,0,N/A,STIPostImmigrating,0,83,122,0,1,INFORMAL,NORMAL,42,4,4
3498,4,46.5424,F,3,0,N/A,STIPostImmigrating,0,92,27,0,1,INFORMAL,PAUSED,6,4,3
3500,62,22.3571,M,1,4,local,STIPreEmigrating,0,93,20,0,0,INFORMAL,PAUSED,61,1,1
3500,62,22.3571,M,4,0,N/A,STIPostImmigrating,0,93,20,0,1,INFORMAL,PAUSED,61,4,1
3501,3,17.9895,F,1,2,local,STIPreEmigrating,0,91,38,0,0,INFORMAL,PAUSED,7,1,1
3501,3,17.9895,F,2,0,N/A,STIPostImmigrating,0,91,38,0,1,INFORMAL,PAUSED,7,1,2
3502,7,17.536,M,1,2,local,STIPreEmigrating,0,91,38,0,0,INFORMAL,PAUSED,3,1,0
3502,7,17.536,M,2,0,N/A,STIPostImmigrating,0,91,38,0,1,INFORMAL,NORMAL,3,2,2
3507,3,18.006,F,2,3,local,STIPreEmigrating,0,91,40,0,1,INFORMAL,PAUSED,7,2,2
3507,3,18.006,F,3,0,N/A,STIPostImmigrating,0,91,40,0,1,INFORMAL,PAUSED,7,2,3
3510,16,32.165,F,4,3,local,STIPreEmigrating,0,88,6,0,1,INFORMAL,PAUSED,68,0,4
3510,51,23.9903,F,2,4,local,STIPreEmigrating,0,75,80,0,1,INFORMAL,PAUSED,69,0,2
3510,51,23.9903,F,4,0,N/A,STIPostImmigrating,0,75,80,0,1,INFORMAL,NORMAL,69,4,4
3510,16,32.165,F,3,0,N/A,STIPostImmigrating,0,88,6,0,1,INFORMAL,PAUSED,68,0,3
3513,61,20.9623,F,1,4,local,STIPreEmigrating,0,93,20,0,0,INFORMAL,PAUSED,62,0,1
3513,61,20.9623,F,4,0,N/A,STIPostImmigrating,0,93,20,0,1,INFORMAL,NORMAL,62,4,4
3517,16,32.1842,F,3,2,local,STIPreEmigrating,0,88,6,0,1,INFORMAL,PAUSED,68,0,3
3517,32,22.5616,F,1,3,local,STIPreEmigrating,0,84,40,0,1,INFORMAL,PAUSED,59,0,1
3517,32,22.5616,F,3,0,N/A,STIPostImmigrating,0,84,40,0,1,INFORMAL,NORMAL,59,3,3
3517,16,32.1842,F,2,0,N/A,STIPostImmigrating,0,88,6,0,1,INFORMAL,NORMAL,68,2,2
3518,10,34.695,M,1,3,local,STIPreEmigrating,0,90,32,0,0,INFORMAL,PAUSED,20,1,1
3518,10,34.695,M,3,0,N/A,STIPostImmigrating,0,90,32,0,1,INFORMAL,PAUSED,20,3,1
3523,69,24.8759,M,4,1,local,STIPreEmigrating,0,75,81,0,1,INFORMAL,PAUSED,51,4,4
3523,52,46.8039,M,3,1,local,STIPreEmigrating,0,89,43,0,0,INFORMAL,PAUSED,34,3,0
3523,52,46.8039,M,1,0,N/A,STIPostImmigrating,0,89,43,0,1,INFORMAL,PAUSED,34,1,0
3523,69,24.8759,M,1,0,N/A,STIPostImmigrating,0,75,81,0,1,INFORMAL,PAUSED,51,1,4
3525,41,26.7674,M,1,4,local,STIPreEmigrating,0,87,17,0,1,INFORMAL,PAUSED,64,1,0
3525,41,26.7674,M,4,0,N/A,STIPostImmigrating,0,87,17,0,1,INFORMAL,PAUSED,64,4,0
3530,64,24.5373,F,3,1,local,STIPreEmigrating,0,87,17,0,1,INFORMAL,PAUSED,41,0,3
3530,26,45.5833,F,1,4,local,STIPreEmigrating,0,95,11,0,0,INFORMAL,PAUSED,40,1,1
3530,26,45.5833,F,4,0,N/A,STIPostImmigrating,0,95,11,0,1,INFORMAL,PAUSED,40,1,4
3530,64,24.5373,F,1,0,N/A,STIPostImmigrating,0,87,17,0,1,INFORMAL,PAUSED,41,0,1
3531,60,23.6326,F,4,3,local,STIPreEmigrating,0,83,130,0,1,INFORMAL,PAUSED,42,4,4
3531,60,23.6326,F,3,0,N/A,STIPostImmigrating,0,83,130,0,1,INFORMAL,PAUSED,42,4,3
3535,69,24.9087,M,1,4,local,STIPreEmigrating,0,75,81,0,1,INFORMAL,PAUSED,51,1,0
3535,69,24.9087,M,4,0,N/A,STIPostImmigrating,0,75,81,0,1,INFORMAL,NORMAL,51,4,4
3536,6,54.2209,M,4,1,local,STIPreEmigrating,0,92,27,0,0,INFORMAL,PAUSED,4,4,0
3536,6,54.2209,M,1,0,N/A,STIPostImmigrating,0,92,27,0,1,INFORMAL,PAUSED,4,1,0
3541,61,21.039,F,4,1,local,STIPreEmigrating,0,93,30,0,1,INFORMAL,PAUSED,62,4,4
3541,61,21.039,F,1,0,N/A,STIPostImmigrating,0,93,30,0,1,INFORMAL,PAUSED,62,4,1
3550,32,22.652,F,3,4,local,STIPreEmigrating,0,84,50,0,1,INFORMAL,PAUSED,59,3,3
3550,32,22.652,F,4,0,N/A,STIPostImmigrating,0,84,50,0,1,INFORMAL,PAUSED,59,3,4
3554,16,32.2856,F,2,3,local,STIPreEmigrating,0,88,14,0,1,INFORMAL,PAUSED,68,2,2
3554,16,32.2856,F,3,0,N/A,STIPostImmigrating,0,88,14,0,1,INFORMAL,PAUSED,68,2,3
3556,40,55.1274,M,1,3,local,STIPreEmigrating,0,95,11,0,0,INFORMAL,PAUSED,26,1,0
3556,40,55.1274,M,3,0,N/A,STIPostImmigrating,0,95,11,0,1,INFORMAL,PAUSED,26,3,0
3559,34,49.8979,F,4,1,local,STIPreEmigrating,0,89,43,0,1,INFORMAL,PAUSED,52,0,4
3559,23,34.1653,F,2,1,local,STIPreEmigrating,0,96,13,0,0,INFORMAL,PAUSED,50,2,2
3559,23,34.1653,F,1,0,N/A,STIPostImmigrating,0,96,13,0,1,INFORMAL,PAUSED,50,2,1
3559,34,49.8979,F,1,0,N/A,STIPostImmigrating,0,89,43,0,1,INFORMAL,NORMAL,52,1,1
3560,40,55.1383,M,3,2,local,STIPreEmigrating,0,95,11,0,1,INFORMAL,PAUSED,26,3,0
3560,40,55.1383,M,2,0,N/A,STIPostImmigrating,0,95,11,0,1,INFORMAL,PAUSED,26,2,0
3562,7,17.7004,M,2,3,local,STIPreEmigrating,0,91,40,0,1,INFORMAL,PAUSED,3,2,0
3562,7,17.7004,M,3,0,N/A,STIPostImmigrating,0,91,40,0,1,INFORMAL,NORMAL,3,3,3
3565,6,54.3004,M,1,2,local,STIPreEmigrating,0,92,27,0,1,INFORMAL,PAUSED,4,1,0
3565,6,54.3004,M,2,0,N/A,STIPostImmigrating,0,92,27,0,1,INFORMAL,PAUSED,4,2,0
3568,41,26.8852,M,4,1,local,STIPreEmigrating,0,87,17,0,1,INFORMAL,PAUSED,64,4,0
3568,20,26.4463,F,1,3,local,STIPreEmigrating,0,90,32,0,0,INFORMAL,PAUSED,10,0,1
3568,20,26.4463,F,3,0,N/A,STIPostImmigrating,0,90,32,0,1,INFORMAL,NORMAL,10,3,3
3568,41,26.8852,M,1,0,N/A,STIPostImmigrating,0,87,17,0,1,INFORMAL,NORMAL,64,1,1
3575,31,39.5518,F,2,1,local,STIPreEmigrating,0,97,1,0,0,INFORMAL,PAUSED,29,2,2
3575,31,39.5518,F,1,0,N/A,STIPostImmigrating,0,97,1,0,1,INFORMAL,PAUSED,29,2,1
3581,60,23.7696,F,3,4,local,STIPreEmigrating,0,83,130,0,1,INFORMAL,PAUSED,42,0,3
3581,60,23.7696,F,4,0,N/A,STIPostImmigrating,0,83,130,0,1,INFORMAL,NORMAL,42,4,4
3583,32,22.7424,F,4,3,local,STIPreEmigrating,0,84,50,0,1,INFORMAL,PAUSED,59,0,4
3583,61,21.1541,F,1,4,local,STIPreEmigrating,0,93,30,0,1,INFORMAL,PAUSED,62,0,1
3583,61,21.1541,F,4,0,N/A,STIPostImmigrating,0,93,30,0,1,INFORMAL,NORMAL,62,4,4
3583,32,22.7424,F,3,0,N/A,STIPostImmigrating,0,84,50,0,1,INFORMAL,NORMAL,59,3,3
3585,62,22.59,M,4,1,local,STIPreEmigrating,0,93,30,0,1,INFORMAL,PAUSED,61,4,4
3585,62,22.59,M,1,0,N/A,STIPostImmigrating,0,93,30,0,1,INFORMAL,PAUSED,61,1,4
3586,46,31.1522,F,2,1,local,STIPreEmigrating,0,76,104,0,1,INFORMAL,PAUSED,49,2,2
3586,46,31.1522,F,1,0,N/A,STIPostImmigrating,0,76,104,0,1,INFORMAL,PAUSED,49,2,1
3589,26,45.745,F,4,1,local,STIPreEmigrating,0,95,11,0,1,INFORMAL,PAUSED,40,0,4
3589,26,45.745,F,1,0,N/A,STIPostImmigrating,0,95,11,0,1,INFORMAL,PAUSED,40,0,1
3593,15,93.0081,M,4,2,local,STIPreEmigrating,0,94,2,0,0,INFORMAL,PAUSED,37,4,0
3593,15,93.0081,M,2,0,N/A,STIPostImmigrating,0,94,2,0,1,INFORMAL,PAUSED,37,2,0
3596,61,21.1897,F,4,2,local,STIPreEmigrating,0,93,30,0,1,INFORMAL,PAUSED,62,0,4
3596,61,21.1897,F,2,0,N/A,STIPostImmigrating,0,93,30,0,1,INFORMAL,PAUSED,62,0,2
3598,15,93.0218,M,2,4,local,STIPreEmigrating,0,94,2,0,1,INFORMAL,PAUSED,37,2,0
3598,15,93.0218,M,4,0,N/A,STIPostImmigrating,0,94,2,0,1,INFORMAL,PAUSED,37,4,0
3602,60,23.8271,F,4,3,local,STIPreEmigrating,0,83,134,0,1,INFORMAL,PAUSED,42,4,4
3602,60,23.8271,F,3,0,N/A,STIPostImmigrating,0,83,134,0,1,INFORMAL,PAUSED,42,4,3
3603,46,31.1987,F,1,3,local,STIPreEmigrating,0,76,104,0,1,INFORMAL,PAUSED,49,0,1
3603,46,31.1987,F,3,0,N/A,STIPostImmigrating,0,76,104,0,1,INFORMAL,PAUSED,49,0,3
3605,16,32.4253,F,3,4,local,STIPreEmigrating,0,88,14,0,1,INFORMAL,PAUSED,68,0,3
3605,16,32.4253,F,4,0,N/A,STIPostImmigrating,0,88,14,0,1,INFORMAL,PAUSED,68,0,4
3608,40,55.2699,M,2,3,local,STIPreEmigrating,0,95,11,0,1,INFORMAL,PAUSED,26,2,0
3608,40,55.2699,M,3,0,N/A,STIPostImmigrating,0,95,11,0,1,INFORMAL,PAUSED,26,3,0
3612,6,54.4292,M,2,1,local,STIPreEmigrating,0,92,27,0,1,INFORMAL,PAUSED,4,2,0
3612,6,54.4292,M,1,0,N/A,STIPostImmigrating,0,92,27,0,1,INFORMAL,PAUSED,4,1,0
3617,52,47.0614,M,1,3,local,STIPreEmigrating,0,89,63,0,1,INFORMAL,PAUSED,34,1,1
3617,52,47.0614,M,3,0,N/A,STIPostImmigrating,0,89,63,0,1,INFORMAL,PAUSED,34,3,1
3618,52,47.0641,M,3,1,local,STIPreEmigrating,0,89,63,0,1,INFORMAL,PAUSED,34,3,1
3618,26,45.8244,F,1,3,local,STIPreEmigrating,0,95,11,0,1,INFORMAL,PAUSED,40,0,1
3618,26,45.8244,F,3,0,N/A,STIPostImmigrating,0,95,11,0,1,INFORMAL,NORMAL,40,3,3
3618,52,47.0641,M,1,0,N/A,STIPostImmigrating,0,89,63,0,1,INFORMAL,NORMAL,34,1,1
3623,69,25.1498,M,4,2,local,STIPreEmigrating,0,75,109,0,1,INFORMAL,PAUSED,51,4,4
3623,62,22.6941,M,1,4,local,STIPreEmigrating,0,93,30,0,1,INFORMAL,PAUSED,61,1,0
3623,41,27.0359,M,1,4,local,STIPreEmigrating,0,87,35,0,1,INFORMAL,PAUSED,64,1,1
3623,41,27.0359,M,4,0,N/A,STIPostImmigrating,0,87,35,0,1,INFORMAL,PAUSED,64,4,1
3623,62,22.6941,M,4,0,N/A,STIPostImmigrating,0,93,30,0,1,INFORMAL,PAUSED,61,4,0
3623,69,25.1498,M,2,0,N/A,STIPostImmigrating,0,75,109,0,1,INFORMAL,PAUSED,51,2,4
3632,69,25.1745,M,2,4,local,STIPreEmigrating,0,75,109,0,1,INFORMAL,PAUSED,51,2,0
3632,69,25.1745,M,4,0,N/A,STIPostImmigrating,0,75,109,0,1,INFORMAL,NORMAL,51,4,4
3633,15,93.1177,M,4,2,local,STIPreEmigrating,0,94,2,0,1,INFORMAL,PAUSED,37,4,0
3633,15,93.1177,M,2,0,N/A,STIPostImmigrating,0,94,2,0,1,INFORMAL,PAUSED,37,2,0
3635,10,35.0156,M,3,1,local,STIPreEmigrating,0,90,54,0,1,INFORMAL,PAUSED,20,3,3
3635,10,35.0156,M,1,0,N/A,STIPostImmigrating,0,90,54,0,1,INFORMAL,PAUSED,20,1,3
3637,32,22.8904,F,3,4,local,STIPreEmigrating,0,84,69,0,1,INFORMAL,PAUSED,59,3,3
3637,32,22.8904,F,4,0,N/A,STIPostImmigrating,0,84,69,0,1,INFORMAL,PAUSED,59,3,4
3640,40,55.3575,M,3,2,local,STIPreEmigrating,0,95,15,0,1,INFORMAL,PAUSED,26,3,3
3640,40,55.3575,M,2,0,N/A,STIPostImmigrating,0,95,15,0,1,INFORMAL,PAUSED,26,2,3
3643,26,45.8929,F,3,1,local,STIPreEmigrating,0,95,15,0,1,INFORMAL,PAUSED,40,0,3
3643,26,45.8929,F,1,0,N/A,STIPostImmigrating,0,95,15,0,1,INFORMAL,PAUSED,40,0,1
3647,40,55.3767,M,2,3,local,STIPreEmigrating,0,95,15,0,1,INFORMAL,PAUSED,26,2,0
3647,40,55.3767,M,3,0,N/A,STIPostImmigrating,0,95,15,0,1,INFORMAL,PAUSED,26,3,0
3648,64,24.8606,F,1,3,local,STIPreEmigrating,0,87,35,0,1,INFORMAL,PAUSED,41,0,1
3648,64,24.8606,F,3,0,N/A,STIPostImmigrating,0,87,35,0,1,INFORMAL,PAUSED,41,0,3
3655,32,22.9397,F,4,3,local,STIPreEmigrating,0,84,69,0,1,INFORMAL,PAUSED,59,0,4
3655,6,54.547,M,1,4,local,STIPreEmigrating,0,92,27,0,1,INFORMAL,PAUSED,4,1,0
3655,6,54.547,M,4,0,N/A,STIPostImmigrating,0,92,27,0,1,INFORMAL,PAUSED,4,4,0
3655,32,22.9397,F,3,0,N/A,STIPostImmigrating,0,84,69,0,1,INFORMAL,NORMAL,59,3,3
3656,64,24.8825,F,3,1,local,STIPreEmigrating,0,87,35,0,1,INFORMAL,PAUSED,41,0,3
3656,64,24.8825,F,1,0,N/A,STIPostImmigrating,0,87,35,0,1,INFORMAL,PAUSED,41,0,1
3661,7,17.9716,M,3,2,local,STIPreEmigrating,0,91,83,0,1,INFORMAL,PAUSED,3,3,3
3661,7,17.9716,M,2,0,N/A,STIPostImmigrating,0,91,83,0,1,INFORMAL,PAUSED,3,2,3
3674,4,47.0246,F,3,4,local,STIPreEmigrating,0,92,27,0,1,INFORMAL,PAUSED,6,0,3
3674,4,47.0246,F,4,0,N/A,STIPostImmigrating,0,92,27,0,1,INFORMAL,NORMAL,6,4,4
3675,61,21.4062,F,2,4,local,STIPreEmigrating,0,93,30,0,1,INFORMAL,PAUSED,62,0,2
3675,61,21.4062,F,4,0,N/A,STIPostImmigrating,0,93,30,0,1,INFORMAL,NORMAL,62,4,4
3677,49,39.4656,M,4,1,local,STIPreEmigrating,0,98,3,0,0,INFORMAL,PAUSED,21,4,4
3677,49,39.4656,M,1,0,N/A,STIPostImmigrating,0,98,3,0,1,INFORMAL,PAUSED,21,1,4
3679,60,24.0381,F,3,4,local,STIPreEmigrating,0,83,134,0,1,INFORMAL,PAUSED,42,0,3
3679,15,93.2437,M,2,4,local,STIPreEmigrating,0,94,2,0,1,INFORMAL,PAUSED,37,2,0
3679,15,93.2437,M,4,0,N/A,STIPostImmigrating,0,94,2,0,1,INFORMAL,PAUSED,37,4,0
3679,60,24.0381,F,4,0,N/A,STIPostImmigrating,0,83,134,0,1,INFORMAL,NORMAL,42,4,4
3683,20,26.7613,F,3,4,local,STIPreEmigrating,0,90,54,0,1,INFORMAL,PAUSED,10,0,3
3683,20,26.7613,F,4,0,N/A,STIPostImmigrating,0,90,54,0,1,INFORMAL,PAUSED,10,0,4
3685,31,39.8532,F,1,2,local,STIPreEmigrating,0,97,1,0,1,INFORMAL,PAUSED,29,0,1
3685,31,39.8532,F,2,0,N/A,STIPostImmigrating,0,97,1,0,0,INFORMAL,NORMAL,29,2,2
3688,23,34.5187,F,1,2,local,STIPreEmigrating,0,96,13,0,1,INFORMAL,PAUSED,50,0,1
3688,23,34.5187,F,2,0,N/A,STIPostImmigrating,0,96,13,0,0,INFORMAL,NORMAL,50,2,2
3690,6,54.6429,M,4,1,local,STIPreEmigrating,0,92,33,0,1,INFORMAL,PAUSED,4,4,4
3690,6,54.6429,M,1,0,N/A,STIPostImmigrating,0,92,33,0,1,INFORMAL,PAUSED,4,1,4
3696,50,38.4073,M,2,1,local,STIPreEmigrating,0,96,19,0,0,INFORMAL,PAUSED,23,2,2
3696,26,46.0381,F,1,2,local,STIPreEmigrating,0,95,15,0,1,INFORMAL,PAUSED,40,0,1
3696,26,46.0381,F,2,0,N/A,STIPostImmigrating,0,95,15,0,1,INFORMAL,PAUSED,40,0,2
3696,50,38.4073,M,1,0,N/A,STIPostImmigrating,0,96,19,0,1,INFORMAL,PAUSED,23,1,2
3697,51,24.5026,F,4,2,local,STIPreEmigrating,0,75,132,0,1,INFORMAL,PAUSED,69,4,4
3697,51,24.5026,F,2,0,N/A,STIPostImmigrating,0,75,132,0,1,INFORMAL,PAUSED,69,4,2
3699,4,47.0931,F,4,3,local,STIPreEmigrating,0,92,33,0,1,INFORMAL,PAUSED,6,0,4
3699,4,47.0931,F,3,0,N/A,STIPostImmigrating,0,92,33,0,1,INFORMAL,PAUSED,6,0,3
3702,4,47.1013,F,3,4,local,STIPreEmigrating,0,92,33,0,1,INFORMAL,PAUSED,6,0,3
3702,4,47.1013,F,4,0,N/A,STIPostImmigrating,0,92,33,0,1,INFORMAL,PAUSED,6,0,4
3703,29,40.6285,M,2,4,local,STIPreEmigrating,0,97,6,0,0,INFORMAL,PAUSED,31,2,2
3703,29,40.6285,M,4,0,N/A,STIPostImmigrating,0,97,6,0,1,INFORMAL,PAUSED,31,4,2
3709,21,36.6318,F,4,3,local,STIPreEmigrating,0,98,3,0,0,INFORMAL,PAUSED,49,0,4
3709,41,27.2715,M,4,3,local,STIPreEmigrating,0,87,35,0,1,INFORMAL,PAUSED,64,4,0
3709,41,27.2715,M,3,0,N/A,STIPostImmigrating,0,87,35,0,1,INFORMAL,PAUSED,64,3,0
3709,21,36.6318,F,3,0,N/A,STIPostImmigrating,0,98,3,0,1,INFORMAL,PAUSED,49,0,3
3710,40,55.5493,M,3,4,local,STIPreEmigrating,0,95,15,0,1,INFORMAL,PAUSED,26,3,0
3710,40,55.5493,M,4,0,N/A,STIPostImmigrating,0,95,15,0,1,INFORMAL,PAUSED,26,4,0
3717,69,25.4074,M,4,3,local,STIPreEmigrating,0,75,132,0,1,INFORMAL,PAUSED,51,4,0
3717,69,25.4074,M,3,0,N/A,STIPostImmigrating,0,75,132,0,1,INFORMAL,PAUSED,51,3,0
3718,32,23.1123,F,3,2,local,STIPreEmigrating,0,84,85,0,1,INFORMAL,PAUSED,59,3,3
3718,32,23.1123,F,2,0,N/A,STIPostImmigrating,0,84,85,0,1,INFORMAL,PAUSED,59,3,2
3719,42,26.8221,M,4,1,local,STIPreEmigrating,0,83,146,0,1,INFORMAL,PAUSED,60,4,4
3719,60,24.1477,F,4,3,local,STIPreEmigrating,0,83,146,0,1,INFORMAL,PAUSED,42,0,4
3719,60,24.1477,F,3,0,N/A,STIPostImmigrating,0,83,146,0,1,INFORMAL,PAUSED,42,0,3
3719,42,26.8221,M,1,0,N/A,STIPostImmigrating,0,83,146,0,1,INFORMAL,PAUSED,60,1,3
3724,60,24.1614,F,3,1,local,STIPreEmigrating,0,83,146,0,1,INFORMAL,PAUSED,42,0,3
3724,60,24.1614,F,1,0,N/A,STIPostImmigrating,0,83,146,0,1,INFORMAL,NORMAL,42,1,1
3728,16,32.7623,F,4,3,local,STIPreEmigrating,0,88,14,0,1,INFORMAL,PAUSED,68,0,4
3728,16,32.7623,F,3,0,N/A,STIPostImmigrating,0,88,14,0,1,INFORMAL,PAUSED,68,0,3
3734,34,50.3774,F,1,3,local,STIPreEmigrating,0,89,99,0,1,INFORMAL,PAUSED,52,1,1
3734,42,26.8632,M,1,3,local,STIPreEmigrating,0,83,152,0,1,INFORMAL,PAUSED,60,1,1
3734,42,26.8632,M,3,0,N/A,STIPostImmigrating,0,83,152,0,1,INFORMAL,PAUSED,60,3,1
3734,34,50.3774,F,3,0,N/A,STIPostImmigrating,0,89,99,0,1,INFORMAL,PAUSED,52,1,3
3738,29,40.7244,M,4,1,local,STIPreEmigrating,0,97,6,0,1,INFORMAL,PAUSED,31,4,0
3738,29,40.7244,M,1,0,N/A,STIPostImmigrating,0,97,6,0,1,INFORMAL,PAUSED,31,1,0
3741,8,76.0921,F,4,3,local,STIPreEmigrating,0,99,7,0,0,INFORMAL,PAUSED,22,4,4
3741,8,76.0921,F,3,0,N/A,STIPostImmigrating,0,99,7,0,1,INFORMAL,PAUSED,22,4,3
3746,16,32.8116,F,3,2,local,STIPreEmigrating,0,88,14,0,1,INFORMAL,PAUSED,68,0,3
3746,16,32.8116,F,2,0,N/A,STIPostImmigrating,0,88,14,0,1,INFORMAL,NORMAL,68,2,2
3749,20,26.9421,F,4,3,local,STIPreEmigrating,0,90,54,0,1,INFORMAL,PAUSED,10,0,4
3749,20,26.9421,F,3,0,N/A,STIPostImmigrating,0,90,54,0,1,INFORMAL,PAUSED,10,0,3
3750,23,34.6886,F,2,3,local,STIPreEmigrating,0,96,19,0,0,INFORMAL,PAUSED,50,0,2
3750,23,34.6886,F,3,0,N/A,STIPostImmigrating,0,96,19,0,1,INFORMAL,PAUSED,50,0,3
3751,20,26.9476,F,3,2,local,STIPreEmigrating,0,90,54,0,1,INFORMAL,PAUSED,10,0,3
3751,20,26.9476,F,2,0,N/A,STIPostImmigrating,0,90,54,0,1,INFORMAL,PAUSED,10,0,2
3757,26,46.2052,F,2,1,local,STIPreEmigrating,0,95,15,0,1,INFORMAL,PAUSED,40,0,2
3757,26,46.2052,F,1,0,N/A,STIPostImmigrating,0,95,15,0,1,INFORMAL,PAUSED,40,0,1
3758,60,24.2545,F,1,3,local,STIPreEmigrating,0,83,152,0,1,INFORMAL,PAUSED,42,0,1
3758,60,24.2545,F,3,0,N/A,STIPostImmigrating,0,83,152,0,1,INFORMAL,NORMAL,42,3,3
3765,4,47.2739,F,4,3,local,STIPreEmigrating,0,92,33,0,1,INFORMAL,PAUSED,6,0,4
3765,60,24.2737,F,3,4,local,STIPreEmigrating,0,83,155,0,1,INFORMAL,PAUSED,42,3,3
3765,60,24.2737,F,4,0,N/A,STIPostImmigrating,0,83,155,0,1,INFORMAL,PAUSED,42,3,4
3765,4,47.2739,F,3,0,N/A,STIPostImmigrating,0,92,33,0,1,INFORMAL,PAUSED,6,0,3
3768,31,40.0806,F,2,3,local,STIPreEmigrating,0,97,6,0,0,INFORMAL,PAUSED,29,0,2
3768,31,40.0806,F,3,0,N/A,STIPostImmigrating,0,97,6,0,1,INFORMAL,PAUSED,29,0,3
3769,69,25.5498,M,3,4,local,STIPreEmigrating,0,75,132,0,1,INFORMAL,PAUSED,51,3,0
3769,69,25.5498,M,4,0,N/A,STIPostImmigrating,0,75,132,0,1,INFORMAL,PAUSED,51,4,0
3775,8,76.1852,F,3,2,local,STIPreEmigrating,0,99,7,0,1,INFORMAL,PAUSED,22,0,3
3775,8,76.1852,F,2,0,N/A,STIPostImmigrating,0,99,7,0,1,INFORMAL,PAUSED,22,0,2
3776,6,54.8785,M,1,4,local,STIPreEmigrating,0,92,33,0,1,INFORMAL,PAUSED,4,1,0
3776,6,54.8785,M,4,0,N/A,STIPostImmigrating,0,92,33,0,1,INFORMAL,PAUSED,4,4,0
3778,61,21.6883,F,4,1,local,STIPreEmigrating,0,93,65,0,1,INFORMAL,PAUSED,62,4,4
3778,61,21.6883,F,1,0,N/A,STIPostImmigrating,0,93,65,0,1,INFORMAL,PAUSED,62,4,1
3779,69,25.5772,M,4,2,local,STIPreEmigrating,0,75,132,0,1,INFORMAL,PAUSED,51,4,0
3779,69,25.5772,M,2,0,N/A,STIPostImmigrating,0,75,132,0,1,INFORMAL,NORMAL,51,2,2
3780,32,23.2821,F,2,3,local,STIPreEmigrating,0,84,85,0,1,INFORMAL,PAUSED,59,0,2
3780,32,23.2821,F,3,0,N/A,STIPostImmigrating,0,84,85,0,1,INFORMAL,NORMAL,59,3,3
3781,49,39.7505,M,1,4,local,STIPreEmigrating,0,98,3,0,1,INFORMAL,PAUSED,21,1,0
3781,49,39.7505,M,4,0,N/A,STIPostImmigrating,0,98,3,0,1,INFORMAL,PAUSED,21,4,0
3782,26,46.2737,F,1,4,local,STIPreEmigrating,0,95,15,0,1,INFORMAL,PAUSED,40,0,1
3782,26,46.2737,F,4,0,N/A,STIPostImmigrating,0,95,15,0,1,INFORMAL,NORMAL,40,4,4
3784,31,40.1244,F,3,2,local,STIPreEmigrating,0,97,6,0,1,INFORMAL,PAUSED,29,0,3
3784,37,48.1148,F,3,4,local,STIPreEmigrating,0,94,2,0,1,INFORMAL,PAUSED,15,0,3
3784,37,48.1148,F,4,0,N/A,STIPostImmigrating,0,94,2,0,1,INFORMAL,NORMAL,15,4,4
3784,31,40.1244,F,2,0,N/A,STIPostImmigrating,0,97,6,0,1,INFORMAL,PAUSED,29,0,2
3787,41,27.4852,M,3,4,local,STIPreEmigrating,0,87,35,0,1,INFORMAL,PAUSED,64,3,0
3787,41,27.4852,M,4,0,N/A,STIPostImmigrating,0,87,35,0,1,INFORMAL,PAUSED,64,4,0
3789,49,39.7724,M,4,1,local,STIPreEmigrating,0,98,3,0,1,INFORMAL,PAUSED,21,4,0
3789,49,39.7724,M,1,0,N/A,STIPostImmigrating,0,98,3,0,1,INFORMAL,PAUSED,21,1,0
3797,68,43.5145,M,2,3,local,STIPreEmigrating,0,88,34,0,1,INFORMAL,PAUSED,16,2,2
3797,68,43.5145,M,3,0,N/A,STIPostImmigrating,0,88,34,0,1,INFORMAL,PAUSED,16,3,2
3798,7,18.347,M,2,4,local,STIPreEmigrating,0,100,13,0,0,INFORMAL,PAUSED,25,2,2
3798,7,18.347,M,4,0,N/A,STIPostImmigrating,0,100,13,0,1,INFORMAL,PAUSED,25,4,2
3803,10,35.4758,M,1,3,local,STIPreEmigrating,0,90,54,0,1,INFORMAL,PAUSED,20,1,0
3803,10,35.4758,M,3,0,N/A,STIPostImmigrating,0,90,54,0,1,INFORMAL,PAUSED,20,3,0
3804,23,34.8366,F,3,2,local,STIPreEmigrating,0,96,19,0,1,INFORMAL,PAUSED,50,0,3
3804,23,34.8366,F,2,0,N/A,STIPostImmigrating,0,96,19,0,1,INFORMAL,PAUSED,50,0,2
3805,16,32.9733,F,2,3,local,STIPreEmigrating,0,88,34,0,1,INFORMAL,PAUSED,68,0,2
3805,16,32.9733,F,3,0,N/A,STIPostImmigrating,0,88,34,0,1,INFORMAL,NORMAL,68,3,3
3808,50,38.7142,M,1,2,local,STIPreEmigrating,0,96,19,0,1,INFORMAL,PAUSED,23,1,0
3808,50,38.7142,M,2,0,N/A,STIPostImmigrating,0,96,19,0,1,INFORMAL,NORMAL,23,2,2
3809,29,40.9189,M,1,4,local,STIPreEmigrating,0,97,6,0,1,INFORMAL,PAUSED,31,1,0
3809,29,40.9189,M,4,0,N/A,STIPostImmigrating,0,97,6,0,1,INFORMAL,PAUSED,31,4,0
3811,51,24.8149,F,2,3,local,STIPreEmigrating,0,75,143,0,1,INFORMAL,PAUSED,69,2,2
3811,51,24.8149,F,3,0,N/A,STIPostImmigrating,0,75,143,0,1,INFORMAL,PAUSED,69,2,3
3812,7,18.3853,M,4,2,local,STIPreEmigrating,0,100,13,0,1,INFORMAL,PAUSED,25,4,0
3812,23,34.8585,F,2,4,local,STIPreEmigrating,0,96,20,0,1,INFORMAL,PAUSED,50,2,2
3812,23,34.8585,F,4,0,N/A,STIPostImmigrating,0,96,20,0,1,INFORMAL,PAUSED,50,2,4
3812,7,18.3853,M,2,0,N/A,STIPostImmigrating,0,100,13,0,0,INFORMAL,NORMAL,25,2,2
3815,29,40.9353,M,4,2,local,STIPreEmigrating,0,97,6,0,1,INFORMAL,PAUSED,31,4,0
3815,16,33.0006,F,3,4,local,STIPreEmigrating,0,88,37,0,1,INFORMAL,PAUSED,68,3,3
3815,16,33.0006,F,4,0,N/A,STIPostImmigrating,0,88,37,0,1,INFORMAL,PAUSED,68,3,4
3815,29,40.9353,M,2,0,N/A,STIPostImmigrating,0,97,6,0,1,INFORMAL,NORMAL,31,2,2
3820,6,54.999,M,4,1,local,STIPreEmigrating,0,92,33,0,1,INFORMAL,PAUSED,4,4,0
3820,6,54.999,M,1,0,N/A,STIPostImmigrating,0,92,33,0,1,INFORMAL,PAUSED,4,1,0
3822,13,18.8392,F,3,4,local,STIPreEmigrating,0,101,7,0,0,INFORMAL,PAUSED,55,3,3
3822,13,18.8392,F,4,0,N/A,STIPostImmigrating,0,101,7,0,1,INFORMAL,PAUSED,55,3,4
3824,60,24.4353,F,4,3,local,STIPreEmigrating,0,83,155,0,1,INFORMAL,PAUSED,42,0,4
3824,60,24.4353,F,3,0,N/A,STIPostImmigrating,0,83,155,0,1,INFORMAL,NORMAL,42,3,3
3826,25,15.5701,F,2,4,local,STIPreEmigrating,0,100,18,0,0,INFORMAL,PAUSED,7,2,2
3826,25,15.5701,F,4,0,N/A,STIPostImmigrating,0,100,18,0,1,INFORMAL,PAUSED,7,2,4
3829,7,18.4319,M,2,3,local,STIPreEmigrating,0,100,18,0,0,INFORMAL,PAUSED,25,2,0
3829,7,18.4319,M,3,0,N/A,STIPostImmigrating,0,100,18,0,1,INFORMAL,PAUSED,25,3,0
3831,41,27.6058,M,4,2,local,STIPreEmigrating,0,87,35,0,1,INFORMAL,PAUSED,64,4,0
3831,41,27.6058,M,2,0,N/A,STIPostImmigrating,0,87,35,0,1,INFORMAL,PAUSED,64,2,0
3833,15,93.6656,M,4,2,local,STIPreEmigrating,0,94,26,0,1,INFORMAL,PAUSED,37,4,4
3833,15,93.6656,M,2,0,N/A,STIPostImmigrating,0,94,26,0,1,INFORMAL,PAUSED,37,2,4
3840,51,24.8944,F,3,2,local,STIPreEmigrating,0,75,143,0,1,INFORMAL,PAUSED,69,0,3
3840,8,76.3633,F,2,3,local,STIPreEmigrating,0,99,7,0,1,INFORMAL,PAUSED,22,0,2
3840,8,76.3633,F,3,0,N/A,STIPostImmigrating,0,99,7,0,1,INFORMAL,PAUSED,22,0,3
3840,51,24.8944,F,2,0,N/A,STIPostImmigrating,0,75,143,0,1,INFORMAL,NORMAL,69,2,2
3842,20,27.1969,F,2,3,local,STIPreEmigrating,0,90,54,0,1,INFORMAL,PAUSED,10,0,2
3842,20,27.1969,F,3,0,N/A,STIPostImmigrating,0,90,54,0,1,INFORMAL,NORMAL,10,3,3
3846,25,15.6249,F,4,1,local,STIPreEmigrating,0,100,18,0,1,INFORMAL,PAUSED,7,0,4
3846,25,15.6249,F,1,0,N/A,STIPostImmigrating,0,100,18,0,1,INFORMAL,PAUSED,7,0,1
3849,42,27.1783,M,3,1,local,STIPreEmigrating,0,83,166,0,1,INFORMAL,PAUSED,60,3,3
3849,42,27.1783,M,1,0,N/A,STIPostImmigrating,0,83,166,0,1,INFORMAL,PAUSED,60,1,3
3853,64,25.4222,F,1,3,local,STIPreEmigrating,0,87,35,0,1,INFORMAL,PAUSED,41,0,1
3853,64,25.4222,F,3,0,N/A,STIPostImmigrating,0,87,35,0,1,INFORMAL,PAUSED,41,0,3
3856,42,27.1974,M,1,4,local,STIPreEmigrating,0,83,166,0,1,INFORMAL,PAUSED,60,1,0
3856,42,27.1974,M,4,0,N/A,STIPostImmigrating,0,83,166,0,1,INFORMAL,PAUSED,60,4,0
3861,8,76.4209,F,3,4,local,STIPreEmigrating,0,99,7,0,1,INFORMAL,PAUSED,22,0,3
3861,8,76.4209,F,4,0,N/A,STIPostImmigrating,0,99,7,0,0,INFORMAL,NORMAL,22,4,4
3862,15,93.7451,M,2,4,local,STIPreEmigrating,0,94,26,0,1,INFORMAL,PAUSED,37,2,0
3862,15,93.7451,M,4,0,N/A,STIPostImmigrating,0,94,26,0,1,INFORMAL,NORMAL,37,4,4
3865,20,27.26,F,3,1,local,STIPreEmigrating,0,90,64,0,1,INFORMAL,PAUSED,10,3,3
3865,20,27.26,F,1,0,N/A,STIPostImmigrating,0,90,64,0,1,INFORMAL,PAUSED,10,3,1
3869,31,40.3573,F,2,3,local,STIPreEmigrating,0,97,20,0,1,INFORMAL,PAUSED,29,2,2
3869,31,40.3573,F,3,0,N/A,STIPostImmigrating,0,97,20,0,1,INFORMAL,PAUSED,29,2,3
3870,49,39.9943,M,1,4,local,STIPreEmigrating,0,98,3,0,1,INFORMAL,PAUSED,21,1,0
3870,49,39.9943,M,4,0,N/A,STIPostImmigrating,0,98,3,0,1,INFORMAL,PAUSED,21,4,0
3873,51,24.9848,F,2,3,local,STIPreEmigrating,0,75,148,0,1,INFORMAL,PAUSED,69,2,2
3873,41,27.7208,M,2,4,local,STIPreEmigrating,0,87,35,0,1,INFORMAL,PAUSED,64,2,0
3873,41,27.7208,M,4,0,N/A,STIPostImmigrating,0,87,35,0,1,INFORMAL,PAUSED,64,4,0
3873,51,24.9848,F,3,0,N/A,STIPostImmigrating,0,75,148,0,1,INFORMAL,PAUSED,69,2,3
3874,64,25.4797,F,3,4,local,STIPreEmigrating,0,87,35,0,1,INFORMAL,PAUSED,41,0,3
3874,64,25.4797,F,4,0,N/A,STIPostImmigrating,0,87,35,0,1,INFORMAL,NORMAL,41,4,4
3876,6,55.1525,M,1,4,local,STIPreEmigrating,0,92,33,0,1,INFORMAL,PAUSED,4,1,0
3876,6,55.1525,M,4,0,N/A,STIPostImmigrating,0,92,33,0,1,INFORMAL,PAUSED,4,4,0
3877,41,27.7318,M,4,2,local,STIPreEmigrating,0,87,36,0,1,INFORMAL,PAUSED,64,4,4
3877,41,27.7318,M,2,0,N/A,STIPostImmigrating,0,87,36,0,1,INFORMAL,PAUSED,64,2,4
3878,60,24.5833,F,3,4,local,STIPreEmigrating,0,83,166,0,1,INFORMAL,PAUSED,42,0,3
3878,60,24.5833,F,4,0,N/A,STIPostImmigrating,0,83,166,0,1,INFORMAL,NORMAL,42,4,4
3881,6,55.1661,M,4,1,local,STIPreEmigrating,0,92,33,0,1,INFORMAL,PAUSED,4,4,0
3881,6,55.1661,M,1,0,N/A,STIPostImmigrating,0,92,33,0,1,INFORMAL,PAUSED,4,1,0
3884,52,47.7929,M,3,4,local,STIPreEmigrating,0,102,22,0,0,INFORMAL,PAUSED,30,3,3
3884,52,47.7929,M,4,0,N/A,STIPostImmigrating,0,102,22,0,1,INFORMAL,PAUSED,30,4,3
3885,68,43.7556,M,3,2,local,STIPreEmigrating,0,88,37,0,1,INFORMAL,PAUSED,16,3,0
3885,69,25.8676,M,2,4,local,STIPreEmigrating,0,75,148,0,1,INFORMAL,PAUSED,51,2,0
3885,69,25.8676,M,4,0,N/A,STIPostImmigrating,0,75,148,0,1,INFORMAL,PAUSED,51,4,0
3885,68,43.7556,M,2,0,N/A,STIPostImmigrating,0,88,37,0,1,INFORMAL,PAUSED,16,2,0
3886,13,19.0145,F,4,3,local,STIPreEmigrating,0,101,7,0,1,INFORMAL,PAUSED,55,0,4
3886,13,19.0145,F,3,0,N/A,STIPostImmigrating,0,101,7,0,0,INFORMAL,NORMAL,55,3,3
3891,13,19.0282,F,3,4,local,STIPreEmigrating,0,101,9,0,0,INFORMAL,PAUSED,55,3,3
3891,13,19.0282,F,4,0,N/A,STIPostImmigrating,0,101,9,0,1,INFORMAL,PAUSED,55,3,4
3896,62,23.442,M,4,1,local,STIPreEmigrating,0,93,65,0,1,INFORMAL,PAUSED,61,4,0
3896,10,35.7306,M,3,1,local,STIPreEmigrating,0,90,64,0,1,INFORMAL,PAUSED,20,3,0
3896,61,22.0116,F,1,4,local,STIPreEmigrating,0,93,65,0,1,INFORMAL,PAUSED,62,0,1
3896,25,15.7619,F,1,4,local,STIPreEmigrating,0,100,18,0,1,INFORMAL,PAUSED,7,0,1
3896,25,15.7619,F,4,0,N/A,STIPostImmigrating,0,100,18,0,1,INFORMAL,PAUSED,7,0,4
3896,61,22.0116,F,4,0,N/A,STIPostImmigrating,0,93,65,0,1,INFORMAL,PAUSED,62,0,4
3896,10,35.7306,M,1,0,N/A,STIPostImmigrating,0,90,64,0,1,INFORMAL,NORMAL,20,1,1
3896,62,23.442,M,1,0,N/A,STIPostImmigrating,0,93,65,0,1,INFORMAL,PAUSED,61,1,0
3901,26,46.5997,F,4,1,local,STIPreEmigrating,0,95,54,0,1,INFORMAL,PAUSED,40,4,4
3901,20,27.3586,F,1,3,local,STIPreEmigrating,0,90,65,0,1,INFORMAL,PAUSED,10,1,1
3901,20,27.3586,F,3,0,N/A,STIPostImmigrating,0,90,65,0,1,INFORMAL,PAUSED,10,1,3
3901,26,46.5997,F,1,0,N/A,STIPostImmigrating,0,95,54,0,1,INFORMAL,PAUSED,40,4,1
3902,69,25.9142,M,4,1,local,STIPreEmigrating,0,75,148,0,1,INFORMAL,PAUSED,51,4,0
3902,61,22.0281,F,4,3,local,STIPreEmigrating,0,93,65,0,1,INFORMAL,PAUSED,62,0,4
3902,61,22.0281,F,3,0,N/A,STIPostImmigrating,0,93,65,0,1,INFORMAL,PAUSED,62,0,3
3902,69,25.9142,M,1,0,N/A,STIPostImmigrating,0,75,148,0,1,INFORMAL,PAUSED,51,1,0
3908,22,75.3305,M,4,1,local,STIPreEmigrating,0,99,22,0,0,INFORMAL,PAUSED,8,4,4
3908,22,75.3305,M,1,0,N/A,STIPostImmigrating,0,99,22,0,1,INFORMAL,PAUSED,8,1,4
3910,4,47.6712,F,3,4,local,STIPreEmigrating,0,92,33,0,1,INFORMAL,PAUSED,6,0,3
3910,4,47.6712,F,4,0,N/A,STIPostImmigrating,0,92,33,0,1,INFORMAL,PAUSED,6,0,4
3911,42,27.3481,M,4,1,local,STIPreEmigrating,0,83,176,0,1,INFORMAL,PAUSED,60,4,4
3911,52,47.8669,M,4,3,local,STIPreEmigrating,0,102,22,0,1,INFORMAL,PAUSED,30,4,0
3911,61,22.0527,F,3,4,local,STIPreEmigrating,0,93,65,0,1,INFORMAL,PAUSED,62,0,3
3911,61,22.0527,F,4,0,N/A,STIPostImmigrating,0,93,65,0,1,INFORMAL,PAUSED,62,0,4
3911,52,47.8669,M,3,0,N/A,STIPostImmigrating,0,102,22,0,0,INFORMAL,NORMAL,30,3,3
3911,42,27.3481,M,1,0,N/A,STIPostImmigrating,0,83,176,0,1,INFORMAL,PAUSED,60,1,4
3915,23,35.1407,F,4,2,local,STIPreEmigrating,0,96,20,0,1,INFORMAL,PAUSED,50,0,4
3915,23,35.1407,F,2,0,N/A,STIPostImmigrating,0,96,20,0,1,INFORMAL,NORMAL,50,2,2
3916,8,76.5716,F,4,3,local,STIPreEmigrating,0,99,22,0,0,INFORMAL,PAUSED,22,0,4
3916,8,76.5716,F,3,0,N/A,STIPostImmigrating,0,99,22,0,1,INFORMAL,PAUSED,22,0,3
3917,55,35.0866,M,3,2,local,STIPreEmigrating,0,101,9,0,0,INFORMAL,PAUSED,13,3,0
3917,55,35.0866,M,2,0,N/A,STIPostImmigrating,0,101,9,0,1,INFORMAL,PAUSED,13,2,0
3918,42,27.3673,M,1,2,local,STIPreEmigrating,0,83,176,0,1,INFORMAL,PAUSED,60,1,0
3918,42,27.3673,M,2,0,N/A,STIPostImmigrating,0,83,176,0,1,INFORMAL,PAUSED,60,2,0
3921,52,47.8943,M,3,2,local,STIPreEmigrating,0,102,23,0,0,INFORMAL,PAUSED,30,3,3
3921,52,47.8943,M,2,0,N/A,STIPostImmigrating,0,102,23,0,1,INFORMAL,PAUSED,30,2,3
3925,61,22.0911,F,4,1,local,STIPreEmigrating,0,93,65,0,1,INFORMAL,PAUSED,62,0,4
3925,61,22.0911,F,1,0,N/A,STIPostImmigrating,0,93,65,0,1,INFORMAL,NORMAL,62,1,1
3927,55,35.114,M,2,1,local,STIPreEmigrating,0,101,9,0,1,INFORMAL,PAUSED,13,2,0
3927,10,35.8156,M,1,2,local,STIPreEmigrating,0,90,65,0,1,INFORMAL,PAUSED,20,1,0
3927,10,35.8156,M,2,0,N/A,STIPostImmigrating,0,90,65,0,1,INFORMAL,PAUSED,20,2,0
3927,55,35.114,M,1,0,N/A,STIPostImmigrating,0,101,9,0,1,INFORMAL,PAUSED,13,1,0
3929,37,48.512,F,4,1,local,STIPreEmigrating,0,94,49,0,1,INFORMAL,PAUSED,15,4,4
3929,37,48.512,F,1,0,N/A,STIPostImmigrating,0,94,49,0,1,INFORMAL,PAUSED,15,4,1
3930,37,48.5148,F,1,4,local,STIPreEmigrating,0,94,49,0,1,INFORMAL,PAUSED,15,4,1
3930,37,48.5148,F,4,0,N/A,STIPostImmigrating,0,94,49,0,1,INFORMAL,NORMAL,15,4,4
3933,69,25.9992,M,1,4,local,STIPreEmigrating,0,75,148,0,1,INFORMAL,PAUSED,51,1,0
3933,69,25.9992,M,4,0,N/A,STIPostImmigrating,0,75,148,0,1,INFORMAL,PAUSED,51,4,0
3935,60,24.7394,F,4,3,local,STIPreEmigrating,0,83,176,0,1,INFORMAL,PAUSED,42,0,4
3935,60,24.7394,F,3,0,N/A,STIPostImmigrating,0,83,176,0,1,INFORMAL,PAUSED,42,0,3
3939,26,46.7039,F,1,4,local,STIPreEmigrating,0,95,54,0,1,INFORMAL,PAUSED,40,0,1
3939,26,46.7039,F,4,0,N/A,STIPostImmigrating,0,95,54,0,1,INFORMAL,NORMAL,40,4,4
3945,55,35.1633,M,1,2,local,STIPreEmigrating,0,101,9,0,1,INFORMAL,PAUSED,13,1,0
3945,55,35.1633,M,2,0,N/A,STIPostImmigrating,0,101,9,0,1,INFORMAL,PAUSED,13,2,0
3952,64,25.6934,F,4,3,local,STIPreEmigrating,0,87,36,0,1,INFORMAL,PAUSED,41,0,4
3952,16,33.376,F,4,3,local,STIPreEmigrating,0,88,37,0,1,INFORMAL,PAUSED,68,0,4
3952,16,33.376,F,3,0,N/A,STIPostImmigrating,0,88,37,0,1,INFORMAL,PAUSED,68,0,3
3952,64,25.6934,F,3,0,N/A,STIPostImmigrating,0,87,36,0,1,INFORMAL,PAUSED,41,0,3
3953,8,76.6729,F,3,4,local,STIPreEmigrating,0,99,22,0,1,INFORMAL,PAUSED,22,0,3
3953,7,18.7716,M,3,2,local,STIPreEmigrating,0,100,18,0,1,INFORMAL,PAUSED,25,3,0
3953,7,18.7716,M,2,0,N/A,STIPostImmigrating,0,100,18,0,1,INFORMAL,PAUSED,25,2,0
3953,8,76.6729,F,4,0,N/A,STIPostImmigrating,0,99,22,0,1,INFORMAL,PAUSED,22,0,4
3955,25,15.9236,F,4,1,local,STIPreEmigrating,0,100,18,0,1,INFORMAL,PAUSED,7,0,4
3955,25,15.9236,F,1,0,N/A,STIPostImmigrating,0,100,18,0,1,INFORMAL,PAUSED,7,0,1
3968,64,25.7373,F,3,1,local,STIPreEmigrating,0,87,36,0,1,INFORMAL,PAUSED,41,0,3
3968,64,25.7373,F,1,0,N/A,STIPostImmigrating,0,87,36,0,1,INFORMAL,PAUSED,41,0,1
3971,52,48.0313,M,2,3,local,STIPreEmigrating,0,102,23,0,1,INFORMAL,PAUSED,30,2,0
3971,52,48.0313,M,3,0,N/A,STIPostImmigrating,0,102,23,0,0,INFORMAL,NORMAL,30,3,3
3972,22,75.5058,M,1,2,local,STIPreEmigrating,0,99,22,0,1,INFORMAL,PAUSED,8,1,0
3972,22,75.5058,M,2,0,N/A,STIPostImmigrating,0,99,22,0,1,INFORMAL,PAUSED,8,2,0
3973,50,39.1662,M,2,1,local,STIPreEmigrating,0,96,31,0,1,INFORMAL,PAUSED,23,2,2
3973,42,27.518,M,2,1,local,STIPreEmigrating,0,83,176,0,1,INFORMAL,PAUSED,60,2,0
3973,42,27.518,M,1,0,N/A,STIPostImmigrating,0,83,176,0,1,INFORMAL,PAUSED,60,1,0
3973,50,39.1662,M,1,0,N/A,STIPostImmigrating,0,96,31,0,1,INFORMAL,PAUSED,23,1,2
3974,30,41.1691,F,3,1,local,STIPreEmigrating,0,102,25,0,0,INFORMAL,PAUSED,52,3,3
3974,30,41.1691,F,1,0,N/A,STIPostImmigrating,0,102,25,0,1,INFORMAL,PAUSED,52,3,1
3975,15,94.0546,M,4,2,local,STIPreEmigrating,0,94,53,0,1,INFORMAL,PAUSED,37,4,4
3975,15,94.0546,M,2,0,N/A,STIPostImmigrating,0,94,53,0,1,INFORMAL,PAUSED,37,2,4
3976,15,94.0574,M,2,3,local,STIPreEmigrating,0,94,53,0,1,INFORMAL,PAUSED,37,2,4
3976,61,22.2308,F,1,4,local,STIPreEmigrating,0,93,84,0,1,INFORMAL,PAUSED,62,1,1
3976,61,22.2308,F,4,0,N/A,STIPostImmigrating,0,93,84,0,1,INFORMAL,PAUSED,62,1,4
3976,15,94.0574,M,3,0,N/A,STIPostImmigrating,0,94,53,0,1,INFORMAL,PAUSED,37,3,4
3987,50,39.2046,M,1,3,local,STIPreEmigrating,0,96,31,0,1,INFORMAL,PAUSED,23,1,0
3987,42,27.5563,M,1,4,local,STIPreEmigrating,0,83,176,0,1,INFORMAL,PAUSED,60,1,0
3987,42,27.5563,M,4,0,N/A,STIPostImmigrating,0,83,176,0,1,INFORMAL,PAUSED,60,4,0
3987,50,39.2046,M,3,0,N/A,STIPostImmigrating,0,96,31,0,1,INFORMAL,PAUSED,23,3,0
3988,59,29.8217,M,3,2,local,STIPreEmigrating,0,84,150,0,1,INFORMAL,PAUSED,32,3,3
3988,7,18.8675,M,2,1,local,STIPreEmigrating,0,100,18,0,1,INFORMAL,PAUSED,25,2,0
3988,7,18.8675,M,1,0,N/A,STIPostImmigrating,0,100,18,0,1,INFORMAL,NORMAL,25,1,1
3988,59,29.8217,M,2,0,N/A,STIPostImmigrating,0,84,150,0,1,INFORMAL,PAUSED,32,2,3
3992,8,76.7798,F,4,3,local,STIPreEmigrating,0,99,22,0,1,INFORMAL,PAUSED,22,0,4
3992,8,76.7798,F,3,0,N/A,STIPostImmigrating,0,99,22,0,1,INFORMAL,PAUSED,22,0,3
4000,13,19.3268,F,4,2,local,STIPreEmigrating,0,101,9,0,1,INFORMAL,PAUSED,55,0,4
4000,40,56.3438,M,4,3,local,STIPreEmigrating,0,95,73,0,1,INFORMAL,PAUSED,26,4,4
4000,40,56.3438,M,3,0,N/A,STIPostImmigrating,0,95,73,0,1,INFORMAL,PAUSED,26,3,4
4000,13,19.3268,F,2,0,N/A,STIPostImmigrating,0,101,9,0,1,INFORMAL,NORMAL,55,2,2
4002,40,56.3493,M,3,1,local,STIPreEmigrating,0,95,73,0,1,INFORMAL,PAUSED,26,3,0
4002,40,56.3493,M,1,0,N/A,STIPostImmigrating,0,95,73,0,1,INFORMAL,PAUSED,26,1,0
4004,6,55.5031,M,1,2,local,STIPreEmigrating,0,92,33,0,1,INFORMAL,PAUSED,4,1,0
4004,6,55.5031,M,2,0,N/A,STIPostImmigrating,0,92,33,0,1,INFORMAL,PAUSED,4,2,0
4008,23,35.3955,F,2,3,local,STIPreEmigrating,0,96,31,0,1,INFORMAL,PAUSED,50,0,2
4008,23,35.3955,F,3,0,N/A,STIPostImmigrating,0,96,31,0,1,INFORMAL,NORMAL,50,3,3
4013,60,24.9531,F,3,1,local,STIPreEmigrating,0,83,176,0,1,INFORMAL,PAUSED,42,0,3
4013,60,24.9531,F,1,0,N/A,STIPostImmigrating,0,83,176,0,1,INFORMAL,PAUSED,42,0,1
4014,61,22.3349,F,4,3,local,STIPreEmigrating,0,93,84,0,1,INFORMAL,PAUSED,62,0,4
4014,61,22.3349,F,3,0,N/A,STIPostImmigrating,0,93,84,0,1,INFORMAL,PAUSED,62,0,3
4019,69,26.2348,M,4,3,local,STIPreEmigrating,0,75,148,0,1,INFORMAL,PAUSED,51,4,0
4019,69,26.2348,M,3,0,N/A,STIPostImmigrating,0,75,148,0,1,INFORMAL,NORMAL,51,3,3
4021,69,26.2402,M,3,4,local,STIPreEmigrating,0,75,151,0,1,INFORMAL,PAUSED,51,3,3
4021,69,26.2402,M,4,0,N/A,STIPostImmigrating,0,75,151,0,1,INFORMAL,PAUSED,51,4,3
4022,60,24.9778,F,1,3,local,STIPreEmigrating,0,83,176,0,1,INFORMAL,PAUSED,42,0,1
4022,60,24.9778,F,3,0,N/A,STIPostImmigrating,0,83,176,0,1,INFORMAL,PAUSED,42,0,3
4025,42,27.6604,M,4,1,local,STIPreEmigrating,0,83,176,0,1,INFORMAL,PAUSED,60,4,0
4025,22,75.651,M,2,1,local,STIPreEmigrating,0,99,22,0,1,INFORMAL,PAUSED,8,2,0
4025,55,35.3825,M,2,1,local,STIPreEmigrating,0,101,19,0,1,INFORMAL,PAUSED,13,2,2
4025,55,35.3825,M,1,0,N/A,STIPostImmigrating,0,101,19,0,1,INFORMAL,PAUSED,13,1,2
4025,22,75.651,M,1,0,N/A,STIPostImmigrating,0,99,22,0,1,INFORMAL,PAUSED,8,1,0
4025,42,27.6604,M,1,0,N/A,STIPostImmigrating,0,83,176,0,1,INFORMAL,PAUSED,60,1,0
4038,51,25.4368,F,3,2,local,STIPreEmigrating,0,75,151,0,1,INFORMAL,PAUSED,69,0,3
4038,51,25.4368,F,2,0,N/A,STIPostImmigrating,0,75,151,0,1,INFORMAL,PAUSED,69,0,2
4041,7,19.0127,M,1,2,local,STIPreEmigrating,0,100,33,0,1,INFORMAL,PAUSED,25,1,1
4041,7,19.0127,M,2,0,N/A,STIPostImmigrating,0,100,33,0,1,INFORMAL,PAUSED,25,2,1
4042,50,39.3553,M,3,1,local,STIPreEmigrating,0,96,48,0,1,INFORMAL,PAUSED,23,3,3
4042,50,39.3553,M,1,0,N/A,STIPostImmigrating,0,96,48,0,1,INFORMAL,PAUSED,23,1,3
4045,16,33.6308,F,3,4,local,STIPreEmigrating,0,88,37,0,1,INFORMAL,PAUSED,68,0,3
4045,16,33.6308,F,4,0,N/A,STIPostImmigrating,0,88,37,0,1,INFORMAL,PAUSED,68,0,4
4047,42,27.7207,M,1,3,local,STIPreEmigrating,0,83,176,0,1,INFORMAL,PAUSED,60,1,0
4047,42,27.7207,M,3,0,N/A,STIPostImmigrating,0,83,176,0,1,INFORMAL,NORMAL,60,3,3
4055,51,25.4834,F,2,3,local,STIPreEmigrating,0,75,151,0,1,INFORMAL,PAUSED,69,0,2
4055,51,25.4834,F,3,0,N/A,STIPostImmigrating,0,75,151,0,1,INFORMAL,PAUSED,69,0,3
4059,68,44.2324,M,2,3,local,STIPreEmigrating,0,88,37,0,1,INFORMAL,PAUSED,16,2,0
4059,68,44.2324,M,3,0,N/A,STIPostImmigrating,0,88,37,0,1,INFORMAL,PAUSED,16,3,0
4063,20,27.8024,F,3,4,local,STIPreEmigrating,0,103,28,0,0,INFORMAL,PAUSED,59,3,3
4063,20,27.8024,F,4,0,N/A,STIPostImmigrating,0,103,28,0,1,INFORMAL,PAUSED,59,3,4
4066,52,48.2915,M,3,2,local,STIPreEmigrating,0,102,25,0,0,INFORMAL,PAUSED,30,3,0
4066,52,48.2915,M,2,0,N/A,STIPostImmigrating,0,102,25,0,1,INFORMAL,PAUSED,30,2,0
4067,61,22.4801,F,3,4,local,STIPreEmigrating,0,93,84,0,1,INFORMAL,PAUSED,62,0,3
4067,61,22.4801,F,4,0,N/A,STIPostImmigrating,0,93,84,0,1,INFORMAL,PAUSED,62,0,4
4073,53,34.081,F,2,4,local,STIPreEmigrating,0,105,9,0,0,INFORMAL,PAUSED,10,2,2
4073,53,34.081,F,4,0,N/A,STIPostImmigrating,0,105,9,0,1,INFORMAL,PAUSED,10,2,4
4074,50,39.4429,M,1,2,local,STIPreEmigrating,0,96,48,0,1,INFORMAL,PAUSED,23,1,0
4074,50,39.4429,M,2,0,N/A,STIPostImmigrating,0,96,48,0,1,INFORMAL,PAUSED,23,2,0
4076,62,23.9352,M,1,3,local,STIPreEmigrating,0,93,84,0,1,INFORMAL,PAUSED,61,1,0
4076,62,23.9352,M,3,0,N/A,STIPostImmigrating,0,93,84,0,1,INFORMAL,PAUSED,61,3,0
4077,7,19.1113,M,2,3,local,STIPreEmigrating,0,100,33,0,1,INFORMAL,PAUSED,25,2,0
4077,7,19.1113,M,3,0,N/A,STIPostImmigrating,0,100,33,0,1,INFORMAL,PAUSED,25,3,0
4078,30,41.454,F,1,2,local,STIPreEmigrating,0,102,25,0,1,INFORMAL,PAUSED,52,0,1
4078,30,41.454,F,2,0,N/A,STIPostImmigrating,0,102,25,0,1,INFORMAL,NORMAL,52,2,2
4089,13,19.5707,F,2,4,local,STIPreEmigrating,0,101,19,0,1,INFORMAL,PAUSED,55,0,2
4089,13,19.5707,F,4,0,N/A,STIPostImmigrating,0,101,19,0,1,INFORMAL,PAUSED,55,0,4
4091,30,41.4897,F,2,1,local,STIPreEmigrating,0,102,28,0,1,INFORMAL,PAUSED,52,2,2
4091,30,41.4897,F,1,0,N/A,STIPostImmigrating,0,102,28,0,1,INFORMAL,PAUSED,52,2,1
4093,30,41.4951,F,1,4,local,STIPreEmigrating,0,102,28,0,1,INFORMAL,PAUSED,52,0,1
4093,30,41.4951,F,4,0,N/A,STIPostImmigrating,0,102,28,0,1,INFORMAL,PAUSED,52,0,4
4094,42,27.8495,M,3,1,local,STIPreEmigrating,0,83,190,0,1,INFORMAL,PAUSED,60,3,3
4094,42,27.8495,M,1,0,N/A,STIPostImmigrating,0,83,190,0,1,INFORMAL,PAUSED,60,1,3
4096,59,30.1176,M,3,2,local,STIPreEmigrating,0,103,28,0,0,INFORMAL,PAUSED,20,3,0
4096,59,30.1176,M,2,0,N/A,STIPostImmigrating,0,103,28,0,1,INFORMAL,PAUSED,20,2,0
4098,10,36.284,M,2,1,local,STIPreEmigrating,0,105,9,0,0,INFORMAL,PAUSED,53,2,0
4098,10,36.284,M,1,0,N/A,STIPostImmigrating,0,105,9,0,1,INFORMAL,PAUSED,53,1,0
4106,26,47.1614,F,4,1,local,STIPreEmigrating,0,95,73,0,1,INFORMAL,PAUSED,40,0,4
4106,26,47.1614,F,1,0,N/A,STIPostImmigrating,0,95,73,0,1,INFORMAL,NORMAL,40,1,1
4107,26,47.1641,F,1,4,local,STIPreEmigrating,0,95,73,0,1,INFORMAL,PAUSED,40,1,1
4107,26,47.1641,F,4,0,N/A,STIPostImmigrating,0,95,73,0,1,INFORMAL,PAUSED,40,1,4
4108,42,27.8878,M,1,2,local,STIPreEmigrating,0,83,190,0,1,INFORMAL,PAUSED,60,1,0
4108,42,27.8878,M,2,0,N/A,STIPostImmigrating,0,83,190,0,1,INFORMAL,PAUSED,60,2,0
4112,25,16.3537,F,1,4,local,STIPreEmigrating,0,100,33,0,1,INFORMAL,PAUSED,7,0,1
4112,25,16.3537,F,4,0,N/A,STIPostImmigrating,0,100,33,0,1,INFORMAL,PAUSED,7,0,4
4113,26,47.1806,F,4,1,local,STIPreEmigrating,0,95,73,0,1,INFORMAL,PAUSED,40,0,4
4113,26,47.1806,F,1,0,N/A,STIPostImmigrating,0,95,73,0,1,INFORMAL,NORMAL,40,1,1
4115,42,27.907,M,2,1,local,STIPreEmigrating,0,83,190,0,1,INFORMAL,PAUSED,60,2,0
4115,42,27.907,M,1,0,N/A,STIPostImmigrating,0,83,190,0,1,INFORMAL,PAUSED,60,1,0
4122,59,30.1888,M,2,1,local,STIPreEmigrating,0,103,28,0,1,INFORMAL,PAUSED,20,2,0
4122,59,30.1888,M,1,0,N/A,STIPostImmigrating,0,103,28,0,1,INFORMAL,PAUSED,20,1,0
4123,61,22.6335,F,4,3,local,STIPreEmigrating,0,93,84,0,1,INFORMAL,PAUSED,62,0,4
4123,20,27.9668,F,4,3,local,STIPreEmigrating,0,103,28,0,1,INFORMAL,PAUSED,59,0,4
4123,20,27.9668,F,3,0,N/A,STIPostImmigrating,0,103,28,0,1,INFORMAL,PAUSED,59,0,3
4123,61,22.6335,F,3,0,N/A,STIPostImmigrating,0,93,84,0,1,INFORMAL,NORMAL,62,3,3
4124,59,30.1943,M,1,2,local,STIPreEmigrating,0,103,28,0,1,INFORMAL,PAUSED,20,1,0
4124,59,30.1943,M,2,0,N/A,STIPostImmigrating,0,103,28,0,1,INFORMAL,PAUSED,20,2,0
4126,39,41.4701,M,4,2,local,STIPreEmigrating,0,104,43,0,0,INFORMAL,PAUSED,46,4,4
4126,62,24.0722,M,3,1,local,STIPreEmigrating,0,93,84,0,1,INFORMAL,PAUSED,61,3,3
4126,62,24.0722,M,1,0,N/A,STIPostImmigrating,0,93,84,0,1,INFORMAL,PAUSED,61,1,3
4126,39,41.4701,M,2,0,N/A,STIPostImmigrating,0,104,43,0,1,INFORMAL,PAUSED,46,2,4
4127,60,25.2655,F,3,1,local,STIPreEmigrating,0,83,190,0,1,INFORMAL,PAUSED,42,0,3
4127,60,25.2655,F,1,0,N/A,STIPostImmigrating,0,83,190,0,1,INFORMAL,NORMAL,42,1,1
4129,10,36.369,M,1,3,local,STIPreEmigrating,0,105,9,0,1,INFORMAL,PAUSED,53,1,0
4129,10,36.369,M,3,0,N/A,STIPostImmigrating,0,105,9,0,1,INFORMAL,PAUSED,53,3,0
4130,68,44.4269,M,3,4,local,STIPreEmigrating,0,88,37,0,1,INFORMAL,PAUSED,16,3,0
4130,68,44.4269,M,4,0,N/A,STIPostImmigrating,0,88,37,0,1,INFORMAL,NORMAL,16,4,4
4131,13,19.6857,F,4,1,local,STIPreEmigrating,0,101,19,0,1,INFORMAL,PAUSED,55,0,4
4131,13,19.6857,F,1,0,N/A,STIPostImmigrating,0,101,19,0,1,INFORMAL,NORMAL,55,1,1
4136,23,35.7461,F,3,2,local,STIPreEmigrating,0,96,48,0,1,INFORMAL,PAUSED,50,0,3
4136,23,35.7461,F,2,0,N/A,STIPostImmigrating,0,96,48,0,1,INFORMAL,NORMAL,50,2,2
4139,39,41.5057,M,2,3,local,STIPreEmigrating,0,104,43,0,1,INFORMAL,PAUSED,46,2,0
4139,39,41.5057,M,3,0,N/A,STIPostImmigrating,0,104,43,0,1,INFORMAL,PAUSED,46,3,0
4141,25,16.4331,F,4,3,local,STIPreEmigrating,0,100,33,0,1,INFORMAL,PAUSED,7,0,4
4141,25,16.4331,F,3,0,N/A,STIPostImmigrating,0,100,33,0,1,INFORMAL,NORMAL,7,3,3
4144,6,55.8867,M,2,1,local,STIPreEmigrating,0,92,33,0,1,INFORMAL,PAUSED,4,2,0
4144,6,55.8867,M,1,0,N/A,STIPostImmigrating,0,92,33,0,1,INFORMAL,PAUSED,4,1,0
4148,50,39.6457,M,2,1,local,STIPreEmigrating,0,96,50,0,1,INFORMAL,PAUSED,23,2,2
4148,50,39.6457,M,1,0,N/A,STIPostImmigrating,0,96,50,0,1,INFORMAL,PAUSED,23,1,2
4153,6,55.9114,M,1,3,local,STIPreEmigrating,0,92,33,0,1,INFORMAL,PAUSED,4,1,0
4153,6,55.9114,M,3,0,N/A,STIPostImmigrating,0,92,33,0,1,INFORMAL,PAUSED,4,3,0
4154,25,16.4688,F,3,4,local,STIPreEmigrating,0,100,38,0,1,INFORMAL,PAUSED,7,3,3
4154,25,16.4688,F,4,0,N/A,STIPostImmigrating,0,100,38,0,1,INFORMAL,PAUSED,7,3,4
4158,67,76.5725,M,4,2,local,STIPreEmigrating,0,107,4,0,0,INFORMAL,PAUSED,18,4,4
4158,67,76.5725,M,2,0,N/A,STIPostImmigrating,0,107,4,0,1,INFORMAL,PAUSED,18,2,4
4160,68,44.5091,M,4,3,local,STIPreEmigrating,0,88,48,0,1,INFORMAL,PAUSED,16,4,4
4160,68,44.5091,M,3,0,N/A,STIPostImmigrating,0,88,48,0,1,INFORMAL,PAUSED,16,3,4
4162,68,44.5145,M,3,4,local,STIPreEmigrating,0,88,48,0,1,INFORMAL,PAUSED,16,3,0
4162,67,76.5835,M,2,4,local,STIPreEmigrating,0,107,4,0,1,INFORMAL,PAUSED,18,2,0
4162,26,47.3148,F,1,3,local,STIPreEmigrating,0,95,91,0,1,INFORMAL,PAUSED,40,1,1
4162,26,47.3148,F,3,0,N/A,STIPostImmigrating,0,95,91,0,1,INFORMAL,PAUSED,40,1,3
4162,67,76.5835,M,4,0,N/A,STIPostImmigrating,0,107,4,0,0,INFORMAL,NORMAL,18,4,4
4162,68,44.5145,M,4,0,N/A,STIPostImmigrating,0,88,48,0,1,INFORMAL,NORMAL,16,4,4
4165,67,76.5917,M,4,2,local,STIPreEmigrating,0,107,9,0,0,INFORMAL,PAUSED,18,4,4
4165,67,76.5917,M,2,0,N/A,STIPostImmigrating,0,107,9,0,1,INFORMAL,PAUSED,18,2,4
4166,40,56.7986,M,1,3,local,STIPreEmigrating,0,95,91,0,1,INFORMAL,PAUSED,26,1,0
4166,40,56.7986,M,3,0,N/A,STIPostImmigrating,0,95,91,0,1,INFORMAL,NORMAL,26,3,3
4168,59,30.3148,M,2,3,local,STIPreEmigrating,0,103,28,0,1,INFORMAL,PAUSED,20,2,0
4168,59,30.3148,M,3,0,N/A,STIPostImmigrating,0,103,28,0,1,INFORMAL,NORMAL,20,3,3
4179,59,30.3449,M,3,2,local,STIPreEmigrating,0,103,30,0,1,INFORMAL,PAUSED,20,3,3
4179,55,35.8044,M,1,2,local,STIPreEmigrating,0,101,30,0,1,INFORMAL,PAUSED,13,1,1
4179,55,35.8044,M,2,0,N/A,STIPostImmigrating,0,101,30,0,1,INFORMAL,PAUSED,13,2,1
4179,59,30.3449,M,2,0,N/A,STIPostImmigrating,0,103,30,0,1,INFORMAL,PAUSED,20,2,3
4183,18,74.2901,F,4,1,local,STIPreEmigrating,0,107,9,0,0,INFORMAL,PAUSED,67,0,4
4183,36,54.402,M,3,1,local,STIPreEmigrating,0,109,4,0,0,INFORMAL,PAUSED,37,3,3
4183,36,54.402,M,1,0,N/A,STIPostImmigrating,0,109,4,0,1,INFORMAL,PAUSED,37,1,3
4183,18,74.2901,F,1,0,N/A,STIPostImmigrating,0,107,9,0,1,INFORMAL,PAUSED,67,0,1
4184,6,55.9963,M,3,1,local,STIPreEmigrating,0,92,33,0,1,INFORMAL,PAUSED,4,3,0
4184,55,35.8181,M,2,4,local,STIPreEmigrating,0,101,30,0,1,INFORMAL,PAUSED,13,2,0
4184,60,25.4216,F,1,3,local,STIPreEmigrating,0,83,214,0,1,INFORMAL,PAUSED,42,1,1
4184,60,25.4216,F,3,0,N/A,STIPostImmigrating,0,83,214,0,1,INFORMAL,PAUSED,42,1,3
4184,55,35.8181,M,4,0,N/A,STIPostImmigrating,0,101,30,0,1,INFORMAL,PAUSED,13,4,0
4184,6,55.9963,M,1,0,N/A,STIPostImmigrating,0,92,33,0,1,INFORMAL,PAUSED,4,1,0
4187,50,39.7525,M,1,4,local,STIPreEmigrating,0,96,50,0,1,INFORMAL,PAUSED,23,1,0
4187,50,39.7525,M,4,0,N/A,STIPostImmigrating,0,96,50,0,1,INFORMAL,PAUSED,23,4,0
4191,6,56.0155,M,1,4,local,STIPreEmigrating,0,92,33,0,1,INFORMAL,PAUSED,4,1,0
4191,6,56.0155,M,4,0,N/A,STIPostImmigrating,0,92,33,0,1,INFORMAL,NORMAL,4,4,4
4194,50,39.7717,M,4,1,local,STIPreEmigrating,0,96,50,0,1,INFORMAL,PAUSED,23,4,0
4194,50,39.7717,M,1,0,N/A,STIPostImmigrating,0,96,50,0,1,INFORMAL,PAUSED,23,1,0
4198,53,34.4235,F,4,2,local,STIPreEmigrating,0,105,9,0,1,INFORMAL,PAUSED,10,0,4
4198,53,34.4235,F,2,0,N/A,STIPostImmigrating,0,105,9,0,1,INFORMAL,PAUSED,10,0,2
4199,68,44.6159,M,4,3,local,STIPreEmigrating,0,88,62,0,1,INFORMAL,PAUSED,16,4,4
4199,68,44.6159,M,3,0,N/A,STIPostImmigrating,0,88,62,0,1,INFORMAL,PAUSED,16,3,4
4200,13,19.8748,F,1,4,local,STIPreEmigrating,0,101,30,0,1,INFORMAL,PAUSED,55,0,1
4200,13,19.8748,F,4,0,N/A,STIPostImmigrating,0,101,30,0,1,INFORMAL,NORMAL,55,4,4
4209,67,76.7122,M,2,3,local,STIPreEmigrating,0,107,9,0,1,INFORMAL,PAUSED,18,2,0
4209,67,76.7122,M,3,0,N/A,STIPostImmigrating,0,107,9,0,1,INFORMAL,PAUSED,18,3,0
4211,13,19.9049,F,4,2,local,STIPreEmigrating,0,101,31,0,1,INFORMAL,PAUSED,55,4,4
4211,13,19.9049,F,2,0,N/A,STIPostImmigrating,0,101,31,0,1,INFORMAL,PAUSED,55,4,2
4213,53,34.4646,F,2,4,local,STIPreEmigrating,0,105,9,0,1,INFORMAL,PAUSED,10,0,2
4213,53,34.4646,F,4,0,N/A,STIPostImmigrating,0,105,9,0,1,INFORMAL,PAUSED,10,0,4
4216,62,24.3187,M,1,4,local,STIPreEmigrating,0,93,84,0,1,INFORMAL,PAUSED,61,1,0
4216,62,24.3187,M,4,0,N/A,STIPostImmigrating,0,93,84,0,1,INFORMAL,PAUSED,61,4,0
4222,55,35.9222,M,4,2,local,STIPreEmigrating,0,101,31,0,1,INFORMAL,PAUSED,13,4,0
4222,55,35.9222,M,2,0,N/A,STIPostImmigrating,0,101,31,0,1,INFORMAL,NORMAL,13,2,2
4225,31,41.3326,F,1,2,local,STIPreEmigrating,0,110,6,0,0,INFORMAL,PAUSED,52,1,1
4225,31,41.3326,F,2,0,N/A,STIPostImmigrating,0,110,6,0,1,INFORMAL,PAUSED,52,1,2
4228,20,28.2545,F,3,1,local,STIPreEmigrating,0,103,30,0,1,INFORMAL,PAUSED,59,0,3
4228,20,28.2545,F,1,0,N/A,STIPostImmigrating,0,103,30,0,1,INFORMAL,PAUSED,59,0,1
4229,55,35.9414,M,2,1,local,STIPreEmigrating,0,101,32,0,1,INFORMAL,PAUSED,13,2,2
4229,55,35.9414,M,1,0,N/A,STIPostImmigrating,0,101,32,0,1,INFORMAL,PAUSED,13,1,2
4232,53,34.5166,F,4,2,local,STIPreEmigrating,0,105,9,0,1,INFORMAL,PAUSED,10,0,4
4232,53,34.5166,F,2,0,N/A,STIPostImmigrating,0,105,9,0,1,INFORMAL,PAUSED,10,0,2
4233,69,26.8211,M,2,4,local,STIPreEmigrating,0,108,24,0,0,INFORMAL,PAUSED,47,2,2
4233,69,26.8211,M,4,0,N/A,STIPostImmigrating,0,108,24,0,1,INFORMAL,PAUSED,47,4,2
4238,23,36.0256,F,2,4,local,STIPreEmigrating,0,96,50,0,1,INFORMAL,PAUSED,50,0,2
4238,50,39.8923,M,1,3,local,STIPreEmigrating,0,96,50,0,1,INFORMAL,PAUSED,23,1,0
4238,50,39.8923,M,3,0,N/A,STIPostImmigrating,0,96,50,0,1,INFORMAL,PAUSED,23,3,0
4238,23,36.0256,F,4,0,N/A,STIPostImmigrating,0,96,50,0,1,INFORMAL,PAUSED,50,0,4
4239,40,56.9986,M,3,2,local,STIPreEmigrating,0,95,129,0,1,INFORMAL,PAUSED,26,3,3
4239,40,56.9986,M,2,0,N/A,STIPostImmigrating,0,95,129,0,1,INFORMAL,PAUSED,26,2,3
4242,31,41.3792,F,2,1,local,STIPreEmigrating,0,110,6,0,1,INFORMAL,PAUSED,52,0,2
4242,31,41.3792,F,1,0,N/A,STIPostImmigrating,0,110,6,0,0,INFORMAL,NORMAL,52,1,1
4244,31,41.3847,F,1,2,local,STIPreEmigrating,0,110,7,0,0,INFORMAL,PAUSED,52,1,1
4244,31,41.3847,F,2,0,N/A,STIPostImmigrating,0,110,7,0,1,INFORMAL,PAUSED,52,1,2
4245,41,28.74,M,1,4,local,STIPreEmigrating,0,106,66,0,0,INFORMAL,PAUSED,64,1,1
4245,41,28.74,M,4,0,N/A,STIPostImmigrating,0,106,66,0,1,INFORMAL,PAUSED,64,4,1
4247,4,48.5945,F,4,3,local,STIPreEmigrating,0,92,49,0,1,INFORMAL,PAUSED,6,4,4
4247,4,48.5945,F,3,0,N/A,STIPostImmigrating,0,92,49,0,1,INFORMAL,PAUSED,6,4,3
4248,20,28.3093,F,1,3,local,STIPreEmigrating,0,103,30,0,1,INFORMAL,PAUSED,59,0,1
4248,20,28.3093,F,3,0,N/A,STIPostImmigrating,0,103,30,0,1,INFORMAL,PAUSED,59,0,3
4252,53,34.5714,F,2,4,local,STIPreEmigrating,0,105,9,0,1,INFORMAL,PAUSED,10,0,2
4252,53,34.5714,F,4,0,N/A,STIPostImmigrating,0,105,9,0,1,INFORMAL,PAUSED,10,0,4
4254,7,19.5963,M,2,1,local,STIPreEmigrating,0,112,3,0,0,INFORMAL,PAUSED,45,2,2
4254,47,16.0371,F,2,3,local,STIPreEmigrating,0,108,24,0,0,INFORMAL,PAUSED,69,0,2
4254,47,16.0371,F,3,0,N/A,STIPostImmigrating,0,108,24,0,1,INFORMAL,PAUSED,69,0,3
4254,7,19.5963,M,1,0,N/A,STIPostImmigrating,0,112,3,0,1,INFORMAL,PAUSED,45,1,2
4256,42,28.2933,M,1,2,local,STIPreEmigrating,0,83,214,0,1,INFORMAL,PAUSED,60,1,0
4256,42,28.2933,M,2,0,N/A,STIPostImmigrating,0,83,214,0,1,INFORMAL,PAUSED,60,2,0
4257,60,25.6216,F,3,4,local,STIPreEmigrating,0,83,214,0,1,INFORMAL,PAUSED,42,0,3
4257,60,25.6216,F,4,0,N/A,STIPostImmigrating,0,83,214,0,1,INFORMAL,PAUSED,42,0,4
4258,4,48.6246,F,3,1,local,STIPreEmigrating,0,92,49,0,1,INFORMAL,PAUSED,6,0,3
4258,4,48.6246,F,1,0,N/A,STIPostImmigrating,0,92,49,0,1,INFORMAL,PAUSED,6,0,1
4259,39,41.8345,M,3,2,local,STIPreEmigrating,0,104,43,0,1,INFORMAL,PAUSED,46,3,0
4259,52,48.8203,M,1,3,local,STIPreEmigrating,0,110,7,0,0,INFORMAL,PAUSED,31,1,0
4259,52,48.8203,M,3,0,N/A,STIPostImmigrating,0,110,7,0,1,INFORMAL,PAUSED,31,3,0
4259,39,41.8345,M,2,0,N/A,STIPostImmigrating,0,104,43,0,1,INFORMAL,PAUSED,46,2,0
4260,47,16.0535,F,3,2,local,STIPreEmigrating,0,108,24,0,1,INFORMAL,PAUSED,69,0,3
4260,47,16.0535,F,2,0,N/A,STIPostImmigrating,0,108,24,0,1,INFORMAL,PAUSED,69,0,2
4261,45,15.4734,F,2,4,local,STIPreEmigrating,0,112,3,0,0,INFORMAL,PAUSED,7,0,2
4261,45,15.4734,F,4,0,N/A,STIPostImmigrating,0,112,3,0,1,INFORMAL,PAUSED,7,0,4
4263,40,57.0644,M,2,3,local,STIPreEmigrating,0,95,129,0,1,INFORMAL,PAUSED,26,2,0
4263,64,26.5455,F,1,3,local,STIPreEmigrating,0,106,66,0,0,INFORMAL,PAUSED,41,0,1
4263,64,26.5455,F,3,0,N/A,STIPostImmigrating,0,106,66,0,1,INFORMAL,PAUSED,41,0,3
4263,40,57.0644,M,3,0,N/A,STIPostImmigrating,0,95,129,0,1,INFORMAL,NORMAL,26,3,3
4266,39,41.8536,M,2,4,local,STIPreEmigrating,0,104,43,0,1,INFORMAL,PAUSED,46,2,0
4266,39,41.8536,M,4,0,N/A,STIPostImmigrating,0,104,43,0,0,INFORMAL,NORMAL,46,4,4
4277,53,34.6399,F,4,1,local,STIPreEmigrating,0,105,9,0,1,INFORMAL,PAUSED,10,0,4
4277,53,34.6399,F,1,0,N/A,STIPostImmigrating,0,105,9,0,1,INFORMAL,PAUSED,10,0,1
4284,64,26.603,F,3,1,local,STIPreEmigrating,0,106,66,0,1,INFORMAL,PAUSED,41,0,3
4284,59,30.6326,M,2,4,local,STIPreEmigrating,0,103,30,0,1,INFORMAL,PAUSED,20,2,0
4284,59,30.6326,M,4,0,N/A,STIPostImmigrating,0,103,30,0,1,INFORMAL,PAUSED,20,4,0
4284,64,26.603,F,1,0,N/A,STIPostImmigrating,0,106,66,0,1,INFORMAL,PAUSED,41,0,1
4286,47,16.1247,F,2,4,local,STIPreEmigrating,0,108,24,0,1,INFORMAL,PAUSED,69,0,2
4286,47,16.1247,F,4,0,N/A,STIPostImmigrating,0,108,24,0,1,INFORMAL,NORMAL,69,4,4
4291,52,48.908,M,3,4,local,STIPreEmigrating,0,110,7,0,1,INFORMAL,PAUSED,31,3,0
4291,52,48.908,M,4,0,N/A,STIPostImmigrating,0,110,7,0,1,INFORMAL,PAUSED,31,4,0
4293,6,56.2949,M,4,1,local,STIPreEmigrating,0,92,49,0,1,INFORMAL,PAUSED,4,4,0
4293,6,56.2949,M,1,0,N/A,STIPostImmigrating,0,92,49,0,1,INFORMAL,NORMAL,4,1,1
4294,46,33.0919,F,4,1,local,STIPreEmigrating,0,104,47,0,0,INFORMAL,PAUSED,39,4,4
4294,42,28.3974,M,2,1,local,STIPreEmigrating,0,83,214,0,1,INFORMAL,PAUSED,60,2,0
4294,6,56.2977,M,1,3,local,STIPreEmigrating,0,92,50,0,1,INFORMAL,PAUSED,4,1,1
4294,6,56.2977,M,3,0,N/A,STIPostImmigrating,0,92,50,0,1,INFORMAL,PAUSED,4,3,1
4294,42,28.3974,M,1,0,N/A,STIPostImmigrating,0,83,214,0,1,INFORMAL,PAUSED,60,1,0
4294,46,33.0919,F,1,0,N/A,STIPostImmigrating,0,104,47,0,1,INFORMAL,PAUSED,39,4,1
4296,20,28.4408,F,3,1,local,STIPreEmigrating,0,103,30,0,1,INFORMAL,PAUSED,59,0,3
4296,20,28.4408,F,1,0,N/A,STIPostImmigrating,0,103,30,0,1,INFORMAL,PAUSED,59,0,1
4298,37,49.523,F,3,4,local,STIPreEmigrating,0,109,4,0,0,INFORMAL,PAUSED,36,0,3
4298,37,49.523,F,4,0,N/A,STIPostImmigrating,0,109,4,0,1,INFORMAL,PAUSED,36,0,4
4302,6,56.3196,M,3,1,local,STIPreEmigrating,0,92,50,0,1,INFORMAL,PAUSED,4,3,0
4302,6,56.3196,M,1,0,N/A,STIPostImmigrating,0,92,50,0,1,INFORMAL,NORMAL,4,1,1
4309,31,41.5628,F,2,4,local,STIPreEmigrating,0,110,7,0,1,INFORMAL,PAUSED,52,0,2
4309,31,41.5628,F,4,0,N/A,STIPostImmigrating,0,110,7,0,1,INFORMAL,NORMAL,52,4,4
4310,4,48.7671,F,1,3,local,STIPreEmigrating,0,92,52,0,1,INFORMAL,PAUSED,6,1,1
4310,4,48.7671,F,3,0,N/A,STIPostImmigrating,0,92,52,0,1,INFORMAL,PAUSED,6,1,3
4317,4,48.7862,F,3,4,local,STIPreEmigrating,0,92,52,0,1,INFORMAL,PAUSED,6,0,3
4317,4,48.7862,F,4,0,N/A,STIPostImmigrating,0,92,52,0,1,INFORMAL,PAUSED,6,0,4
4326,45,15.6514,F,4,2,local,STIPreEmigrating,0,112,3,0,1,INFORMAL,PAUSED,7,0,4
4326,42,28.4851,M,1,3,local,STIPreEmigrating,0,83,214,0,1,INFORMAL,PAUSED,60,1,0
4326,42,28.4851,M,3,0,N/A,STIPostImmigrating,0,83,214,0,1,INFORMAL,PAUSED,60,3,0
4326,45,15.6514,F,2,0,N/A,STIPostImmigrating,0,112,3,0,1,INFORMAL,PAUSED,7,0,2
4329,62,24.6283,M,4,1,local,STIPreEmigrating,0,113,32,0,0,INFORMAL,PAUSED,17,4,4
4329,17,16.7277,F,4,2,local,STIPreEmigrating,0,113,32,0,0,INFORMAL,PAUSED,62,0,4
4329,17,16.7277,F,2,0,N/A,STIPostImmigrating,0,113,32,0,1,INFORMAL,PAUSED,62,0,2
4329,62,24.6283,M,1,0,N/A,STIPostImmigrating,0,113,32,0,1,INFORMAL,PAUSED,17,1,2
4335,29,42.36,M,2,4,local,STIPreEmigrating,0,114,5,0,0,INFORMAL,PAUSED,61,2,2
4335,29,42.36,M,4,0,N/A,STIPostImmigrating,0,114,5,0,1,INFORMAL,PAUSED,61,4,2
4342,10,36.9525,M,3,1,local,STIPreEmigrating,0,105,9,0,1,INFORMAL,PAUSED,53,3,0
4342,10,36.9525,M,1,0,N/A,STIPostImmigrating,0,105,9,0,1,INFORMAL,NORMAL,53,1,1
4343,6,56.4319,M,1,2,local,STIPreEmigrating,0,92,52,0,1,INFORMAL,PAUSED,4,1,0
4343,6,56.4319,M,2,0,N/A,STIPostImmigrating,0,92,52,0,1,INFORMAL,PAUSED,4,2,0
4344,62,24.6694,M,1,4,local,STIPreEmigrating,0,113,32,0,1,INFORMAL,PAUSED,17,1,0
4344,62,24.6694,M,4,0,N/A,STIPostImmigrating,0,113,32,0,1,INFORMAL,PAUSED,17,4,0
4345,7,19.8456,M,1,2,local,STIPreEmigrating,0,112,3,0,1,INFORMAL,PAUSED,45,1,0
4345,7,19.8456,M,2,0,N/A,STIPostImmigrating,0,112,3,0,1,INFORMAL,NORMAL,45,2,2
4351,31,41.6778,F,4,2,local,STIPreEmigrating,0,110,16,0,1,INFORMAL,PAUSED,52,4,4
4351,31,41.6778,F,2,0,N/A,STIPostImmigrating,0,110,16,0,1,INFORMAL,PAUSED,52,4,2
4352,20,28.5942,F,1,3,local,STIPreEmigrating,0,103,30,0,1,INFORMAL,PAUSED,59,0,1
4352,20,28.5942,F,3,0,N/A,STIPostImmigrating,0,103,30,0,1,INFORMAL,PAUSED,59,0,3
4353,18,74.7558,F,1,3,local,STIPreEmigrating,0,107,9,0,1,INFORMAL,PAUSED,67,0,1
4353,18,74.7558,F,3,0,N/A,STIPostImmigrating,0,107,9,0,1,INFORMAL,NORMAL,67,3,3
4355,29,42.4148,M,4,1,local,STIPreEmigrating,0,114,5,0,1,INFORMAL,PAUSED,61,4,0
4355,29,42.4148,M,1,0,N/A,STIPostImmigrating,0,114,5,0,1,INFORMAL,PAUSED,61,1,0
4356,23,36.3489,F,2,4,local,STIPreEmigrating,0,115,13,0,0,INFORMAL,PAUSED,68,2,2
4356,23,36.3489,F,4,0,N/A,STIPostImmigrating,0,115,13,0,1,INFORMAL,PAUSED,68,2,4
4360,7,19.8867,M,2,3,local,STIPreEmigrating,0,112,9,0,1,INFORMAL,PAUSED,45,2,2
4360,7,19.8867,M,3,0,N/A,STIPostImmigrating,0,112,9,0,1,INFORMAL,PAUSED,45,3,2
4362,47,16.333,F,4,2,local,STIPreEmigrating,0,108,47,0,1,INFORMAL,PAUSED,69,4,4
4362,47,16.333,F,2,0,N/A,STIPostImmigrating,0,108,47,0,1,INFORMAL,PAUSED,69,4,2
4366,26,47.8737,F,3,1,local,STIPreEmigrating,0,116,9,0,0,INFORMAL,PAUSED,40,3,3
4366,26,47.8737,F,1,0,N/A,STIPostImmigrating,0,116,9,0,1,INFORMAL,PAUSED,40,3,1
4367,67,77.1451,M,3,2,local,STIPreEmigrating,0,107,10,0,1,INFORMAL,PAUSED,18,3,3
4367,31,41.7217,F,2,1,local,STIPreEmigrating,0,110,16,0,1,INFORMAL,PAUSED,52,0,2
4367,31,41.7217,F,1,0,N/A,STIPostImmigrating,0,110,16,0,1,INFORMAL,PAUSED,52,0,1
4367,67,77.1451,M,2,0,N/A,STIPostImmigrating,0,107,10,0,1,INFORMAL,PAUSED,18,2,3
4368,7,19.9086,M,3,2,local,STIPreEmigrating,0,112,9,0,1,INFORMAL,PAUSED,45,3,0
4368,6,56.5004,M,2,1,local,STIPreEmigrating,0,92,52,0,1,INFORMAL,PAUSED,4,2,0
4368,6,56.5004,M,1,0,N/A,STIPostImmigrating,0,92,52,0,1,INFORMAL,PAUSED,4,1,0
4368,7,19.9086,M,2,0,N/A,STIPostImmigrating,0,112,9,0,1,INFORMAL,NORMAL,45,2,2
4372,31,41.7354,F,1,2,local,STIPreEmigrating,0,110,16,0,1,INFORMAL,PAUSED,52,0,1
4372,31,41.7354,F,2,0,N/A,STIPostImmigrating,0,110,16,0,1,INFORMAL,PAUSED,52,0,2
4374,29,42.4668,M,1,4,local,STIPreEmigrating,0,114,5,0,1,INFORMAL,PAUSED,61,1,0
4374,29,42.4668,M,4,0,N/A,STIPostImmigrating,0,114,5,0,1,INFORMAL,PAUSED,61,4,0
4376,37,49.7367,F,4,3,local,STIPreEmigrating,0,109,4,0,1,INFORMAL,PAUSED,36,0,4
4376,37,49.7367,F,3,0,N/A,STIPostImmigrating,0,109,4,0,1,INFORMAL,PAUSED,36,0,3
4379,31,41.7546,F,2,1,local,STIPreEmigrating,0,110,16,0,1,INFORMAL,PAUSED,52,0,2
4379,31,41.7546,F,1,0,N/A,STIPostImmigrating,0,110,16,0,1,INFORMAL,PAUSED,52,0,1
4386,67,77.1972,M,2,4,local,STIPreEmigrating,0,107,10,0,1,INFORMAL,PAUSED,18,2,0
4386,67,77.1972,M,4,0,N/A,STIPostImmigrating,0,107,10,0,1,INFORMAL,PAUSED,18,4,0
4388,16,34.5705,F,4,3,local,STIPreEmigrating,0,118,1,0,0,INFORMAL,PAUSED,50,4,4
4388,60,25.9805,F,4,3,local,STIPreEmigrating,0,83,214,0,1,INFORMAL,PAUSED,42,0,4
4388,60,25.9805,F,3,0,N/A,STIPostImmigrating,0,83,214,0,1,INFORMAL,NORMAL,42,3,3
4388,16,34.5705,F,3,0,N/A,STIPostImmigrating,0,118,1,0,1,INFORMAL,PAUSED,50,4,3
4389,7,19.9661,M,2,3,local,STIPreEmigrating,0,112,17,0,1,INFORMAL,PAUSED,45,2,2
4389,7,19.9661,M,3,0,N/A,STIPostImmigrating,0,112,17,0,1,INFORMAL,PAUSED,45,3,2
4390,69,27.2512,M,4,1,local,STIPreEmigrating,0,108,47,0,1,INFORMAL,PAUSED,47,4,0
4390,45,15.8268,F,2,4,local,STIPreEmigrating,0,112,17,0,1,INFORMAL,PAUSED,7,0,2
4390,31,41.7847,F,1,2,local,STIPreEmigrating,0,110,16,0,1,INFORMAL,PAUSED,52,0,1
4390,31,41.7847,F,2,0,N/A,STIPostImmigrating,0,110,16,0,1,INFORMAL,PAUSED,52,0,2
4390,45,15.8268,F,4,0,N/A,STIPostImmigrating,0,112,17,0,1,INFORMAL,PAUSED,7,0,4
4390,69,27.2512,M,1,0,N/A,STIPostImmigrating,0,108,47,0,1,INFORMAL,PAUSED,47,1,0
4391,42,28.6632,M,3,1,local,STIPreEmigrating,0,83,214,0,1,INFORMAL,PAUSED,60,3,3
4391,42,28.6632,M,1,0,N/A,STIPostImmigrating,0,83,214,0,1,INFORMAL,PAUSED,60,1,3
4393,42,28.6687,M,1,2,local,STIPreEmigrating,0,83,214,0,1,INFORMAL,PAUSED,60,1,0
4393,42,28.6687,M,2,0,N/A,STIPostImmigrating,0,83,214,0,1,INFORMAL,PAUSED,60,2,0
4394,31,41.7957,F,2,1,local,STIPreEmigrating,0,110,16,0,1,INFORMAL,PAUSED,52,0,2
4394,31,41.7957,F,1,0,N/A,STIPostImmigrating,0,110,16,0,1,INFORMAL,PAUSED,52,0,1
4396,18,74.8736,F,3,1,local,STIPreEmigrating,0,107,10,0,1,INFORMAL,PAUSED,67,0,3
4396,18,74.8736,F,1,0,N/A,STIPostImmigrating,0,107,10,0,1,INFORMAL,PAUSED,67,0,1
4399,53,34.9742,F,1,4,local,STIPreEmigrating,0,105,24,0,1,INFORMAL,PAUSED,10,1,1
4399,53,34.9742,F,4,0,N/A,STIPostImmigrating,0,105,24,0,1,INFORMAL,PAUSED,10,1,4
4400,41,29.1647,M,4,1,local,STIPreEmigrating,0,106,66,0,1,INFORMAL,PAUSED,64,4,0
4400,68,45.1666,M,2,3,local,STIPreEmigrating,0,115,13,0,0,INFORMAL,PAUSED,23,2,0
4400,46,33.3823,F,1,3,local,STIPreEmigrating,0,104,47,0,1,INFORMAL,PAUSED,39,0,1
4400,46,33.3823,F,3,0,N/A,STIPostImmigrating,0,104,47,0,1,INFORMAL,PAUSED,39,0,3
4400,68,45.1666,M,3,0,N/A,STIPostImmigrating,0,115,13,0,1,INFORMAL,PAUSED,23,3,0
4400,41,29.1647,M,1,0,N/A,STIPostImmigrating,0,106,66,0,1,INFORMAL,NORMAL,64,1,1
4403,69,27.2868,M,1,4,local,STIPreEmigrating,0,108,47,0,1,INFORMAL,PAUSED,47,1,0
4403,69,27.2868,M,4,0,N/A,STIPostImmigrating,0,108,47,0,1,INFORMAL,PAUSED,47,4,0
4404,18,74.8956,F,1,3,local,STIPreEmigrating,0,107,10,0,1,INFORMAL,PAUSED,67,0,1
4404,18,74.8956,F,3,0,N/A,STIPostImmigrating,0,107,10,0,1,INFORMAL,PAUSED,67,0,3
4405,16,34.6171,F,3,2,local,STIPreEmigrating,0,118,1,0,1,INFORMAL,PAUSED,50,0,3
4405,16,34.6171,F,2,0,N/A,STIPostImmigrating,0,118,1,0,1,INFORMAL,PAUSED,50,0,2
4409,45,15.8788,F,4,3,local,STIPreEmigrating,0,112,17,0,1,INFORMAL,PAUSED,7,0,4
4409,45,15.8788,F,3,0,N/A,STIPostImmigrating,0,112,17,0,1,INFORMAL,NORMAL,7,3,3
4421,39,42.2783,M,4,2,local,STIPreEmigrating,0,104,47,0,0,INFORMAL,PAUSED,46,4,0
4421,39,42.2783,M,2,0,N/A,STIPostImmigrating,0,104,47,0,1,INFORMAL,PAUSED,46,2,0
4423,47,16.5001,F,2,3,local,STIPreEmigrating,0,108,47,0,1,INFORMAL,PAUSED,69,0,2
4423,47,16.5001,F,3,0,N/A,STIPostImmigrating,0,108,47,0,1,INFORMAL,PAUSED,69,0,3
4433,45,15.9446,F,3,4,local,STIPreEmigrating,0,112,29,0,1,INFORMAL,PAUSED,7,3,3
4433,45,15.9446,F,4,0,N/A,STIPostImmigrating,0,112,29,0,1,INFORMAL,PAUSED,7,3,4
4434,10,37.2046,M,1,3,local,STIPreEmigrating,0,105,24,0,1,INFORMAL,PAUSED,53,1,0
4434,10,37.2046,M,3,0,N/A,STIPostImmigrating,0,105,24,0,1,INFORMAL,PAUSED,53,3,0
4435,55,36.5058,M,3,2,local,STIPreEmigrating,0,117,38,0,0,INFORMAL,PAUSED,51,3,3
4435,55,36.5058,M,2,0,N/A,STIPostImmigrating,0,117,38,0,1,INFORMAL,PAUSED,51,2,3
4437,59,31.0518,M,4,2,local,STIPreEmigrating,0,103,30,0,1,INFORMAL,PAUSED,20,4,0
4437,59,31.0518,M,2,0,N/A,STIPostImmigrating,0,103,30,0,1,INFORMAL,PAUSED,20,2,0
4439,52,49.3134,M,4,3,local,STIPreEmigrating,0,110,16,0,1,INFORMAL,PAUSED,31,4,0
4439,13,20.5296,F,4,3,local,STIPreEmigrating,0,119,12,0,0,INFORMAL,PAUSED,65,4,4
4439,13,20.5296,F,3,0,N/A,STIPostImmigrating,0,119,12,0,1,INFORMAL,PAUSED,65,4,3
4439,52,49.3134,M,3,0,N/A,STIPostImmigrating,0,110,16,0,1,INFORMAL,PAUSED,31,3,0
4441,18,74.9969,F,3,1,local,STIPreEmigrating,0,107,10,0,1,INFORMAL,PAUSED,67,0,3
4441,18,74.9969,F,1,0,N/A,STIPostImmigrating,0,107,10,0,1,INFORMAL,PAUSED,67,0,1
4458,7,20.1552,M,3,2,local,STIPreEmigrating,0,112,29,0,1,INFORMAL,PAUSED,45,3,0
4458,21,38.6839,F,2,4,local,STIPreEmigrating,0,111,67,0,0,INFORMAL,PAUSED,49,2,2
4458,21,38.6839,F,4,0,N/A,STIPostImmigrating,0,111,67,0,1,INFORMAL,PAUSED,49,2,4
4458,7,20.1552,M,2,0,N/A,STIPostImmigrating,0,112,29,0,1,INFORMAL,PAUSED,45,2,0
4460,47,16.6014,F,3,2,local,STIPreEmigrating,0,108,47,0,1,INFORMAL,PAUSED,69,0,3
4460,47,16.6014,F,2,0,N/A,STIPostImmigrating,0,108,47,0,1,INFORMAL,PAUSED,69,0,2
4463,64,27.0934,F,1,3,local,STIPreEmigrating,0,106,85,0,1,INFORMAL,PAUSED,41,1,1
4463,64,27.0934,F,3,0,N/A,STIPostImmigrating,0,106,85,0,1,INFORMAL,PAUSED,41,1,3
4464,37,49.9778,F,3,4,local,STIPreEmigrating,0,109,4,0,1,INFORMAL,PAUSED,36,0,3
4464,59,31.1258,M,2,1,local,STIPreEmigrating,0,103,30,0,1,INFORMAL,PAUSED,20,2,0
4464,59,31.1258,M,1,0,N/A,STIPostImmigrating,0,103,30,0,1,INFORMAL,PAUSED,20,1,0
4464,37,49.9778,F,4,0,N/A,STIPostImmigrating,0,109,4,0,1,INFORMAL,PAUSED,36,0,4
4469,53,35.166,F,4,1,local,STIPreEmigrating,0,105,24,0,1,INFORMAL,PAUSED,10,0,4
4469,53,35.166,F,1,0,N/A,STIPostImmigrating,0,105,24,0,1,INFORMAL,PAUSED,10,0,1
4471,21,38.7195,F,4,2,local,STIPreEmigrating,0,111,67,0,1,INFORMAL,PAUSED,49,0,4
4471,49,41.6409,M,2,4,local,STIPreEmigrating,0,111,67,0,0,INFORMAL,PAUSED,21,2,0
4471,49,41.6409,M,4,0,N/A,STIPostImmigrating,0,111,67,0,1,INFORMAL,PAUSED,21,4,0
4471,21,38.7195,F,2,0,N/A,STIPostImmigrating,0,111,67,0,1,INFORMAL,PAUSED,49,0,2
4475,62,25.0283,M,4,1,local,STIPreEmigrating,0,113,32,0,1,INFORMAL,PAUSED,17,4,0
4475,62,25.0283,M,1,0,N/A,STIPostImmigrating,0,113,32,0,1,INFORMAL,PAUSED,17,1,0
4476,65,15.6831,M,4,2,local,STIPreEmigrating,0,119,12,0,0,INFORMAL,PAUSED,13,4,0
4476,65,15.6831,M,2,0,N/A,STIPostImmigrating,0,119,12,0,1,INFORMAL,PAUSED,13,2,0
4481,6,56.81,M,1,2,local,STIPreEmigrating,0,92,52,0,1,INFORMAL,PAUSED,4,1,0
4481,6,56.81,M,2,0,N/A,STIPostImmigrating,0,92,52,0,1,INFORMAL,PAUSED,4,2,0
4483,31,42.0395,F,1,2,local,STIPreEmigrating,0,110,16,0,1,INFORMAL,PAUSED,52,0,1
4483,31,42.0395,F,2,0,N/A,STIPostImmigrating,0,110,16,0,1,INFORMAL,PAUSED,52,0,2
4484,52,49.4367,M,3,2,local,STIPreEmigrating,0,110,16,0,1,INFORMAL,PAUSED,31,3,0
4484,52,49.4367,M,2,0,N/A,STIPostImmigrating,0,110,16,0,1,INFORMAL,NORMAL,31,2,2
4486,37,50.0381,F,4,1,local,STIPreEmigrating,0,109,4,0,1,INFORMAL,PAUSED,36,0,4
4486,47,16.6727,F,2,4,local,STIPreEmigrating,0,108,47,0,1,INFORMAL,PAUSED,69,0,2
4486,47,16.6727,F,4,0,N/A,STIPostImmigrating,0,108,47,0,1,INFORMAL,NORMAL,69,4,4
4486,37,50.0381,F,1,0,N/A,STIPostImmigrating,0,109,4,0,1,INFORMAL,NORMAL,36,1,1
4488,23,36.7105,F,4,2,local,STIPreEmigrating,0,115,13,0,1,INFORMAL,PAUSED,68,0,4
4488,23,36.7105,F,2,0,N/A,STIPostImmigrating,0,115,13,0,1,INFORMAL,PAUSED,68,0,2
4489,49,41.6902,M,4,1,local,STIPreEmigrating,0,111,67,0,1,INFORMAL,PAUSED,21,4,0
4489,64,27.1647,F,3,1,local,STIPreEmigrating,0,106,85,0,1,INFORMAL,PAUSED,41,0,3
4489,7,20.2401,M,2,3,local,STIPreEmigrating,0,112,29,0,1,INFORMAL,PAUSED,45,2,0
4489,7,20.2401,M,3,0,N/A,STIPostImmigrating,0,112,29,0,1,INFORMAL,PAUSED,45,3,0
4489,64,27.1647,F,1,0,N/A,STIPostImmigrating,0,106,85,0,1,INFORMAL,NORMAL,41,1,1
4489,49,41.6902,M,1,0,N/A,STIPostImmigrating,0,111,67,0,1,INFORMAL,PAUSED,21,1,0
4491,29,42.7874,M,4,1,local,STIPreEmigrating,0,114,5,0,1,INFORMAL,PAUSED,61,4,0
4491,29,42.7874,M,1,0,N/A,STIPostImmigrating,0,114,5,0,1,INFORMAL,PAUSED,61,1,0
4494,39,42.4783,M,2,3,local,STIPreEmigrating,0,104,47,0,1,INFORMAL,PAUSED,46,2,0
4494,55,36.6674,M,2,4,local,STIPreEmigrating,0,117,38,0,1,INFORMAL,PAUSED,51,2,0
4494,55,36.6674,M,4,0,N/A,STIPostImmigrating,0,117,38,0,1,INFORMAL,PAUSED,51,4,0
4494,39,42.4783,M,3,0,N/A,STIPostImmigrating,0,104,47,0,1,INFORMAL,NORMAL,46,3,3
4496,31,42.0751,F,2,4,local,STIPreEmigrating,0,110,19,0,1,INFORMAL,PAUSED,52,2,2
4496,31,42.0751,F,4,0,N/A,STIPostImmigrating,0,110,19,0,1,INFORMAL,PAUSED,52,2,4
4498,62,25.0913,M,1,3,local,STIPreEmigrating,0,113,32,0,1,INFORMAL,PAUSED,17,1,0
4498,62,25.0913,M,3,0,N/A,STIPostImmigrating,0,113,32,0,1,INFORMAL,PAUSED,17,3,0
4499,62,25.0941,M,3,1,local,STIPreEmigrating,0,113,32,0,1,INFORMAL,PAUSED,17,3,0
4499,62,25.0941,M,1,0,N/A,STIPostImmigrating,0,113,32,0,1,INFORMAL,PAUSED,17,1,0
4502,13,20.7022,F,3,4,local,STIPreEmigrating,0,119,12,0,1,INFORMAL,PAUSED,65,0,3
4502,13,20.7022,F,4,0,N/A,STIPostImmigrating,0,119,12,0,1,INFORMAL,PAUSED,65,0,4
4508,49,41.7423,M,1,4,local,STIPreEmigrating,0,111,67,0,1,INFORMAL,PAUSED,21,1,0
4508,49,41.7423,M,4,0,N/A,STIPostImmigrating,0,111,67,0,1,INFORMAL,PAUSED,21,4,0
4510,40,57.7411,M,3,4,local,STIPreEmigrating,0,116,9,0,0,INFORMAL,PAUSED,26,3,0
4510,52,49.508,M,2,3,local,STIPreEmigrating,0,110,19,0,1,INFORMAL,PAUSED,31,2,0
4510,52,49.508,M,3,0,N/A,STIPostImmigrating,0,110,19,0,1,INFORMAL,PAUSED,31,3,0
4510,40,57.7411,M,4,0,N/A,STIPostImmigrating,0,116,9,0,1,INFORMAL,PAUSED,26,4,0
4512,37,50.1093,F,1,4,local,STIPreEmigrating,0,109,11,0,1,INFORMAL,PAUSED,36,1,1
4512,37,50.1093,F,4,0,N/A,STIPostImmigrating,0,109,11,0,1,INFORMAL,PAUSED,36,1,4
4514,26,48.2792,F,1,3,local,STIPreEmigrating,0,116,9,0,1,INFORMAL,PAUSED,40,0,1
4514,26,48.2792,F,3,0,N/A,STIPostImmigrating,0,116,9,0,1,INFORMAL,PAUSED,40,0,3
4516,17,17.24,F,2,4,local,STIPreEmigrating,0,113,32,0,1,INFORMAL,PAUSED,62,0,2
4516,17,17.24,F,4,0,N/A,STIPostImmigrating,0,113,32,0,1,INFORMAL,PAUSED,62,0,4
4517,50,40.6566,M,4,1,local,STIPreEmigrating,0,118,1,0,0,INFORMAL,PAUSED,16,4,0
4517,61,23.713,F,2,4,local,STIPreEmigrating,0,114,5,0,0,INFORMAL,PAUSED,29,0,2
4517,61,23.713,F,4,0,N/A,STIPostImmigrating,0,114,5,0,1,INFORMAL,PAUSED,29,0,4
4517,50,40.6566,M,1,0,N/A,STIPostImmigrating,0,118,1,0,1,INFORMAL,PAUSED,16,1,0
4519,16,34.9294,F,2,3,local,STIPreEmigrating,0,118,1,0,1,INFORMAL,PAUSED,50,0,2
4519,16,34.9294,F,3,0,N/A,STIPostImmigrating,0,118,1,0,1,INFORMAL,PAUSED,50,0,3
4521,29,42.8696,M,1,4,local,STIPreEmigrating,0,114,5,0,1,INFORMAL,PAUSED,61,1,0
4521,29,42.8696,M,4,0,N/A,STIPostImmigrating,0,114,5,0,1,INFORMAL,NORMAL,61,4,4
4524,20,29.0654,F,3,1,local,STIPreEmigrating,0,103,30,0,1,INFORMAL,PAUSED,59,0,3
4524,20,29.0654,F,1,0,N/A,STIPostImmigrating,0,103,30,0,1,INFORMAL,NORMAL,59,1,1
4527,64,27.2688,F,1,3,local,STIPreEmigrating,0,106,101,0,1,INFORMAL,PAUSED,41,1,1
4527,64,27.2688,F,3,0,N/A,STIPostImmigrating,0,106,101,0,1,INFORMAL,PAUSED,41,1,3
4531,40,57.7986,M,4,3,local,STIPreEmigrating,0,116,9,0,1,INFORMAL,PAUSED,26,4,0
4531,40,57.7986,M,3,0,N/A,STIPostImmigrating,0,116,9,0,1,INFORMAL,NORMAL,26,3,3
4532,69,27.6403,M,4,3,local,STIPreEmigrating,0,108,61,0,1,INFORMAL,PAUSED,47,4,4
4532,64,27.2825,F,3,2,local,STIPreEmigrating,0,106,101,0,1,INFORMAL,PAUSED,41,0,3
4532,64,27.2825,F,2,0,N/A,STIPostImmigrating,0,106,101,0,1,INFORMAL,PAUSED,41,0,2
4532,69,27.6403,M,3,0,N/A,STIPostImmigrating,0,108,61,0,1,INFORMAL,PAUSED,47,3,4
4535,10,37.4813,M,3,1,local,STIPreEmigrating,0,105,24,0,1,INFORMAL,PAUSED,53,3,0
4535,10,37.4813,M,1,0,N/A,STIPostImmigrating,0,105,24,0,1,INFORMAL,NORMAL,53,1,1
4537,52,49.5819,M,3,4,local,STIPreEmigrating,0,110,19,0,1,INFORMAL,PAUSED,31,3,0
4537,52,49.5819,M,4,0,N/A,STIPostImmigrating,0,110,19,0,1,INFORMAL,NORMAL,31,4,4
4544,68,45.5611,M,3,4,local,STIPreEmigrating,0,115,13,0,1,INFORMAL,PAUSED,23,3,0
4544,68,45.5611,M,4,0,N/A,STIPostImmigrating,0,115,13,0,1,INFORMAL,PAUSED,23,4,0
4546,68,45.5666,M,4,3,local,STIPreEmigrating,0,115,13,0,1,INFORMAL,PAUSED,23,4,0
4546,68,45.5666,M,3,0,N/A,STIPostImmigrating,0,115,13,0,1,INFORMAL,PAUSED,23,3,0
4552,37,50.2189,F,4,1,local,STIPreEmigrating,0,109,11,0,1,INFORMAL,PAUSED,36,0,4
4552,37,50.2189,F,1,0,N/A,STIPostImmigrating,0,109,11,0,1,INFORMAL,NORMAL,36,1,1
4555,45,16.2788,F,4,3,local,STIPreEmigrating,0,112,29,0,1,INFORMAL,PAUSED,7,0,4
4555,39,42.6454,M,3,2,local,STIPreEmigrating,0,104,63,0,1,INFORMAL,PAUSED,46,3,3
4555,39,42.6454,M,2,0,N/A,STIPostImmigrating,0,104,63,0,1,INFORMAL,PAUSED,46,2,3
4555,45,16.2788,F,3,0,N/A,STIPostImmigrating,0,112,29,0,1,INFORMAL,NORMAL,7,3,3
4556,66,17.8297,F,1,2,local,STIPreEmigrating,0,121,2,0,0,INFORMAL,PAUSED,42,1,1
4556,66,17.8297,F,2,0,N/A,STIPostImmigrating,0,121,2,0,1,INFORMAL,PAUSED,42,1,2
4558,39,42.6536,M,2,4,local,STIPreEmigrating,0,104,63,0,1,INFORMAL,PAUSED,46,2,0
4558,39,42.6536,M,4,0,N/A,STIPostImmigrating,0,104,63,0,1,INFORMAL,PAUSED,46,4,0
4559,28,53.8494,F,1,3,local,STIPreEmigrating,0,120,28,0,0,INFORMAL,PAUSED,15,1,1
4559,28,53.8494,F,3,0,N/A,STIPostImmigrating,0,120,28,0,1,INFORMAL,PAUSED,15,1,3
4564,62,25.2722,M,1,3,local,STIPreEmigrating,0,113,32,0,1,INFORMAL,PAUSED,17,1,0
4564,62,25.2722,M,3,0,N/A,STIPostImmigrating,0,113,32,0,1,INFORMAL,PAUSED,17,3,0
4573,49,41.9203,M,4,2,local,STIPreEmigrating,0,111,67,0,1,INFORMAL,PAUSED,21,4,0
4573,49,41.9203,M,2,0,N/A,STIPostImmigrating,0,111,67,0,1,INFORMAL,NORMAL,21,2,2
4577,69,27.7635,M,3,4,local,STIPreEmigrating,0,108,61,0,1,INFORMAL,PAUSED,47,3,0
4577,69,27.7635,M,4,0,N/A,STIPostImmigrating,0,108,61,0,1,INFORMAL,NORMAL,47,4,4
4580,13,20.9159,F,4,3,local,STIPreEmigrating,0,119,12,0,1,INFORMAL,PAUSED,65,0,4
4580,13,20.9159,F,3,0,N/A,STIPostImmigrating,0,119,12,0,1,INFORMAL,PAUSED,65,0,3
4581,47,16.933,F,4,2,local,STIPreEmigrating,0,108,64,0,1,INFORMAL,PAUSED,69,4,4
4581,47,16.933,F,2,0,N/A,STIPostImmigrating,0,108,64,0,1,INFORMAL,PAUSED,69,4,2
4582,59,31.4491,M,1,2,local,STIPreEmigrating,0,103,48,0,1,INFORMAL,PAUSED,20,1,1
4582,10,37.6101,M,1,3,local,STIPreEmigrating,0,105,34,0,1,INFORMAL,PAUSED,53,1,1
4582,10,37.6101,M,3,0,N/A,STIPostImmigrating,0,105,34,0,1,INFORMAL,PAUSED,53,3,1
4582,59,31.4491,M,2,0,N/A,STIPostImmigrating,0,103,48,0,1,INFORMAL,PAUSED,20,2,1
4585,39,42.7276,M,4,2,local,STIPreEmigrating,0,104,63,0,1,INFORMAL,PAUSED,46,4,0
4585,39,42.7276,M,2,0,N/A,STIPostImmigrating,0,104,63,0,1,INFORMAL,PAUSED,46,2,0
4586,55,36.9195,M,4,2,local,STIPreEmigrating,0,117,38,0,1,INFORMAL,PAUSED,51,4,0
4586,55,36.9195,M,2,0,N/A,STIPostImmigrating,0,117,38,0,1,INFORMAL,PAUSED,51,2,0
4590,28,53.9343,F,3,2,local,STIPreEmigrating,0,120,28,0,1,INFORMAL,PAUSED,15,0,3
4590,28,53.9343,F,2,0,N/A,STIPostImmigrating,0,120,28,0,1,INFORMAL,PAUSED,15,0,2
4595,69,27.8129,M,4,3,local,STIPreEmigrating,0,108,64,0,1,INFORMAL,PAUSED,47,4,0
4595,23,37.0037,F,2,4,local,STIPreEmigrating,0,115,13,0,1,INFORMAL,PAUSED,68,0,2
4595,23,37.0037,F,4,0,N/A,STIPostImmigrating,0,115,13,0,1,INFORMAL,PAUSED,68,0,4
4595,69,27.8129,M,3,0,N/A,STIPostImmigrating,0,108,64,0,1,INFORMAL,PAUSED,47,3,0
4599,29,43.0833,M,4,2,local,STIPreEmigrating,0,114,24,0,1,INFORMAL,PAUSED,61,4,4
4599,29,43.0833,M,2,0,N/A,STIPostImmigrating,0,114,24,0,1,INFORMAL,PAUSED,61,2,4
4605,36,55.5582,M,1,3,local,STIPreEmigrating,0,109,33,0,1,INFORMAL,PAUSED,37,1,1
4605,36,55.5582,M,3,0,N/A,STIPostImmigrating,0,109,33,0,1,INFORMAL,PAUSED,37,3,1
4609,62,25.3954,M,3,1,local,STIPreEmigrating,0,113,32,0,1,INFORMAL,PAUSED,17,3,0
4609,36,55.5691,M,3,1,local,STIPreEmigrating,0,109,33,0,1,INFORMAL,PAUSED,37,3,0
4609,36,55.5691,M,1,0,N/A,STIPostImmigrating,0,109,33,0,1,INFORMAL,NORMAL,37,1,1
4609,62,25.3954,M,1,0,N/A,STIPostImmigrating,0,113,32,0,1,INFORMAL,PAUSED,17,1,0
4614,64,27.5071,F,2,3,local,STIPreEmigrating,0,106,101,0,1,INFORMAL,PAUSED,41,0,2
4614,64,27.5071,F,3,0,N/A,STIPostImmigrating,0,106,101,0,1,INFORMAL,PAUSED,41,0,3
4625,64,27.5373,F,3,4,local,STIPreEmigrating,0,106,101,0,1,INFORMAL,PAUSED,41,0,3
4625,64,27.5373,F,4,0,N/A,STIPostImmigrating,0,106,101,0,1,INFORMAL,PAUSED,41,0,4
4626,23,37.0886,F,4,2,local,STIPreEmigrating,0,115,13,0,1,INFORMAL,PAUSED,68,0,4
4626,23,37.0886,F,2,0,N/A,STIPostImmigrating,0,115,13,0,1,INFORMAL,PAUSED,68,0,2
4630,59,31.5806,M,2,3,local,STIPreEmigrating,0,103,48,0,1,INFORMAL,PAUSED,20,2,0
4630,59,31.5806,M,3,0,N/A,STIPostImmigrating,0,103,48,0,1,INFORMAL,PAUSED,20,3,0
4634,69,27.9197,M,3,4,local,STIPreEmigrating,0,108,64,0,1,INFORMAL,PAUSED,47,3,0
4634,36,55.6376,M,1,3,local,STIPreEmigrating,0,109,44,0,1,INFORMAL,PAUSED,37,1,1
4634,36,55.6376,M,3,0,N/A,STIPostImmigrating,0,109,44,0,1,INFORMAL,PAUSED,37,3,1
4634,69,27.9197,M,4,0,N/A,STIPostImmigrating,0,108,64,0,1,INFORMAL,PAUSED,47,4,0
4639,40,58.0945,M,3,2,local,STIPreEmigrating,0,116,42,0,1,INFORMAL,PAUSED,26,3,3
4639,40,58.0945,M,2,0,N/A,STIPostImmigrating,0,116,42,0,1,INFORMAL,PAUSED,26,2,3
4641,26,48.6271,F,3,1,local,STIPreEmigrating,0,116,42,0,1,INFORMAL,PAUSED,40,0,3
4641,26,48.6271,F,1,0,N/A,STIPostImmigrating,0,116,42,0,1,INFORMAL,PAUSED,40,0,1
4650,14,17.5784,M,4,1,local,STIPreEmigrating,0,123,13,0,0,INFORMAL,PAUSED,25,4,4
4650,14,17.5784,M,1,0,N/A,STIPostImmigrating,0,123,13,0,1,INFORMAL,PAUSED,25,1,4
4652,28,54.1042,F,2,3,local,STIPreEmigrating,0,120,28,0,1,INFORMAL,PAUSED,15,0,2
4652,28,54.1042,F,3,0,N/A,STIPostImmigrating,0,120,28,0,1,INFORMAL,PAUSED,15,0,3
4655,31,42.5107,F,4,2,local,STIPreEmigrating,0,110,60,0,1,INFORMAL,PAUSED,52,4,4
4655,31,42.5107,F,2,0,N/A,STIPostImmigrating,0,110,60,0,1,INFORMAL,PAUSED,52,4,2
4660,47,17.1494,F,2,4,local,STIPreEmigrating,0,108,64,0,1,INFORMAL,PAUSED,69,0,2
4660,47,17.1494,F,4,0,N/A,STIPostImmigrating,0,108,64,0,1,INFORMAL,NORMAL,69,4,4
4662,61,24.1103,F,4,1,local,STIPreEmigrating,0,114,24,0,1,INFORMAL,PAUSED,29,0,4
4662,68,45.8844,M,3,2,local,STIPreEmigrating,0,115,13,0,1,INFORMAL,PAUSED,23,3,0
4662,68,45.8844,M,2,0,N/A,STIPostImmigrating,0,115,13,0,1,INFORMAL,NORMAL,23,2,2
4662,61,24.1103,F,1,0,N/A,STIPostImmigrating,0,114,24,0,1,INFORMAL,PAUSED,29,0,1
4663,55,37.1304,M,2,1,local,STIPreEmigrating,0,124,5,0,0,INFORMAL,PAUSED,43,2,2
4663,55,37.1304,M,1,0,N/A,STIPostImmigrating,0,124,5,0,1,INFORMAL,PAUSED,43,1,2
4665,21,39.251,F,2,4,local,STIPreEmigrating,0,111,101,0,1,INFORMAL,PAUSED,49,2,2
4665,65,16.2009,M,2,4,local,STIPreEmigrating,0,119,12,0,1,INFORMAL,PAUSED,13,2,0
4665,65,16.2009,M,4,0,N/A,STIPostImmigrating,0,119,12,0,1,INFORMAL,PAUSED,13,4,0
4665,21,39.251,F,4,0,N/A,STIPostImmigrating,0,111,101,0,1,INFORMAL,PAUSED,49,2,4
4667,47,17.1686,F,4,2,local,STIPreEmigrating,0,108,68,0,1,INFORMAL,PAUSED,69,4,4
4667,47,17.1686,F,2,0,N/A,STIPostImmigrating,0,108,68,0,1,INFORMAL,PAUSED,69,4,2
4670,21,39.2647,F,4,3,local,STIPreEmigrating,0,111,101,0,1,INFORMAL,PAUSED,49,0,4
4670,31,42.5518,F,2,3,local,STIPreEmigrating,0,110,60,0,1,INFORMAL,PAUSED,52,0,2
4670,31,42.5518,F,3,0,N/A,STIPostImmigrating,0,110,60,0,1,INFORMAL,PAUSED,52,0,3
4670,21,39.2647,F,3,0,N/A,STIPostImmigrating,0,111,101,0,1,INFORMAL,PAUSED,49,0,3
4671,65,16.2174,M,4,2,local,STIPreEmigrating,0,119,12,0,1,INFORMAL,PAUSED,13,4,0
4671,65,16.2174,M,2,0,N/A,STIPostImmigrating,0,119,12,0,1,INFORMAL,PAUSED,13,2,0
4672,14,17.6387,M,1,2,local,STIPreEmigrating,0,123,13,0,1,INFORMAL,PAUSED,25,1,0
4672,14,17.6387,M,2,0,N/A,STIPostImmigrating,0,123,13,0,1,INFORMAL,PAUSED,25,2,0
4675,69,28.032,M,4,1,local,STIPreEmigrating,0,108,68,0,1,INFORMAL,PAUSED,47,4,0
4675,69,28.032,M,1,0,N/A,STIPostImmigrating,0,108,68,0,1,INFORMAL,PAUSED,47,1,0
4679,45,16.6186,F,3,4,local,STIPreEmigrating,0,112,75,0,1,INFORMAL,PAUSED,7,3,3
4679,59,31.7148,M,3,2,local,STIPreEmigrating,0,103,48,0,1,INFORMAL,PAUSED,20,3,0
4679,59,31.7148,M,2,0,N/A,STIPostImmigrating,0,103,48,0,1,INFORMAL,PAUSED,20,2,0
4679,45,16.6186,F,4,0,N/A,STIPostImmigrating,0,112,75,0,1,INFORMAL,PAUSED,7,3,4
4680,28,54.1809,F,3,1,local,STIPreEmigrating,0,120,28,0,1,INFORMAL,PAUSED,15,0,3
4680,28,54.1809,F,1,0,N/A,STIPostImmigrating,0,120,28,0,0,INFORMAL,NORMAL,15,1,1
4683,31,42.5874,F,3,2,local,STIPreEmigrating,0,110,60,0,1,INFORMAL,PAUSED,52,0,3
4683,31,42.5874,F,2,0,N/A,STIPostImmigrating,0,110,60,0,1,INFORMAL,PAUSED,52,0,2
4684,43,22.9484,F,2,4,local,STIPreEmigrating,0,124,5,0,0,INFORMAL,PAUSED,55,0,2
4684,43,22.9484,F,4,0,N/A,STIPostImmigrating,0,124,5,0,1,INFORMAL,PAUSED,55,0,4
4685,68,45.9474,M,2,3,local,STIPreEmigrating,0,115,19,0,1,INFORMAL,PAUSED,23,2,2
4685,68,45.9474,M,3,0,N/A,STIPostImmigrating,0,115,19,0,1,INFORMAL,PAUSED,23,3,2
4688,59,31.7395,M,2,1,local,STIPreEmigrating,0,103,48,0,1,INFORMAL,PAUSED,20,2,0
4688,59,31.7395,M,1,0,N/A,STIPostImmigrating,0,103,48,0,1,INFORMAL,NORMAL,20,1,1
4689,41,29.9565,M,1,4,local,STIPreEmigrating,0,106,101,0,1,INFORMAL,PAUSED,64,1,0
4689,41,29.9565,M,4,0,N/A,STIPostImmigrating,0,106,101,0,1,INFORMAL,NORMAL,64,4,4
4692,68,45.9666,M,3,1,local,STIPreEmigrating,0,115,19,0,1,INFORMAL,PAUSED,23,3,0
4692,42,29.4878,M,1,4,local,STIPreEmigrating,0,121,2,0,0,INFORMAL,PAUSED,66,1,0
4692,42,29.4878,M,4,0,N/A,STIPostImmigrating,0,121,2,0,1,INFORMAL,PAUSED,66,4,0
4692,68,45.9666,M,1,0,N/A,STIPostImmigrating,0,115,19,0,1,INFORMAL,PAUSED,23,1,0
4695,65,16.2831,M,2,4,local,STIPreEmigrating,0,119,12,0,1,INFORMAL,PAUSED,13,2,0
4695,69,28.0868,M,1,4,local,STIPreEmigrating,0,108,68,0,1,INFORMAL,PAUSED,47,1,0
4695,69,28.0868,M,4,0,N/A,STIPostImmigrating,0,108,68,0,1,INFORMAL,PAUSED,47,4,0
4695,65,16.2831,M,4,0,N/A,STIPostImmigrating,0,119,12,0,1,INFORMAL,PAUSED,13,4,0
4698,25,17.9592,F,4,3,local,STIPreEmigrating,0,123,13,0,0,INFORMAL,PAUSED,14,0,4
4698,25,17.9592,F,3,0,N/A,STIPostImmigrating,0,123,13,0,1,INFORMAL,PAUSED,14,0,3
4701,29,43.3627,M,2,4,local,STIPreEmigrating,0,114,24,0,1,INFORMAL,PAUSED,61,2,0
4701,29,43.3627,M,4,0,N/A,STIPostImmigrating,0,114,24,0,1,INFORMAL,PAUSED,61,4,0
4702,62,25.6502,M,1,2,local,STIPreEmigrating,0,113,32,0,1,INFORMAL,PAUSED,17,1,0
4702,62,25.6502,M,2,0,N/A,STIPostImmigrating,0,113,32,0,1,INFORMAL,PAUSED,17,2,0
4703,29,43.3682,M,4,1,local,STIPreEmigrating,0,114,24,0,1,INFORMAL,PAUSED,61,4,0
4703,29,43.3682,M,1,0,N/A,STIPostImmigrating,0,114,24,0,1,INFORMAL,NORMAL,61,1,1
4706,31,42.6504,F,2,3,local,STIPreEmigrating,0,110,60,0,1,INFORMAL,PAUSED,52,0,2
4706,62,25.6612,M,2,1,local,STIPreEmigrating,0,113,32,0,1,INFORMAL,PAUSED,17,2,0
4706,62,25.6612,M,1,0,N/A,STIPostImmigrating,0,113,32,0,1,INFORMAL,PAUSED,17,1,0
4706,31,42.6504,F,3,0,N/A,STIPostImmigrating,0,110,60,0,1,INFORMAL,PAUSED,52,0,3
4709,41,30.0113,M,4,1,local,STIPreEmigrating,0,106,106,0,1,INFORMAL,PAUSED,64,4,4
4709,10,37.958,M,3,1,local,STIPreEmigrating,0,105,34,0,1,INFORMAL,PAUSED,53,3,0
4709,10,37.958,M,1,0,N/A,STIPostImmigrating,0,105,34,0,1,INFORMAL,NORMAL,53,1,1
4709,41,30.0113,M,1,0,N/A,STIPostImmigrating,0,106,106,0,1,INFORMAL,PAUSED,64,1,4
4714,32,25.841,F,2,3,local,STIPreEmigrating,0,122,36,0,0,INFORMAL,PAUSED,39,2,2
4714,61,24.2527,F,1,4,local,STIPreEmigrating,0,114,27,0,1,INFORMAL,PAUSED,29,1,1
4714,61,24.2527,F,4,0,N/A,STIPostImmigrating,0,114,27,0,1,INFORMAL,PAUSED,29,1,4
4714,32,25.841,F,3,0,N/A,STIPostImmigrating,0,122,36,0,1,INFORMAL,PAUSED,39,2,3
4717,28,54.2823,F,1,3,local,STIPreEmigrating,0,120,36,0,0,INFORMAL,PAUSED,15,1,1
4717,28,54.2823,F,3,0,N/A,STIPostImmigrating,0,120,36,0,1,INFORMAL,PAUSED,15,1,3
4721,13,21.3022,F,3,4,local,STIPreEmigrating,0,119,12,0,1,INFORMAL,PAUSED,65,0,3
4721,13,21.3022,F,4,0,N/A,STIPostImmigrating,0,119,12,0,1,INFORMAL,NORMAL,65,4,4
4722,15,96.1012,M,1,2,local,STIPreEmigrating,0,120,36,0,0,INFORMAL,PAUSED,28,1,0
4722,15,96.1012,M,2,0,N/A,STIPostImmigrating,0,120,36,0,1,INFORMAL,PAUSED,28,2,0
4726,14,17.7866,M,2,1,local,STIPreEmigrating,0,123,13,0,1,INFORMAL,PAUSED,25,2,0
4726,15,96.1122,M,2,4,local,STIPreEmigrating,0,120,36,0,1,INFORMAL,PAUSED,28,2,0
4726,15,96.1122,M,4,0,N/A,STIPostImmigrating,0,120,36,0,1,INFORMAL,PAUSED,28,4,0
4726,14,17.7866,M,1,0,N/A,STIPostImmigrating,0,123,13,0,1,INFORMAL,PAUSED,25,1,0
4729,32,25.8821,F,3,4,local,STIPreEmigrating,0,122,36,0,1,INFORMAL,PAUSED,39,0,3
4729,32,25.8821,F,4,0,N/A,STIPostImmigrating,0,122,36,0,1,INFORMAL,PAUSED,39,0,4
4730,28,54.3179,F,3,2,local,STIPreEmigrating,0,120,36,0,1,INFORMAL,PAUSED,15,0,3
4730,28,54.3179,F,2,0,N/A,STIPostImmigrating,0,120,36,0,1,INFORMAL,PAUSED,15,0,2
4733,32,25.8931,F,4,3,local,STIPreEmigrating,0,122,36,0,1,INFORMAL,PAUSED,39,0,4
4733,32,25.8931,F,3,0,N/A,STIPostImmigrating,0,122,36,0,1,INFORMAL,PAUSED,39,0,3
4737,28,54.3371,F,2,3,local,STIPreEmigrating,0,120,36,0,1,INFORMAL,PAUSED,15,0,2
4737,28,54.3371,F,3,0,N/A,STIPostImmigrating,0,120,36,0,1,INFORMAL,PAUSED,15,0,3
4740,61,24.324,F,4,3,local,STIPreEmigrating,0,114,27,0,1,INFORMAL,PAUSED,29,0,4
4740,61,24.324,F,3,0,N/A,STIPostImmigrating,0,114,27,0,1,INFORMAL,PAUSED,29,0,3
4742,45,16.7912,F,4,2,local,STIPreEmigrating,0,112,75,0,1,INFORMAL,PAUSED,7,0,4
4742,53,35.9139,F,1,4,local,STIPreEmigrating,0,105,44,0,1,INFORMAL,PAUSED,10,1,1
4742,53,35.9139,F,4,0,N/A,STIPostImmigrating,0,105,44,0,1,INFORMAL,PAUSED,10,1,4
4742,45,16.7912,F,2,0,N/A,STIPostImmigrating,0,112,75,0,1,INFORMAL,PAUSED,7,0,2
4743,41,30.1044,M,1,4,local,STIPreEmigrating,0,106,106,0,1,INFORMAL,PAUSED,64,1,0
4743,41,30.1044,M,4,0,N/A,STIPostImmigrating,0,106,106,0,1,INFORMAL,NORMAL,64,4,4
4744,61,24.3349,F,3,4,local,STIPreEmigrating,0,114,27,0,1,INFORMAL,PAUSED,29,0,3
4744,61,24.3349,F,4,0,N/A,STIPostImmigrating,0,114,27,0,1,INFORMAL,PAUSED,29,0,4
4746,23,37.4174,F,2,1,local,STIPreEmigrating,0,115,19,0,1,INFORMAL,PAUSED,68,0,2
4746,23,37.4174,F,1,0,N/A,STIPostImmigrating,0,115,19,0,1,INFORMAL,NORMAL,68,1,1
4749,40,58.3959,M,2,3,local,STIPreEmigrating,0,125,10,0,0,INFORMAL,PAUSED,26,2,2
4749,40,58.3959,M,3,0,N/A,STIPostImmigrating,0,125,10,0,1,INFORMAL,PAUSED,26,3,2
4751,65,16.4365,M,4,3,local,STIPreEmigrating,0,119,24,0,1,INFORMAL,PAUSED,13,4,4
4751,65,16.4365,M,3,0,N/A,STIPostImmigrating,0,119,24,0,1,INFORMAL,PAUSED,13,3,4
4752,53,35.9413,F,4,1,local,STIPreEmigrating,0,105,44,0,1,INFORMAL,PAUSED,10,0,4
4752,53,35.9413,F,1,0,N/A,STIPostImmigrating,0,105,44,0,1,INFORMAL,NORMAL,10,1,1
4754,14,17.8633,M,1,4,local,STIPreEmigrating,0,123,13,0,1,INFORMAL,PAUSED,25,1,0
4754,14,17.8633,M,4,0,N/A,STIPostImmigrating,0,123,13,0,1,INFORMAL,PAUSED,25,4,0
4756,68,46.1419,M,1,3,local,STIPreEmigrating,0,115,24,0,1,INFORMAL,PAUSED,23,1,1
4756,68,46.1419,M,3,0,N/A,STIPostImmigrating,0,115,24,0,1,INFORMAL,PAUSED,23,3,1
4758,41,30.1455,M,4,3,local,STIPreEmigrating,0,106,113,0,1,INFORMAL,PAUSED,64,4,4
4758,25,18.1236,F,3,4,local,STIPreEmigrating,0,123,13,0,1,INFORMAL,PAUSED,14,0,3
4758,25,18.1236,F,4,0,N/A,STIPostImmigrating,0,123,13,0,1,INFORMAL,NORMAL,14,4,4
4758,41,30.1455,M,3,0,N/A,STIPostImmigrating,0,106,113,0,1,INFORMAL,PAUSED,64,3,4
4759,20,29.7093,F,1,3,local,STIPreEmigrating,0,103,62,0,1,INFORMAL,PAUSED,59,1,1
4759,20,29.7093,F,3,0,N/A,STIPostImmigrating,0,103,62,0,1,INFORMAL,PAUSED,59,1,3
4762,32,25.9725,F,3,4,local,STIPreEmigrating,0,122,36,0,1,INFORMAL,PAUSED,39,0,3
4762,32,25.9725,F,4,0,N/A,STIPostImmigrating,0,122,36,0,1,INFORMAL,PAUSED,39,0,4
4767,28,54.4192,F,3,1,local,STIPreEmigrating,0,120,36,0,1,INFORMAL,PAUSED,15,0,3
4767,28,54.4192,F,1,0,N/A,STIPostImmigrating,0,120,36,0,1,INFORMAL,PAUSED,15,0,1
4771,28,54.4302,F,1,3,local,STIPreEmigrating,0,120,36,0,1,INFORMAL,PAUSED,15,0,1
4771,28,54.4302,F,3,0,N/A,STIPostImmigrating,0,120,36,0,1,INFORMAL,PAUSED,15,0,3
4772,41,30.1839,M,3,4,local,STIPreEmigrating,0,106,113,0,1,INFORMAL,PAUSED,64,3,0
4772,41,30.1839,M,4,0,N/A,STIPostImmigrating,0,106,113,0,1,INFORMAL,NORMAL,64,4,4
4777,32,26.0136,F,4,3,local,STIPreEmigrating,0,122,36,0,1,INFORMAL,PAUSED,39,0,4
4777,32,26.0136,F,3,0,N/A,STIPostImmigrating,0,122,36,0,1,INFORMAL,PAUSED,39,0,3
4778,39,43.2564,M,2,3,local,STIPreEmigrating,0,122,36,0,0,INFORMAL,PAUSED,32,2,0
4778,39,43.2564,M,3,0,N/A,STIPostImmigrating,0,122,36,0,1,INFORMAL,NORMAL,32,3,3
4780,25,18.1838,F,4,1,local,STIPreEmigrating,0,123,23,0,1,INFORMAL,PAUSED,14,4,4
4780,25,18.1838,F,1,0,N/A,STIPostImmigrating,0,123,23,0,1,INFORMAL,PAUSED,14,4,1
4782,20,29.7723,F,3,4,local,STIPreEmigrating,0,103,62,0,1,INFORMAL,PAUSED,59,0,3
4782,20,29.7723,F,4,0,N/A,STIPostImmigrating,0,103,62,0,1,INFORMAL,PAUSED,59,0,4
4783,61,24.4418,F,4,1,local,STIPreEmigrating,0,114,27,0,1,INFORMAL,PAUSED,29,0,4
4783,61,24.4418,F,1,0,N/A,STIPostImmigrating,0,114,27,0,1,INFORMAL,NORMAL,29,1,1
4787,40,58.5,M,3,2,local,STIPreEmigrating,0,125,10,0,1,INFORMAL,PAUSED,26,3,0
4787,40,58.5,M,2,0,N/A,STIPostImmigrating,0,125,10,0,0,INFORMAL,NORMAL,26,2,2
4792,69,28.3526,M,4,2,local,STIPreEmigrating,0,127,14,0,0,INFORMAL,PAUSED,51,4,4
4792,69,28.3526,M,2,0,N/A,STIPostImmigrating,0,127,14,0,1,INFORMAL,PAUSED,51,2,4
4795,17,18.0044,F,4,3,local,STIPreEmigrating,0,113,32,0,1,INFORMAL,PAUSED,62,0,4
4795,17,18.0044,F,3,0,N/A,STIPostImmigrating,0,113,32,0,1,INFORMAL,PAUSED,62,0,3
4797,10,38.1991,M,1,3,local,STIPreEmigrating,0,105,62,0,1,INFORMAL,PAUSED,53,1,1
4797,10,38.1991,M,3,0,N/A,STIPostImmigrating,0,105,62,0,1,INFORMAL,PAUSED,53,3,1
4799,59,32.0436,M,1,2,local,STIPreEmigrating,0,103,62,0,1,INFORMAL,PAUSED,20,1,0
4799,59,32.0436,M,2,0,N/A,STIPostImmigrating,0,103,62,0,1,INFORMAL,PAUSED,20,2,0
4801,7,21.0949,M,3,2,local,STIPreEmigrating,0,112,75,0,1,INFORMAL,PAUSED,45,3,0
4801,7,21.0949,M,2,0,N/A,STIPostImmigrating,0,112,75,0,1,INFORMAL,NORMAL,45,2,2
4803,25,18.2468,F,1,4,local,STIPreEmigrating,0,123,23,0,1,INFORMAL,PAUSED,14,0,1
4803,25,18.2468,F,4,0,N/A,STIPostImmigrating,0,123,23,0,1,INFORMAL,NORMAL,14,4,4
4807,23,37.5845,F,1,2,local,STIPreEmigrating,0,115,24,0,1,INFORMAL,PAUSED,68,0,1
4807,23,37.5845,F,2,0,N/A,STIPostImmigrating,0,115,24,0,1,INFORMAL,PAUSED,68,0,2
4812,52,50.3354,M,4,3,local,STIPreEmigrating,0,110,60,0,1,INFORMAL,PAUSED,31,4,0
4812,52,50.3354,M,3,0,N/A,STIPostImmigrating,0,110,60,0,1,INFORMAL,NORMAL,31,3,3
4813,20,29.8572,F,4,3,local,STIPreEmigrating,0,103,62,0,1,INFORMAL,PAUSED,59,0,4
4813,55,37.5414,M,1,2,local,STIPreEmigrating,0,124,5,0,1,INFORMAL,PAUSED,43,1,0
4813,55,37.5414,M,2,0,N/A,STIPostImmigrating,0,124,5,0,1,INFORMAL,PAUSED,43,2,0
4813,20,29.8572,F,3,0,N/A,STIPostImmigrating,0,103,62,0,1,INFORMAL,PAUSED,59,0,3
4814,45,16.9884,F,2,4,local,STIPreEmigrating,0,112,78,0,1,INFORMAL,PAUSED,7,2,2
4814,45,16.9884,F,4,0,N/A,STIPostImmigrating,0,112,78,0,1,INFORMAL,PAUSED,7,2,4
4817,53,36.1194,F,1,4,local,STIPreEmigrating,0,105,62,0,1,INFORMAL,PAUSED,10,0,1
4817,53,36.1194,F,4,0,N/A,STIPostImmigrating,0,105,62,0,1,INFORMAL,PAUSED,10,0,4
4818,51,27.5738,F,4,2,local,STIPreEmigrating,0,127,14,0,0,INFORMAL,PAUSED,69,0,4
4818,51,27.5738,F,2,0,N/A,STIPostImmigrating,0,127,14,0,1,INFORMAL,NORMAL,69,2,2
4820,41,30.3154,M,4,2,local,STIPreEmigrating,0,106,125,0,1,INFORMAL,PAUSED,64,4,4
4820,7,21.147,M,2,1,local,STIPreEmigrating,0,112,78,0,1,INFORMAL,PAUSED,45,2,0
4820,7,21.147,M,1,0,N/A,STIPostImmigrating,0,112,78,0,1,INFORMAL,PAUSED,45,1,0
4820,41,30.3154,M,2,0,N/A,STIPostImmigrating,0,106,125,0,1,INFORMAL,PAUSED,64,2,4
4822,52,50.3628,M,3,4,local,STIPreEmigrating,0,110,60,0,1,INFORMAL,PAUSED,31,3,3
4822,52,50.3628,M,4,0,N/A,STIPostImmigrating,0,110,60,0,1,INFORMAL,PAUSED,31,4,3
4825,29,43.7024,M,1,4,local,STIPreEmigrating,0,114,33,0,1,INFORMAL,PAUSED,61,1,1
4825,29,43.7024,M,4,0,N/A,STIPostImmigrating,0,114,33,0,1,INFORMAL,PAUSED,61,4,1
4826,59,32.1175,M,2,1,local,STIPreEmigrating,0,103,62,0,1,INFORMAL,PAUSED,20,2,0
4826,59,32.1175,M,1,0,N/A,STIPostImmigrating,0,103,62,0,1,INFORMAL,PAUSED,20,1,0
4832,13,21.6063,F,4,2,local,STIPreEmigrating,0,119,24,0,1,INFORMAL,PAUSED,65,0,4
4832,51,27.6122,F,2,3,local,STIPreEmigrating,0,127,18,0,1,INFORMAL,PAUSED,69,2,2
4832,51,27.6122,F,3,0,N/A,STIPostImmigrating,0,127,18,0,1,INFORMAL,PAUSED,69,2,3
4832,13,21.6063,F,2,0,N/A,STIPostImmigrating,0,119,24,0,1,INFORMAL,PAUSED,65,0,2
4837,69,28.4759,M,2,4,local,STIPreEmigrating,0,127,18,0,1,INFORMAL,PAUSED,51,2,0
4837,69,28.4759,M,4,0,N/A,STIPostImmigrating,0,127,18,0,1,INFORMAL,PAUSED,51,4,0
4843,51,27.6423,F,3,2,local,STIPreEmigrating,0,127,18,0,1,INFORMAL,PAUSED,69,0,3
4843,51,27.6423,F,2,0,N/A,STIPostImmigrating,0,127,18,0,1,INFORMAL,PAUSED,69,0,2
4845,43,23.3895,F,4,2,local,STIPreEmigrating,0,124,5,0,1,INFORMAL,PAUSED,55,0,4
4845,43,23.3895,F,2,0,N/A,STIPostImmigrating,0,124,5,0,1,INFORMAL,NORMAL,55,2,2
4846,53,36.1988,F,4,2,local,STIPreEmigrating,0,105,62,0,1,INFORMAL,PAUSED,10,0,4
4846,65,16.6968,M,3,4,local,STIPreEmigrating,0,119,24,0,1,INFORMAL,PAUSED,13,3,0
4846,65,16.6968,M,4,0,N/A,STIPostImmigrating,0,119,24,0,1,INFORMAL,PAUSED,13,4,0
4846,53,36.1988,F,2,0,N/A,STIPostImmigrating,0,105,62,0,1,INFORMAL,PAUSED,10,0,2
4847,15,96.4437,M,4,2,local,STIPreEmigrating,0,120,36,0,1,INFORMAL,PAUSED,28,4,0
4847,41,30.3893,M,2,4,local,STIPreEmigrating,0,106,125,0,1,INFORMAL,PAUSED,64,2,0
4847,41,30.3893,M,4,0,N/A,STIPostImmigrating,0,106,125,0,1,INFORMAL,NORMAL,64,4,4
4847,15,96.4437,M,2,0,N/A,STIPostImmigrating,0,120,36,0,1,INFORMAL,PAUSED,28,2,0
4849,68,46.3967,M,3,2,local,STIPreEmigrating,0,128,8,0,0,INFORMAL,PAUSED,27,3,3
4849,68,46.3967,M,2,0,N/A,STIPostImmigrating,0,128,8,0,1,INFORMAL,PAUSED,27,2,3
4851,28,54.6494,F,3,2,local,STIPreEmigrating,0,120,36,0,1,INFORMAL,PAUSED,15,0,3
4851,28,54.6494,F,2,0,N/A,STIPostImmigrating,0,120,36,0,1,INFORMAL,NORMAL,15,2,2
4852,25,18.3811,F,4,2,local,STIPreEmigrating,0,123,48,0,1,INFORMAL,PAUSED,14,4,4
4852,25,18.3811,F,2,0,N/A,STIPostImmigrating,0,123,48,0,1,INFORMAL,PAUSED,14,4,2
4854,45,17.098,F,4,2,local,STIPreEmigrating,0,112,78,0,1,INFORMAL,PAUSED,7,0,4
4854,45,17.098,F,2,0,N/A,STIPostImmigrating,0,112,78,0,1,INFORMAL,PAUSED,7,0,2
4856,65,16.7242,M,4,2,local,STIPreEmigrating,0,119,24,0,1,INFORMAL,PAUSED,13,4,0
4856,21,39.7743,F,3,4,local,STIPreEmigrating,0,111,101,0,1,INFORMAL,PAUSED,49,0,3
4856,21,39.7743,F,4,0,N/A,STIPostImmigrating,0,111,101,0,1,INFORMAL,PAUSED,49,0,4
4856,65,16.7242,M,2,0,N/A,STIPostImmigrating,0,119,24,0,1,INFORMAL,NORMAL,13,2,2
4859,27,42.4791,F,3,2,local,STIPreEmigrating,0,128,8,0,0,INFORMAL,PAUSED,68,0,3
4859,66,18.6598,F,2,1,local,STIPreEmigrating,0,121,2,0,1,INFORMAL,PAUSED,42,0,2
4859,53,36.2344,F,2,4,local,STIPreEmigrating,0,105,62,0,1,INFORMAL,PAUSED,10,0,2
4859,53,36.2344,F,4,0,N/A,STIPostImmigrating,0,105,62,0,1,INFORMAL,PAUSED,10,0,4
4859,66,18.6598,F,1,0,N/A,STIPostImmigrating,0,121,2,0,1,INFORMAL,PAUSED,42,0,1
4859,27,42.4791,F,2,0,N/A,STIPostImmigrating,0,128,8,0,1,INFORMAL,NORMAL,68,2,2
4861,69,28.5416,M,4,2,local,STIPreEmigrating,0,127,18,0,1,INFORMAL,PAUSED,51,4,0
4861,55,37.6729,M,2,4,local,STIPreEmigrating,0,124,7,0,1,INFORMAL,PAUSED,43,2,2
4861,55,37.6729,M,4,0,N/A,STIPostImmigrating,0,124,7,0,1,INFORMAL,PAUSED,43,4,2
4861,69,28.5416,M,2,0,N/A,STIPostImmigrating,0,127,18,0,1,INFORMAL,NORMAL,51,2,2
4866,29,43.8148,M,4,3,local,STIPreEmigrating,0,114,33,0,1,INFORMAL,PAUSED,61,4,0
4866,29,43.8148,M,3,0,N/A,STIPostImmigrating,0,114,33,0,1,INFORMAL,PAUSED,61,3,0
4867,61,24.6719,F,1,4,local,STIPreEmigrating,0,114,33,0,1,INFORMAL,PAUSED,29,0,1
4867,61,24.6719,F,4,0,N/A,STIPostImmigrating,0,114,33,0,1,INFORMAL,PAUSED,29,0,4
4872,21,39.8181,F,4,3,local,STIPreEmigrating,0,111,101,0,1,INFORMAL,PAUSED,49,0,4
4872,26,49.26,F,2,1,local,STIPreEmigrating,0,125,43,0,0,INFORMAL,PAUSED,40,2,2
4872,62,26.116,M,1,3,local,STIPreEmigrating,0,113,32,0,1,INFORMAL,PAUSED,17,1,0
4872,62,26.116,M,3,0,N/A,STIPostImmigrating,0,113,32,0,1,INFORMAL,NORMAL,17,3,3
4872,26,49.26,F,1,0,N/A,STIPostImmigrating,0,125,43,0,1,INFORMAL,PAUSED,40,2,1
4872,21,39.8181,F,3,0,N/A,STIPostImmigrating,0,111,101,0,1,INFORMAL,PAUSED,49,0,3
4873,27,42.5175,F,2,3,local,STIPreEmigrating,0,128,13,0,1,INFORMAL,PAUSED,68,2,2
4873,27,42.5175,F,3,0,N/A,STIPostImmigrating,0,128,13,0,1,INFORMAL,PAUSED,68,2,3
4874,53,36.2755,F,4,3,local,STIPreEmigrating,0,105,62,0,1,INFORMAL,PAUSED,10,0,4
4874,53,36.2755,F,3,0,N/A,STIPostImmigrating,0,105,62,0,1,INFORMAL,NORMAL,10,3,3
4879,43,23.4826,F,2,4,local,STIPreEmigrating,0,124,7,0,1,INFORMAL,PAUSED,55,0,2
4879,43,23.4826,F,4,0,N/A,STIPostImmigrating,0,124,7,0,1,INFORMAL,NORMAL,55,4,4
4880,32,26.2958,F,3,2,local,STIPreEmigrating,0,122,67,0,1,INFORMAL,PAUSED,39,3,3
4880,32,26.2958,F,2,0,N/A,STIPostImmigrating,0,122,67,0,1,INFORMAL,PAUSED,39,3,2
4881,68,46.4844,M,2,3,local,STIPreEmigrating,0,128,13,0,1,INFORMAL,PAUSED,27,2,0
4881,68,46.4844,M,3,0,N/A,STIPostImmigrating,0,128,13,0,1,INFORMAL,NORMAL,27,3,3
4882,29,43.8586,M,3,4,local,STIPreEmigrating,0,114,33,0,1,INFORMAL,PAUSED,61,3,0
4882,65,16.7954,M,2,4,local,STIPreEmigrating,0,119,33,0,1,INFORMAL,PAUSED,13,2,2
4882,65,16.7954,M,4,0,N/A,STIPostImmigrating,0,119,33,0,1,INFORMAL,PAUSED,13,4,2
4882,29,43.8586,M,4,0,N/A,STIPostImmigrating,0,114,33,0,1,INFORMAL,NORMAL,61,4,4
4883,61,24.7157,F,4,3,local,STIPreEmigrating,0,114,35,0,1,INFORMAL,PAUSED,29,4,4
4883,61,24.7157,F,3,0,N/A,STIPostImmigrating,0,114,35,0,1,INFORMAL,PAUSED,29,4,3
4890,13,21.7652,F,2,4,local,STIPreEmigrating,0,119,33,0,1,INFORMAL,PAUSED,65,0,2
4890,15,96.5615,M,2,4,local,STIPreEmigrating,0,120,43,0,1,INFORMAL,PAUSED,28,2,2
4890,15,96.5615,M,4,0,N/A,STIPostImmigrating,0,120,43,0,1,INFORMAL,PAUSED,28,4,2
4890,13,21.7652,F,4,0,N/A,STIPostImmigrating,0,119,33,0,1,INFORMAL,NORMAL,65,4,4
4895,27,42.5778,F,3,2,local,STIPreEmigrating,0,128,16,0,1,INFORMAL,PAUSED,68,3,3
4895,27,42.5778,F,2,0,N/A,STIPostImmigrating,0,128,16,0,1,INFORMAL,PAUSED,68,3,2
4897,10,38.4731,M,3,1,local,STIPreEmigrating,0,105,68,0,1,INFORMAL,PAUSED,53,3,3
4897,10,38.4731,M,1,0,N/A,STIPostImmigrating,0,105,68,0,1,INFORMAL,PAUSED,53,1,3
4898,61,24.7568,F,3,4,local,STIPreEmigrating,0,114,35,0,1,INFORMAL,PAUSED,29,0,3
4898,61,24.7568,F,4,0,N/A,STIPostImmigrating,0,114,35,0,1,INFORMAL,NORMAL,29,4,4
4904,61,24.7733,F,4,3,local,STIPreEmigrating,0,114,37,0,1,INFORMAL,PAUSED,29,4,4
4904,61,24.7733,F,3,0,N/A,STIPostImmigrating,0,114,37,0,1,INFORMAL,PAUSED,29,4,3
4914,62,26.2311,M,3,1,local,STIPreEmigrating,0,113,43,0,1,INFORMAL,PAUSED,17,3,3
4914,62,26.2311,M,1,0,N/A,STIPostImmigrating,0,113,43,0,1,INFORMAL,PAUSED,17,1,3
4916,37,51.2161,F,4,1,local,STIPreEmigrating,0,129,12,0,0,INFORMAL,PAUSED,52,4,4
4916,37,51.2161,F,1,0,N/A,STIPostImmigrating,0,129,12,0,1,INFORMAL,PAUSED,52,4,1
4918,10,38.5306,M,1,2,local,STIPreEmigrating,0,105,68,0,1,INFORMAL,PAUSED,53,1,0
4918,26,49.3861,F,1,4,local,STIPreEmigrating,0,125,43,0,1,INFORMAL,PAUSED,40,0,1
4918,26,49.3861,F,4,0,N/A,STIPostImmigrating,0,125,43,0,1,INFORMAL,PAUSED,40,0,4
4918,10,38.5306,M,2,0,N/A,STIPostImmigrating,0,105,68,0,1,INFORMAL,PAUSED,53,2,0
4926,17,18.3633,F,3,4,local,STIPreEmigrating,0,113,43,0,1,INFORMAL,PAUSED,62,0,3
4926,17,18.3633,F,4,0,N/A,STIPostImmigrating,0,113,43,0,1,INFORMAL,PAUSED,62,0,4
4928,68,46.6132,M,3,1,local,STIPreEmigrating,0,128,16,0,1,INFORMAL,PAUSED,27,3,0
4928,68,46.6132,M,1,0,N/A,STIPostImmigrating,0,128,16,0,1,INFORMAL,PAUSED,27,1,0
4934,15,96.682,M,4,2,local,STIPreEmigrating,0,120,43,0,1,INFORMAL,PAUSED,28,4,0
4934,15,96.682,M,2,0,N/A,STIPostImmigrating,0,120,43,0,1,INFORMAL,NORMAL,28,2,2
4936,26,49.4354,F,4,1,local,STIPreEmigrating,0,125,43,0,1,INFORMAL,PAUSED,40,0,4
4936,26,49.4354,F,1,0,N/A,STIPostImmigrating,0,125,43,0,1,INFORMAL,PAUSED,40,0,1
4940,65,16.9543,M,4,1,local,STIPreEmigrating,0,119,55,0,1,INFORMAL,PAUSED,13,4,4
4940,53,36.4564,F,3,4,local,STIPreEmigrating,0,105,68,0,1,INFORMAL,PAUSED,10,0,3
4940,15,96.6985,M,2,1,local,STIPreEmigrating,0,120,43,0,1,INFORMAL,PAUSED,28,2,2
4940,59,32.4299,M,1,2,local,STIPreEmigrating,0,103,62,0,1,INFORMAL,PAUSED,20,1,0
4940,59,32.4299,M,2,0,N/A,STIPostImmigrating,0,103,62,0,1,INFORMAL,PAUSED,20,2,0
4940,15,96.6985,M,1,0,N/A,STIPostImmigrating,0,120,43,0,1,INFORMAL,PAUSED,28,1,2
4940,53,36.4564,F,4,0,N/A,STIPostImmigrating,0,105,68,0,1,INFORMAL,PAUSED,10,0,4
4940,65,16.9543,M,1,0,N/A,STIPostImmigrating,0,119,55,0,1,INFORMAL,PAUSED,13,1,4
4942,41,30.6496,M,4,1,local,STIPreEmigrating,0,130,15,0,0,INFORMAL,PAUSED,43,4,4
4942,41,30.6496,M,1,0,N/A,STIPostImmigrating,0,130,15,0,1,INFORMAL,PAUSED,43,1,4
4944,53,36.4673,F,4,3,local,STIPreEmigrating,0,105,68,0,1,INFORMAL,PAUSED,10,0,4
4944,69,28.769,M,2,4,local,STIPreEmigrating,0,127,46,0,1,INFORMAL,PAUSED,51,2,2
4944,69,28.769,M,4,0,N/A,STIPostImmigrating,0,127,46,0,1,INFORMAL,PAUSED,51,4,2
4944,53,36.4673,F,3,0,N/A,STIPostImmigrating,0,105,68,0,1,INFORMAL,PAUSED,10,0,3
4945,52,50.6997,M,4,3,local,STIPreEmigrating,0,129,12,0,0,INFORMAL,PAUSED,37,4,0
4945,52,50.6997,M,3,0,N/A,STIPostImmigrating,0,129,12,0,1,INFORMAL,PAUSED,37,3,0
4949,14,18.3976,M,4,1,local,STIPreEmigrating,0,123,48,0,1,INFORMAL,PAUSED,25,4,0
4949,14,18.3976,M,1,0,N/A,STIPostImmigrating,0,123,48,0,1,INFORMAL,PAUSED,25,1,0
4952,69,28.7909,M,4,1,local,STIPreEmigrating,0,127,46,0,1,INFORMAL,PAUSED,51,4,0
4952,69,28.7909,M,1,0,N/A,STIPostImmigrating,0,127,46,0,1,INFORMAL,PAUSED,51,1,0
4957,59,32.4765,M,2,1,local,STIPreEmigrating,0,103,62,0,1,INFORMAL,PAUSED,20,2,0
4957,59,32.4765,M,1,0,N/A,STIPostImmigrating,0,103,62,0,1,INFORMAL,PAUSED,20,1,0
4959,22,78.2099,M,1,4,local,STIPreEmigrating,0,131,1,0,0,INFORMAL,PAUSED,44,1,1
4959,22,78.2099,M,4,0,N/A,STIPostImmigrating,0,131,1,0,1,INFORMAL,PAUSED,44,4,1
4960,51,27.9629,F,2,4,local,STIPreEmigrating,0,127,46,0,1,INFORMAL,PAUSED,69,0,2
4960,51,27.9629,F,4,0,N/A,STIPostImmigrating,0,127,46,0,1,INFORMAL,PAUSED,69,0,4
4961,10,38.6484,M,2,1,local,STIPreEmigrating,0,105,68,0,1,INFORMAL,PAUSED,53,2,0
4961,10,38.6484,M,1,0,N/A,STIPostImmigrating,0,105,68,0,1,INFORMAL,PAUSED,53,1,0
4964,44,58.929,F,1,3,local,STIPreEmigrating,0,131,1,0,0,INFORMAL,PAUSED,22,0,1
4964,7,21.5415,M,1,2,local,STIPreEmigrating,0,112,78,0,1,INFORMAL,PAUSED,45,1,0
4964,7,21.5415,M,2,0,N/A,STIPostImmigrating,0,112,78,0,1,INFORMAL,NORMAL,45,2,2
4964,44,58.929,F,3,0,N/A,STIPostImmigrating,0,131,1,0,1,INFORMAL,PAUSED,22,0,3
4965,27,42.7696,F,2,1,local,STIPreEmigrating,0,128,16,0,1,INFORMAL,PAUSED,68,0,2
4965,27,42.7696,F,1,0,N/A,STIPostImmigrating,0,128,16,0,1,INFORMAL,NORMAL,68,1,1
4969,29,44.097,M,4,1,local,STIPreEmigrating,0,114,37,0,1,INFORMAL,PAUSED,61,4,0
4969,52,50.7655,M,3,4,local,STIPreEmigrating,0,129,12,0,1,INFORMAL,PAUSED,37,3,0
4969,52,50.7655,M,4,0,N/A,STIPostImmigrating,0,129,12,0,1,INFORMAL,PAUSED,37,4,0
4969,29,44.097,M,1,0,N/A,STIPostImmigrating,0,114,37,0,1,INFORMAL,PAUSED,61,1,0
4972,17,18.4893,F,4,1,local,STIPreEmigrating,0,113,43,0,1,INFORMAL,PAUSED,62,0,4
4972,17,18.4893,F,1,0,N/A,STIPostImmigrating,0,113,43,0,1,INFORMAL,NORMAL,62,1,1
4973,65,17.0448,M,1,4,local,STIPreEmigrating,0,119,55,0,1,INFORMAL,PAUSED,13,1,0
4973,65,17.0448,M,4,0,N/A,STIPostImmigrating,0,119,55,0,1,INFORMAL,NORMAL,13,4,4
4974,42,30.2604,M,4,1,local,STIPreEmigrating,0,121,2,0,1,INFORMAL,PAUSED,66,4,0
4974,42,30.2604,M,1,0,N/A,STIPostImmigrating,0,121,2,0,1,INFORMAL,NORMAL,66,1,1
4975,62,26.3982,M,1,2,local,STIPreEmigrating,0,113,43,0,1,INFORMAL,PAUSED,17,1,1
4975,62,26.3982,M,2,0,N/A,STIPostImmigrating,0,113,43,0,1,INFORMAL,PAUSED,17,2,1
4976,58,41.3668,F,4,1,local,STIPreEmigrating,0,132,3,0,0,INFORMAL,PAUSED,55,4,4
4976,58,41.3668,F,1,0,N/A,STIPostImmigrating,0,132,3,0,1,INFORMAL,PAUSED,55,4,1
4978,65,17.0585,M,4,3,local,STIPreEmigrating,0,119,58,0,1,INFORMAL,PAUSED,13,4,4
4978,65,17.0585,M,3,0,N/A,STIPostImmigrating,0,119,58,0,1,INFORMAL,PAUSED,13,3,4
4979,10,38.6977,M,1,2,local,STIPreEmigrating,0,105,68,0,1,INFORMAL,PAUSED,53,1,0
4979,10,38.6977,M,2,0,N/A,STIPostImmigrating,0,105,68,0,1,INFORMAL,PAUSED,53,2,0
4980,26,49.5559,F,1,4,local,STIPreEmigrating,0,125,43,0,1,INFORMAL,PAUSED,40,0,1
4980,41,30.7537,M,1,4,local,STIPreEmigrating,0,130,15,0,1,INFORMAL,PAUSED,43,1,0
4980,41,30.7537,M,4,0,N/A,STIPostImmigrating,0,130,15,0,0,INFORMAL,NORMAL,43,4,4
4980,26,49.5559,F,4,0,N/A,STIPostImmigrating,0,125,43,0,1,INFORMAL,PAUSED,40,0,4
4982,28,55.0083,F,2,3,local,STIPreEmigrating,0,120,43,0,1,INFORMAL,PAUSED,15,0,2
4982,28,55.0083,F,3,0,N/A,STIPostImmigrating,0,120,43,0,1,INFORMAL,PAUSED,15,0,3
4989,37,51.4161,F,1,4,local,STIPreEmigrating,0,129,12,0,1,INFORMAL,PAUSED,52,0,1
4989,37,51.4161,F,4,0,N/A,STIPostImmigrating,0,129,12,0,1,INFORMAL,NORMAL,52,4,4
4991,22,78.2976,M,4,1,local,STIPreEmigrating,0,131,1,0,1,INFORMAL,PAUSED,44,4,0
4991,22,78.2976,M,1,0,N/A,STIPostImmigrating,0,131,1,0,1,INFORMAL,PAUSED,44,1,0
4994,14,18.5209,M,1,2,local,STIPreEmigrating,0,123,48,0,1,INFORMAL,PAUSED,25,1,0
4994,14,18.5209,M,2,0,N/A,STIPostImmigrating,0,123,48,0,1,INFORMAL,NORMAL,25,2,2
4995,65,17.105,M,3,4,local,STIPreEmigrating,0,119,58,0,1,INFORMAL,PAUSED,13,3,0
4995,62,26.453,M,2,1,local,STIPreEmigrating,0,113,43,0,1,INFORMAL,PAUSED,17,2,0
4995,62,26.453,M,1,0,N/A,STIPostImmigrating,0,113,43,0,1,INFORMAL,NORMAL,17,1,1
4995,65,17.105,M,4,0,N/A,STIPostImmigrating,0,119,58,0,1,INFORMAL,NORMAL,13,4,4
4998,20,30.3641,F,3,4,local,STIPreEmigrating,0,103,62,0,1,INFORMAL,PAUSED,59,0,3
4998,20,30.3641,F,4,0,N/A,STIPostImmigrating,0,103,62,0,1,INFORMAL,PAUSED,59,0,4
4999,37,51.4435,F,4,1,local,STIPreEmigrating,0,129,12,0,1,INFORMAL,PAUSED,52,4,4
4999,37,51.4435,F,1,0,N/A,STIPostImmigrating,0,129,12,0,1,INFORMAL,PAUSED,52,4,1
5003,65,17.1269,M,4,1,local,STIPreEmigrating,0,119,62,0,1,INFORMAL,PAUSED,13,4,4
5003,65,17.1269,M,1,0,N/A,STIPostImmigrating,0,119,62,0,1,INFORMAL,PAUSED,13,1,4
5004,55,38.0647,M,4,2,local,STIPreEmigrating,0,132,3,0,0,INFORMAL,PAUSED,58,4,0
5004,55,38.0647,M,2,0,N/A,STIPostImmigrating,0,132,3,0,1,INFORMAL,PAUSED,58,2,0
5005,66,19.0598,F,1,2,local,STIPreEmigrating,0,121,11,0,1,INFORMAL,PAUSED,42,1,1
5005,66,19.0598,F,2,0,N/A,STIPostImmigrating,0,121,11,0,1,INFORMAL,PAUSED,42,1,2
5006,49,43.1067,M,2,4,local,STIPreEmigrating,0,133,13,0,0,INFORMAL,PAUSED,31,2,2
5006,49,43.1067,M,4,0,N/A,STIPostImmigrating,0,133,13,0,1,INFORMAL,PAUSED,31,4,2
5007,7,21.6593,M,2,1,local,STIPreEmigrating,0,112,99,0,1,INFORMAL,PAUSED,45,2,2
5007,10,38.7745,M,2,1,local,STIPreEmigrating,0,105,68,0,1,INFORMAL,PAUSED,53,2,0
5007,10,38.7745,M,1,0,N/A,STIPostImmigrating,0,105,68,0,1,INFORMAL,PAUSED,53,1,0
5007,7,21.6593,M,1,0,N/A,STIPostImmigrating,0,112,99,0,1,INFORMAL,PAUSED,45,1,2
5008,44,59.0496,F,3,1,local,STIPreEmigrating,0,131,1,0,1,INFORMAL,PAUSED,22,0,3
5008,68,46.8324,M,1,3,local,STIPreEmigrating,0,128,31,0,1,INFORMAL,PAUSED,27,1,1
5008,68,46.8324,M,3,0,N/A,STIPostImmigrating,0,128,31,0,1,INFORMAL,PAUSED,27,3,1
5008,44,59.0496,F,1,0,N/A,STIPostImmigrating,0,131,1,0,1,INFORMAL,NORMAL,22,1,1
5017,7,21.6867,M,1,2,local,STIPreEmigrating,0,112,99,0,1,INFORMAL,PAUSED,45,1,0
5017,7,21.6867,M,2,0,N/A,STIPostImmigrating,0,112,99,0,1,INFORMAL,NORMAL,45,2,2
5022,10,38.8156,M,1,3,local,STIPreEmigrating,0,105,68,0,1,INFORMAL,PAUSED,53,1,0
5022,10,38.8156,M,3,0,N/A,STIPostImmigrating,0,105,68,0,1,INFORMAL,NORMAL,53,3,3
5023,58,41.4956,F,1,2,local,STIPreEmigrating,0,132,3,0,1,INFORMAL,PAUSED,55,0,1
5023,58,41.4956,F,2,0,N/A,STIPostImmigrating,0,132,3,0,1,INFORMAL,NORMAL,55,2,2
5029,62,26.5461,M,1,4,local,STIPreEmigrating,0,113,57,0,1,INFORMAL,PAUSED,17,1,1
5029,62,26.5461,M,4,0,N/A,STIPostImmigrating,0,113,57,0,1,INFORMAL,PAUSED,17,4,1
5032,13,22.1542,F,4,1,local,STIPreEmigrating,0,119,62,0,1,INFORMAL,PAUSED,65,0,4
5032,13,22.1542,F,1,0,N/A,STIPostImmigrating,0,119,62,0,1,INFORMAL,NORMAL,65,1,1
5036,29,44.2805,M,1,4,local,STIPreEmigrating,0,114,37,0,1,INFORMAL,PAUSED,61,1,0
5036,29,44.2805,M,4,0,N/A,STIPostImmigrating,0,114,37,0,1,INFORMAL,PAUSED,61,4,0
5039,14,18.6442,M,2,1,local,STIPreEmigrating,0,123,54,0,1,INFORMAL,PAUSED,25,2,2
5039,14,18.6442,M,1,0,N/A,STIPostImmigrating,0,123,54,0,1,INFORMAL,PAUSED,25,1,2
5040,28,55.1672,F,3,4,local,STIPreEmigrating,0,120,43,0,1,INFORMAL,PAUSED,15,0,3
5040,28,55.1672,F,4,0,N/A,STIPostImmigrating,0,120,43,0,1,INFORMAL,PAUSED,15,0,4
5048,37,51.5778,F,1,4,local,STIPreEmigrating,0,129,12,0,1,INFORMAL,PAUSED,52,0,1
5048,14,18.6688,M,1,4,local,STIPreEmigrating,0,123,54,0,1,INFORMAL,PAUSED,25,1,0
5048,14,18.6688,M,4,0,N/A,STIPostImmigrating,0,123,54,0,1,INFORMAL,PAUSED,25,4,0
5048,37,51.5778,F,4,0,N/A,STIPostImmigrating,0,129,12,0,1,INFORMAL,NORMAL,52,4,4
5050,28,55.1946,F,4,3,local,STIPreEmigrating,0,120,43,0,1,INFORMAL,PAUSED,15,0,4
5050,7,21.7771,M,2,4,local,STIPreEmigrating,0,112,108,0,1,INFORMAL,PAUSED,45,2,2
5050,7,21.7771,M,4,0,N/A,STIPostImmigrating,0,112,108,0,1,INFORMAL,PAUSED,45,4,2
5050,28,55.1946,F,3,0,N/A,STIPostImmigrating,0,120,43,0,1,INFORMAL,PAUSED,15,0,3
5051,17,18.7058,F,1,4,local,STIPreEmigrating,0,113,57,0,1,INFORMAL,PAUSED,62,0,1
5051,17,18.7058,F,4,0,N/A,STIPostImmigrating,0,113,57,0,1,INFORMAL,NORMAL,62,4,4
5052,43,23.9566,F,4,2,local,STIPreEmigrating,0,130,34,0,0,INFORMAL,PAUSED,41,4,4
5052,43,23.9566,F,2,0,N/A,STIPostImmigrating,0,130,34,0,1,INFORMAL,PAUSED,41,4,2
5053,49,43.2354,M,4,3,local,STIPreEmigrating,0,133,13,0,1,INFORMAL,PAUSED,31,4,0
5053,49,43.2354,M,3,0,N/A,STIPostImmigrating,0,133,13,0,1,INFORMAL,PAUSED,31,3,0
5054,32,26.7725,F,2,3,local,STIPreEmigrating,0,122,67,0,1,INFORMAL,PAUSED,39,0,2
5054,55,38.2017,M,2,1,local,STIPreEmigrating,0,132,6,0,1,INFORMAL,PAUSED,58,2,2
5054,55,38.2017,M,1,0,N/A,STIPostImmigrating,0,132,6,0,1,INFORMAL,PAUSED,58,1,2
5054,32,26.7725,F,3,0,N/A,STIPostImmigrating,0,122,67,0,1,INFORMAL,NORMAL,39,3,3
5057,52,51.0066,M,4,3,local,STIPreEmigrating,0,129,18,0,1,INFORMAL,PAUSED,37,4,4
5057,29,44.3381,M,4,3,local,STIPreEmigrating,0,114,37,0,1,INFORMAL,PAUSED,61,4,0
5057,29,44.3381,M,3,0,N/A,STIPostImmigrating,0,114,37,0,1,INFORMAL,NORMAL,61,3,3
5057,52,51.0066,M,3,0,N/A,STIPostImmigrating,0,129,18,0,1,INFORMAL,PAUSED,37,3,4
5063,51,28.2451,F,4,2,local,STIPreEmigrating,0,127,46,0,1,INFORMAL,PAUSED,69,0,4
5063,51,28.2451,F,2,0,N/A,STIPostImmigrating,0,127,46,0,1,INFORMAL,PAUSED,69,0,2
5065,42,30.5098,M,1,4,local,STIPreEmigrating,0,121,11,0,1,INFORMAL,PAUSED,66,1,0
5065,42,30.5098,M,4,0,N/A,STIPostImmigrating,0,121,11,0,1,INFORMAL,PAUSED,66,4,0
5070,42,30.5235,M,4,1,local,STIPreEmigrating,0,121,11,0,1,INFORMAL,PAUSED,66,4,0
5070,42,30.5235,M,1,0,N/A,STIPostImmigrating,0,121,11,0,1,INFORMAL,PAUSED,66,1,0
5071,32,26.8191,F,3,2,local,STIPreEmigrating,0,122,72,0,1,INFORMAL,PAUSED,39,3,3
5071,32,26.8191,F,2,0,N/A,STIPostImmigrating,0,122,72,0,1,INFORMAL,PAUSED,39,3,2
5075,43,24.0196,F,2,4,local,STIPreEmigrating,0,130,34,0,1,INFORMAL,PAUSED,41,0,2
5075,43,24.0196,F,4,0,N/A,STIPostImmigrating,0,130,34,0,0,INFORMAL,NORMAL,41,4,4
5078,43,24.0279,F,4,2,local,STIPreEmigrating,0,130,34,0,0,INFORMAL,PAUSED,41,4,4
5078,43,24.0279,F,2,0,N/A,STIPostImmigrating,0,130,34,0,1,INFORMAL,PAUSED,41,4,2
5081,22,78.5442,M,1,2,local,STIPreEmigrating,0,131,29,0,1,INFORMAL,PAUSED,44,1,1
5081,22,78.5442,M,2,0,N/A,STIPostImmigrating,0,131,29,0,1,INFORMAL,PAUSED,44,2,1
5084,28,55.2877,F,3,4,local,STIPreEmigrating,0,120,43,0,1,INFORMAL,PAUSED,15,0,3
5084,28,55.2877,F,4,0,N/A,STIPostImmigrating,0,120,43,0,1,INFORMAL,PAUSED,15,0,4
5086,20,30.6052,F,4,3,local,STIPreEmigrating,0,103,62,0,1,INFORMAL,PAUSED,59,0,4
5086,20,30.6052,F,3,0,N/A,STIPostImmigrating,0,103,62,0,1,INFORMAL,PAUSED,59,0,3
5088,15,97.104,M,1,2,local,STIPreEmigrating,0,120,43,0,1,INFORMAL,PAUSED,28,1,0
5088,15,97.104,M,2,0,N/A,STIPostImmigrating,0,120,43,0,1,INFORMAL,PAUSED,28,2,0
5094,51,28.33,F,2,1,local,STIPreEmigrating,0,127,46,0,1,INFORMAL,PAUSED,69,0,2
5094,51,28.33,F,1,0,N/A,STIPostImmigrating,0,127,46,0,1,INFORMAL,NORMAL,69,1,1
5095,52,51.1107,M,3,4,local,STIPreEmigrating,0,129,18,0,1,INFORMAL,PAUSED,37,3,0
5095,40,59.3438,M,2,3,local,STIPreEmigrating,0,125,43,0,0,INFORMAL,PAUSED,26,2,0
5095,40,59.3438,M,3,0,N/A,STIPostImmigrating,0,125,43,0,1,INFORMAL,PAUSED,26,3,0
5095,52,51.1107,M,4,0,N/A,STIPostImmigrating,0,129,18,0,1,INFORMAL,NORMAL,37,4,4
5096,14,18.8003,M,4,1,local,STIPreEmigrating,0,123,54,0,1,INFORMAL,PAUSED,25,4,0
5096,14,18.8003,M,1,0,N/A,STIPostImmigrating,0,123,54,0,1,INFORMAL,PAUSED,25,1,0
5100,59,32.8682,M,1,2,local,STIPreEmigrating,0,103,62,0,1,INFORMAL,PAUSED,20,1,0
5100,59,32.8682,M,2,0,N/A,STIPostImmigrating,0,103,62,0,1,INFORMAL,PAUSED,20,2,0
5101,22,78.599,M,2,1,local,STIPreEmigrating,0,131,29,0,1,INFORMAL,PAUSED,44,2,0
5101,22,78.599,M,1,0,N/A,STIPostImmigrating,0,131,29,0,1,INFORMAL,NORMAL,44,1,1
5103,59,32.8765,M,2,3,local,STIPreEmigrating,0,103,62,0,1,INFORMAL,PAUSED,20,2,0
5103,59,32.8765,M,3,0,N/A,STIPostImmigrating,0,103,62,0,1,INFORMAL,NORMAL,20,3,3
5105,41,31.0962,M,4,1,local,STIPreEmigrating,0,130,34,0,0,INFORMAL,PAUSED,43,4,0
5105,55,38.3414,M,1,2,local,STIPreEmigrating,0,132,6,0,1,INFORMAL,PAUSED,58,1,0
5105,55,38.3414,M,2,0,N/A,STIPostImmigrating,0,132,6,0,1,INFORMAL,NORMAL,58,2,2
5105,41,31.0962,M,1,0,N/A,STIPostImmigrating,0,130,34,0,1,INFORMAL,PAUSED,43,1,0
5106,13,22.357,F,1,4,local,STIPreEmigrating,0,119,87,0,1,INFORMAL,PAUSED,65,1,1
5106,13,22.357,F,4,0,N/A,STIPostImmigrating,0,119,87,0,1,INFORMAL,PAUSED,65,1,4
5107,66,19.3393,F,2,1,local,STIPreEmigrating,0,121,11,0,1,INFORMAL,PAUSED,42,0,2
5107,66,19.3393,F,1,0,N/A,STIPostImmigrating,0,121,11,0,1,INFORMAL,NORMAL,42,1,1
5108,62,26.7626,M,4,1,local,STIPreEmigrating,0,113,79,0,1,INFORMAL,PAUSED,17,4,4
5108,15,97.1588,M,2,1,local,STIPreEmigrating,0,120,43,0,1,INFORMAL,PAUSED,28,2,0
5108,15,97.1588,M,1,0,N/A,STIPostImmigrating,0,120,43,0,1,INFORMAL,PAUSED,28,1,0
5108,62,26.7626,M,1,0,N/A,STIPostImmigrating,0,113,79,0,1,INFORMAL,PAUSED,17,1,4
5111,61,25.3404,F,3,4,local,STIPreEmigrating,0,114,60,0,1,INFORMAL,PAUSED,29,3,3
5111,61,25.3404,F,4,0,N/A,STIPostImmigrating,0,114,60,0,1,INFORMAL,PAUSED,29,3,4
5118,58,41.7559,F,2,1,local,STIPreEmigrating,0,132,7,0,1,INFORMAL,PAUSED,55,2,2
5118,58,41.7559,F,1,0,N/A,STIPostImmigrating,0,132,7,0,1,INFORMAL,PAUSED,55,2,1
5124,45,17.8377,F,4,3,local,STIPreEmigrating,0,134,15,0,0,INFORMAL,PAUSED,7,4,4
5124,45,17.8377,F,3,0,N/A,STIPostImmigrating,0,134,15,0,1,INFORMAL,PAUSED,7,4,3
5129,39,44.218,M,3,2,local,STIPreEmigrating,0,122,72,0,1,INFORMAL,PAUSED,32,3,0
5129,39,44.218,M,2,0,N/A,STIPostImmigrating,0,122,72,0,1,INFORMAL,NORMAL,32,2,2
5131,22,78.6811,M,1,4,local,STIPreEmigrating,0,131,40,0,1,INFORMAL,PAUSED,44,1,1
5131,22,78.6811,M,4,0,N/A,STIPostImmigrating,0,131,40,0,1,INFORMAL,PAUSED,44,4,1
5134,55,38.4208,M,2,4,local,STIPreEmigrating,0,132,7,0,1,INFORMAL,PAUSED,58,2,0
5134,55,38.4208,M,4,0,N/A,STIPostImmigrating,0,132,7,0,1,INFORMAL,PAUSED,58,4,0
5143,13,22.4583,F,4,3,local,STIPreEmigrating,0,119,87,0,1,INFORMAL,PAUSED,65,0,4
5143,13,22.4583,F,3,0,N/A,STIPostImmigrating,0,119,87,0,1,INFORMAL,PAUSED,65,0,3
5144,25,19.1811,F,2,4,local,STIPreEmigrating,0,123,54,0,1,INFORMAL,PAUSED,14,0,2
5144,25,19.1811,F,4,0,N/A,STIPostImmigrating,0,123,54,0,1,INFORMAL,PAUSED,14,0,4
5150,25,19.1975,F,4,3,local,STIPreEmigrating,0,123,54,0,1,INFORMAL,PAUSED,14,0,4
5150,25,19.1975,F,3,0,N/A,STIPostImmigrating,0,123,54,0,1,INFORMAL,PAUSED,14,0,3
5151,55,38.4674,M,4,2,local,STIPreEmigrating,0,132,7,0,1,INFORMAL,PAUSED,58,4,0
5151,55,38.4674,M,2,0,N/A,STIPostImmigrating,0,132,7,0,1,INFORMAL,PAUSED,58,2,0
5154,22,78.7442,M,4,1,local,STIPreEmigrating,0,131,40,0,1,INFORMAL,PAUSED,44,4,0
5154,22,78.7442,M,1,0,N/A,STIPostImmigrating,0,131,40,0,1,INFORMAL,NORMAL,44,1,1
5155,55,38.4784,M,2,4,local,STIPreEmigrating,0,132,7,0,1,INFORMAL,PAUSED,58,2,0
5155,55,38.4784,M,4,0,N/A,STIPostImmigrating,0,132,7,0,1,INFORMAL,PAUSED,58,4,0
5160,14,18.9757,M,1,2,local,STIPreEmigrating,0,123,54,0,1,INFORMAL,PAUSED,25,1,0
5160,14,18.9757,M,2,0,N/A,STIPostImmigrating,0,123,54,0,1,INFORMAL,PAUSED,25,2,0
5162,25,19.2304,F,3,4,local,STIPreEmigrating,0,123,54,0,1,INFORMAL,PAUSED,14,0,3
5162,25,19.2304,F,4,0,N/A,STIPostImmigrating,0,123,54,0,1,INFORMAL,PAUSED,14,0,4
5166,32,27.0794,F,2,3,local,STIPreEmigrating,0,122,83,0,1,INFORMAL,PAUSED,39,2,2
5166,32,27.0794,F,3,0,N/A,STIPostImmigrating,0,122,83,0,1,INFORMAL,PAUSED,39,2,3
5172,62,26.9379,M,1,3,local,STIPreEmigrating,0,113,79,0,1,INFORMAL,PAUSED,17,1,0
5172,62,26.9379,M,3,0,N/A,STIPostImmigrating,0,113,79,0,1,INFORMAL,PAUSED,17,3,0
5176,66,19.5283,F,1,4,local,STIPreEmigrating,0,121,30,0,1,INFORMAL,PAUSED,42,1,1
5176,66,19.5283,F,4,0,N/A,STIPostImmigrating,0,121,30,0,1,INFORMAL,PAUSED,42,1,4
5177,58,41.9175,F,1,4,local,STIPreEmigrating,0,132,7,0,1,INFORMAL,PAUSED,55,0,1
5177,58,41.9175,F,4,0,N/A,STIPostImmigrating,0,132,7,0,1,INFORMAL,NORMAL,55,4,4
5178,58,41.9203,F,4,1,local,STIPreEmigrating,0,132,7,0,1,INFORMAL,PAUSED,55,4,4
5178,58,41.9203,F,1,0,N/A,STIPostImmigrating,0,132,7,0,1,INFORMAL,PAUSED,55,4,1
5179,25,19.277,F,4,2,local,STIPreEmigrating,0,123,54,0,1,INFORMAL,PAUSED,14,0,4
5179,25,19.277,F,2,0,N/A,STIPostImmigrating,0,123,54,0,1,INFORMAL,NORMAL,14,2,2
5181,37,51.9422,F,4,2,local,STIPreEmigrating,0,129,52,0,1,INFORMAL,PAUSED,52,4,4
5181,37,51.9422,F,2,0,N/A,STIPostImmigrating,0,129,52,0,1,INFORMAL,PAUSED,52,4,2
5182,28,55.5562,F,4,3,local,STIPreEmigrating,0,120,43,0,1,INFORMAL,PAUSED,15,0,4
5182,28,55.5562,F,3,0,N/A,STIPostImmigrating,0,120,43,0,1,INFORMAL,PAUSED,15,0,3
5188,13,22.5816,F,3,4,local,STIPreEmigrating,0,119,87,0,1,INFORMAL,PAUSED,65,0,3
5188,51,28.5875,F,1,2,local,STIPreEmigrating,0,127,78,0,1,INFORMAL,PAUSED,69,1,1
5188,51,28.5875,F,2,0,N/A,STIPostImmigrating,0,127,78,0,1,INFORMAL,PAUSED,69,1,2
5188,13,22.5816,F,4,0,N/A,STIPostImmigrating,0,119,87,0,1,INFORMAL,PAUSED,65,0,4
5189,15,97.3807,M,1,2,local,STIPreEmigrating,0,120,43,0,1,INFORMAL,PAUSED,28,1,0
5189,15,97.3807,M,2,0,N/A,STIPostImmigrating,0,120,43,0,1,INFORMAL,PAUSED,28,2,0
5199,58,41.9778,F,1,3,local,STIPreEmigrating,0,132,7,0,1,INFORMAL,PAUSED,55,0,1
5199,58,41.9778,F,3,0,N/A,STIPostImmigrating,0,132,7,0,1,INFORMAL,PAUSED,55,0,3
5201,49,43.6409,M,3,4,local,STIPreEmigrating,0,133,13,0,1,INFORMAL,PAUSED,31,3,0
5201,49,43.6409,M,4,0,N/A,STIPostImmigrating,0,133,13,0,1,INFORMAL,PAUSED,31,4,0
5203,13,22.6227,F,4,1,local,STIPreEmigrating,0,119,87,0,1,INFORMAL,PAUSED,65,0,4
5203,13,22.6227,F,1,0,N/A,STIPostImmigrating,0,119,87,0,1,INFORMAL,NORMAL,65,1,1
5204,20,30.9284,F,3,1,local,STIPreEmigrating,0,103,90,0,1,INFORMAL,PAUSED,59,3,3
5204,20,30.9284,F,1,0,N/A,STIPostImmigrating,0,103,90,0,1,INFORMAL,PAUSED,59,3,1
5209,51,28.6451,F,2,1,local,STIPreEmigrating,0,127,78,0,1,INFORMAL,PAUSED,69,0,2
5209,51,28.6451,F,1,0,N/A,STIPostImmigrating,0,127,78,0,1,INFORMAL,NORMAL,69,1,1
5214,42,30.918,M,1,3,local,STIPreEmigrating,0,121,30,0,1,INFORMAL,PAUSED,66,1,0
5214,42,30.918,M,3,0,N/A,STIPostImmigrating,0,121,30,0,1,INFORMAL,PAUSED,66,3,0
5220,15,97.4656,M,2,3,local,STIPreEmigrating,0,120,43,0,1,INFORMAL,PAUSED,28,2,0
5220,15,97.4656,M,3,0,N/A,STIPostImmigrating,0,120,43,0,1,INFORMAL,NORMAL,28,3,3
5225,22,78.9387,M,1,4,local,STIPreEmigrating,0,131,58,0,1,INFORMAL,PAUSED,44,1,1
5225,22,78.9387,M,4,0,N/A,STIPostImmigrating,0,131,58,0,1,INFORMAL,PAUSED,44,4,1
5229,31,44.0833,F,2,4,local,STIPreEmigrating,0,133,13,0,0,INFORMAL,PAUSED,49,0,2
5229,25,19.414,F,2,4,local,STIPreEmigrating,0,123,85,0,1,INFORMAL,PAUSED,14,2,2
5229,25,19.414,F,4,0,N/A,STIPostImmigrating,0,123,85,0,1,INFORMAL,PAUSED,14,2,4
5229,31,44.0833,F,4,0,N/A,STIPostImmigrating,0,133,13,0,1,INFORMAL,NORMAL,49,4,4
5234,59,33.2354,M,3,2,local,STIPreEmigrating,0,103,90,0,1,INFORMAL,PAUSED,20,3,0
5234,59,33.2354,M,2,0,N/A,STIPostImmigrating,0,103,90,0,1,INFORMAL,PAUSED,20,2,0
5239,51,28.7273,F,1,2,local,STIPreEmigrating,0,127,87,0,1,INFORMAL,PAUSED,69,1,1
5239,51,28.7273,F,2,0,N/A,STIPostImmigrating,0,127,87,0,1,INFORMAL,PAUSED,69,1,2
5245,60,28.3285,F,1,3,local,STIPreEmigrating,0,135,19,0,0,INFORMAL,PAUSED,41,1,1
5245,60,28.3285,F,3,0,N/A,STIPostImmigrating,0,135,19,0,1,INFORMAL,PAUSED,41,1,3
5248,31,44.1354,F,4,2,local,STIPreEmigrating,0,133,21,0,1,INFORMAL,PAUSED,49,4,4
5248,31,44.1354,F,2,0,N/A,STIPostImmigrating,0,133,21,0,1,INFORMAL,PAUSED,49,4,2
5255,41,31.5071,M,1,4,local,STIPreEmigrating,0,135,19,0,0,INFORMAL,PAUSED,60,1,0
5255,41,31.5071,M,4,0,N/A,STIPostImmigrating,0,135,19,0,1,INFORMAL,PAUSED,60,4,0
5260,40,59.7959,M,3,4,local,STIPreEmigrating,0,125,43,0,1,INFORMAL,PAUSED,26,3,0
5260,40,59.7959,M,4,0,N/A,STIPostImmigrating,0,125,43,0,1,INFORMAL,NORMAL,26,4,4
5261,49,43.8053,M,4,3,local,STIPreEmigrating,0,133,21,0,1,INFORMAL,PAUSED,31,4,0
5261,31,44.171,F,2,1,local,STIPreEmigrating,0,133,21,0,1,INFORMAL,PAUSED,49,0,2
5261,31,44.171,F,1,0,N/A,STIPostImmigrating,0,133,21,0,1,INFORMAL,PAUSED,49,0,1
5261,49,43.8053,M,3,0,N/A,STIPostImmigrating,0,133,21,0,1,INFORMAL,PAUSED,31,3,0
5262,60,28.375,F,3,2,local,STIPreEmigrating,0,135,19,0,1,INFORMAL,PAUSED,41,0,3
5262,60,28.375,F,2,0,N/A,STIPostImmigrating,0,135,19,0,1,INFORMAL,PAUSED,41,0,2
5269,32,27.3616,F,3,4,local,STIPreEmigrating,0,122,83,0,1,INFORMAL,PAUSED,39,0,3
5269,32,27.3616,F,4,0,N/A,STIPostImmigrating,0,122,83,0,1,INFORMAL,PAUSED,39,0,4
5270,65,17.8585,M,1,4,local,STIPreEmigrating,0,119,109,0,1,INFORMAL,PAUSED,13,1,1
5270,65,17.8585,M,4,0,N/A,STIPostImmigrating,0,119,109,0,1,INFORMAL,PAUSED,13,4,1
5279,58,42.197,F,3,1,local,STIPreEmigrating,0,132,7,0,1,INFORMAL,PAUSED,55,0,3
5279,58,42.197,F,1,0,N/A,STIPostImmigrating,0,132,7,0,1,INFORMAL,PAUSED,55,0,1
5283,45,18.2734,F,3,4,local,STIPreEmigrating,0,134,15,0,1,INFORMAL,PAUSED,7,0,3
5283,58,42.2079,F,1,2,local,STIPreEmigrating,0,132,7,0,1,INFORMAL,PAUSED,55,0,1
5283,58,42.2079,F,2,0,N/A,STIPostImmigrating,0,132,7,0,1,INFORMAL,PAUSED,55,0,2
5283,45,18.2734,F,4,0,N/A,STIPostImmigrating,0,134,15,0,0,INFORMAL,NORMAL,7,4,4
5285,68,47.5913,M,3,1,local,STIPreEmigrating,0,128,31,0,1,INFORMAL,PAUSED,27,3,0
5285,68,47.5913,M,1,0,N/A,STIPostImmigrating,0,128,31,0,1,INFORMAL,NORMAL,27,1,1
5289,37,52.2381,F,2,4,local,STIPreEmigrating,0,129,52,0,1,INFORMAL,PAUSED,52,0,2
5289,37,52.2381,F,4,0,N/A,STIPostImmigrating,0,129,52,0,1,INFORMAL,NORMAL,52,4,4
5290,14,19.3318,M,2,1,local,STIPreEmigrating,0,123,85,0,1,INFORMAL,PAUSED,25,2,0
5290,51,28.867,F,2,3,local,STIPreEmigrating,0,127,87,0,1,INFORMAL,PAUSED,69,0,2
5290,51,28.867,F,3,0,N/A,STIPostImmigrating,0,127,87,0,1,INFORMAL,PAUSED,69,0,3
5290,14,19.3318,M,1,0,N/A,STIPostImmigrating,0,123,85,0,1,INFORMAL,PAUSED,25,1,0
5299,37,52.2655,F,4,2,local,STIPreEmigrating,0,129,56,0,1,INFORMAL,PAUSED,52,4,4
5299,42,31.1509,M,3,1,local,STIPreEmigrating,0,121,30,0,1,INFORMAL,PAUSED,66,3,0
5299,42,31.1509,M,1,0,N/A,STIPostImmigrating,0,121,30,0,1,INFORMAL,PAUSED,66,1,0
5299,37,52.2655,F,2,0,N/A,STIPostImmigrating,0,129,56,0,1,INFORMAL,PAUSED,52,4,2
5305,65,17.9543,M,4,2,local,STIPreEmigrating,0,119,109,0,1,INFORMAL,PAUSED,13,4,0
5305,65,17.9543,M,2,0,N/A,STIPostImmigrating,0,119,109,0,1,INFORMAL,PAUSED,13,2,0
5310,42,31.181,M,1,4,local,STIPreEmigrating,0,121,30,0,1,INFORMAL,PAUSED,66,1,0
5310,42,31.181,M,4,0,N/A,STIPostImmigrating,0,121,30,0,1,INFORMAL,NORMAL,66,4,4
5324,14,19.425,M,1,3,local,STIPreEmigrating,0,123,85,0,1,INFORMAL,PAUSED,25,1,0
5324,14,19.425,M,3,0,N/A,STIPostImmigrating,0,123,85,0,1,INFORMAL,PAUSED,25,3,0
5329,45,18.3994,F,4,2,local,STIPreEmigrating,0,134,33,0,0,INFORMAL,PAUSED,7,4,4
5329,45,18.3994,F,2,0,N/A,STIPostImmigrating,0,134,33,0,1,INFORMAL,PAUSED,7,4,2
5339,34,54.7746,F,4,1,local,STIPreEmigrating,0,136,21,0,0,INFORMAL,PAUSED,36,4,4
5339,34,54.7746,F,1,0,N/A,STIPostImmigrating,0,136,21,0,1,INFORMAL,PAUSED,36,4,1
5351,66,20.0078,F,4,1,local,STIPreEmigrating,0,121,38,0,1,INFORMAL,PAUSED,42,4,4
5351,69,29.8841,M,1,4,local,STIPreEmigrating,0,127,87,0,1,INFORMAL,PAUSED,51,1,0
5351,69,29.8841,M,4,0,N/A,STIPostImmigrating,0,127,87,0,1,INFORMAL,PAUSED,51,4,0
5351,66,20.0078,F,1,0,N/A,STIPostImmigrating,0,121,38,0,1,INFORMAL,PAUSED,42,4,1
5353,51,29.0396,F,3,2,local,STIPreEmigrating,0,127,87,0,1,INFORMAL,PAUSED,69,0,3
5353,51,29.0396,F,2,0,N/A,STIPostImmigrating,0,127,87,0,1,INFORMAL,PAUSED,69,0,2
5358,60,28.6381,F,2,3,local,STIPreEmigrating,0,135,19,0,1,INFORMAL,PAUSED,41,0,2
5358,60,28.6381,F,3,0,N/A,STIPostImmigrating,0,135,19,0,1,INFORMAL,PAUSED,41,0,3
5359,36,57.6239,M,4,3,local,STIPreEmigrating,0,136,21,0,0,INFORMAL,PAUSED,34,4,0
5359,36,57.6239,M,3,0,N/A,STIPostImmigrating,0,136,21,0,1,INFORMAL,PAUSED,34,3,0
5361,45,18.4871,F,2,4,local,STIPreEmigrating,0,134,33,0,1,INFORMAL,PAUSED,7,0,2
5361,45,18.4871,F,4,0,N/A,STIPostImmigrating,0,134,33,0,0,INFORMAL,NORMAL,7,4,4
5362,29,45.1737,M,4,2,local,STIPreEmigrating,0,138,4,0,0,INFORMAL,PAUSED,23,4,4
5362,29,45.1737,M,2,0,N/A,STIPostImmigrating,0,138,4,0,1,INFORMAL,PAUSED,23,2,4
5365,66,20.0461,F,1,3,local,STIPreEmigrating,0,121,38,0,1,INFORMAL,PAUSED,42,0,1
5365,66,20.0461,F,3,0,N/A,STIPostImmigrating,0,121,38,0,1,INFORMAL,PAUSED,42,0,3
5372,60,28.6764,F,3,2,local,STIPreEmigrating,0,135,19,0,1,INFORMAL,PAUSED,41,0,3
5372,60,28.6764,F,2,0,N/A,STIPostImmigrating,0,135,19,0,1,INFORMAL,PAUSED,41,0,2
5373,45,18.5199,F,4,3,local,STIPreEmigrating,0,134,36,0,0,INFORMAL,PAUSED,7,4,4
5373,45,18.5199,F,3,0,N/A,STIPostImmigrating,0,134,36,0,1,INFORMAL,PAUSED,7,4,3
5375,69,29.9498,M,4,1,local,STIPreEmigrating,0,127,87,0,1,INFORMAL,PAUSED,51,4,0
5375,69,29.9498,M,1,0,N/A,STIPostImmigrating,0,127,87,0,1,INFORMAL,PAUSED,51,1,0
5376,58,42.4627,F,2,1,local,STIPreEmigrating,0,132,7,0,1,INFORMAL,PAUSED,55,0,2
5376,58,42.4627,F,1,0,N/A,STIPostImmigrating,0,132,7,0,1,INFORMAL,PAUSED,55,0,1
5377,25,19.8195,F,4,3,local,STIPreEmigrating,0,123,85,0,1,INFORMAL,PAUSED,14,0,4
5377,25,19.8195,F,3,0,N/A,STIPostImmigrating,0,123,85,0,1,INFORMAL,NORMAL,14,3,3
5378,51,29.1081,F,2,3,local,STIPreEmigrating,0,127,87,0,1,INFORMAL,PAUSED,69,0,2
5378,51,29.1081,F,3,0,N/A,STIPostImmigrating,0,127,87,0,1,INFORMAL,PAUSED,69,0,3
5379,58,42.4709,F,1,3,local,STIPreEmigrating,0,132,7,0,1,INFORMAL,PAUSED,55,0,1
5379,58,42.4709,F,3,0,N/A,STIPostImmigrating,0,132,7,0,1,INFORMAL,PAUSED,55,0,3
5382,26,50.6573,F,4,1,local,STIPreEmigrating,0,125,90,0,1,INFORMAL,PAUSED,40,4,4
5382,26,50.6573,F,1,0,N/A,STIPostImmigrating,0,125,90,0,1,INFORMAL,PAUSED,40,4,1
5385,51,29.1273,F,3,2,local,STIPreEmigrating,0,127,87,0,1,INFORMAL,PAUSED,69,0,3
5385,25,19.8414,F,3,4,local,STIPreEmigrating,0,123,87,0,1,INFORMAL,PAUSED,14,3,3
5385,25,19.8414,F,4,0,N/A,STIPostImmigrating,0,123,87,0,1,INFORMAL,PAUSED,14,3,4
5385,51,29.1273,F,2,0,N/A,STIPostImmigrating,0,127,87,0,1,INFORMAL,PAUSED,69,0,2
5392,66,20.1201,F,3,1,local,STIPreEmigrating,0,121,38,0,1,INFORMAL,PAUSED,42,0,3
5392,66,20.1201,F,1,0,N/A,STIPostImmigrating,0,121,38,0,1,INFORMAL,PAUSED,42,0,1
5400,14,19.6332,M,3,1,local,STIPreEmigrating,0,123,87,0,1,INFORMAL,PAUSED,25,3,0
5400,14,19.6332,M,1,0,N/A,STIPostImmigrating,0,123,87,0,1,INFORMAL,PAUSED,25,1,0
5401,39,44.9632,M,2,3,local,STIPreEmigrating,0,122,83,0,1,INFORMAL,PAUSED,32,2,0
5401,14,19.6359,M,1,4,local,STIPreEmigrating,0,123,87,0,1,INFORMAL,PAUSED,25,1,0
5401,14,19.6359,M,4,0,N/A,STIPostImmigrating,0,123,87,0,1,INFORMAL,NORMAL,25,4,4
5401,39,44.9632,M,3,0,N/A,STIPostImmigrating,0,122,83,0,1,INFORMAL,PAUSED,32,3,0
5402,60,28.7586,F,2,3,local,STIPreEmigrating,0,135,19,0,1,INFORMAL,PAUSED,41,0,2
5402,60,28.7586,F,3,0,N/A,STIPostImmigrating,0,135,19,0,1,INFORMAL,PAUSED,41,0,3
5404,22,79.4291,M,1,4,local,STIPreEmigrating,0,140,1,0,0,INFORMAL,PAUSED,33,1,1
5404,62,27.5735,M,1,3,local,STIPreEmigrating,0,139,6,0,0,INFORMAL,PAUSED,38,1,1
5404,62,27.5735,M,3,0,N/A,STIPostImmigrating,0,139,6,0,1,INFORMAL,PAUSED,38,3,1
5404,22,79.4291,M,4,0,N/A,STIPostImmigrating,0,140,1,0,1,INFORMAL,PAUSED,33,4,1
5409,29,45.3025,M,2,4,local,STIPreEmigrating,0,138,4,0,1,INFORMAL,PAUSED,23,2,0
5409,29,45.3025,M,4,0,N/A,STIPostImmigrating,0,138,4,0,0,INFORMAL,NORMAL,23,4,4
5411,25,19.9126,F,4,1,local,STIPreEmigrating,0,123,89,0,1,INFORMAL,PAUSED,14,4,4
5411,27,43.9915,F,1,2,local,STIPreEmigrating,0,128,68,0,1,INFORMAL,PAUSED,68,1,1
5411,27,43.9915,F,2,0,N/A,STIPostImmigrating,0,128,68,0,1,INFORMAL,PAUSED,68,1,2
5411,25,19.9126,F,1,0,N/A,STIPostImmigrating,0,123,89,0,1,INFORMAL,PAUSED,14,4,1
5419,52,51.9984,M,4,3,local,STIPreEmigrating,0,129,56,0,1,INFORMAL,PAUSED,37,4,0
5419,52,51.9984,M,3,0,N/A,STIPostImmigrating,0,129,56,0,1,INFORMAL,PAUSED,37,3,0
5420,22,79.4729,M,4,1,local,STIPreEmigrating,0,140,1,0,1,INFORMAL,PAUSED,33,4,0
5420,22,79.4729,M,1,0,N/A,STIPostImmigrating,0,140,1,0,0,INFORMAL,NORMAL,33,1,1
5423,69,30.0813,M,1,4,local,STIPreEmigrating,0,127,87,0,1,INFORMAL,PAUSED,51,1,0
5423,69,30.0813,M,4,0,N/A,STIPostImmigrating,0,127,87,0,1,INFORMAL,PAUSED,51,4,0
5424,55,39.2154,M,4,2,local,STIPreEmigrating,0,132,7,0,1,INFORMAL,PAUSED,58,4,0
5424,55,39.2154,M,2,0,N/A,STIPostImmigrating,0,132,7,0,1,INFORMAL,PAUSED,58,2,0
5425,69,30.0868,M,4,3,local,STIPreEmigrating,0,127,87,0,1,INFORMAL,PAUSED,51,4,0
5425,69,30.0868,M,3,0,N/A,STIPostImmigrating,0,127,87,0,1,INFORMAL,PAUSED,51,3,0
5426,60,28.8244,F,3,1,local,STIPreEmigrating,0,135,19,0,1,INFORMAL,PAUSED,41,0,3
5426,60,28.8244,F,1,0,N/A,STIPostImmigrating,0,135,19,0,1,INFORMAL,PAUSED,41,0,1
5428,27,44.0381,F,2,3,local,STIPreEmigrating,0,128,68,0,1,INFORMAL,PAUSED,68,0,2
5428,27,44.0381,F,3,0,N/A,STIPostImmigrating,0,128,68,0,1,INFORMAL,PAUSED,68,0,3
5430,53,37.7988,F,3,4,local,STIPreEmigrating,0,141,5,0,0,INFORMAL,PAUSED,10,3,3
5430,53,37.7988,F,4,0,N/A,STIPostImmigrating,0,141,5,0,1,INFORMAL,PAUSED,10,3,4
5431,52,52.0313,M,3,4,local,STIPreEmigrating,0,129,56,0,1,INFORMAL,PAUSED,37,3,0
5431,52,52.0313,M,4,0,N/A,STIPostImmigrating,0,129,56,0,1,INFORMAL,PAUSED,37,4,0
5434,53,37.8098,F,4,2,local,STIPreEmigrating,0,141,5,0,1,INFORMAL,PAUSED,10,0,4
5434,53,37.8098,F,2,0,N/A,STIPostImmigrating,0,141,5,0,1,INFORMAL,PAUSED,10,0,2
5436,37,52.6408,F,2,4,local,STIPreEmigrating,0,129,56,0,1,INFORMAL,PAUSED,52,0,2
5436,37,52.6408,F,4,0,N/A,STIPostImmigrating,0,129,56,0,1,INFORMAL,NORMAL,52,4,4
5437,32,27.8219,F,4,3,local,STIPreEmigrating,0,122,83,0,1,INFORMAL,PAUSED,39,0,4
5437,32,27.8219,F,3,0,N/A,STIPostImmigrating,0,122,83,0,1,INFORMAL,NORMAL,39,3,3
5439,14,19.7401,M,4,1,local,STIPreEmigrating,0,123,89,0,1,INFORMAL,PAUSED,25,4,0
5439,22,79.525,M,1,4,local,STIPreEmigrating,0,140,9,0,0,INFORMAL,PAUSED,33,1,1
5439,22,79.525,M,4,0,N/A,STIPostImmigrating,0,140,9,0,1,INFORMAL,PAUSED,33,4,1
5439,14,19.7401,M,1,0,N/A,STIPostImmigrating,0,123,89,0,1,INFORMAL,NORMAL,25,1,1
5442,65,18.3297,M,2,4,local,STIPreEmigrating,0,142,11,0,0,INFORMAL,PAUSED,17,2,2
5442,65,18.3297,M,4,0,N/A,STIPostImmigrating,0,142,11,0,1,INFORMAL,PAUSED,17,4,2
5444,23,39.3297,F,4,2,local,STIPreEmigrating,0,138,18,0,0,INFORMAL,PAUSED,29,4,4
5444,23,39.3297,F,2,0,N/A,STIPostImmigrating,0,138,18,0,1,INFORMAL,PAUSED,29,4,2
5450,36,57.8732,M,3,1,local,STIPreEmigrating,0,136,21,0,1,INFORMAL,PAUSED,34,3,0
5450,36,57.8732,M,1,0,N/A,STIPostImmigrating,0,136,21,0,1,INFORMAL,NORMAL,34,1,1
5454,52,52.0943,M,4,3,local,STIPreEmigrating,0,129,59,0,1,INFORMAL,PAUSED,37,4,4
5454,52,52.0943,M,3,0,N/A,STIPostImmigrating,0,129,59,0,1,INFORMAL,PAUSED,37,3,4
5457,38,18.7573,F,1,2,local,STIPreEmigrating,0,139,6,0,0,INFORMAL,PAUSED,62,0,1
5457,38,18.7573,F,2,0,N/A,STIPostImmigrating,0,139,6,0,1,INFORMAL,PAUSED,62,0,2
5460,14,19.7976,M,1,3,local,STIPreEmigrating,0,123,99,0,1,INFORMAL,PAUSED,25,1,1
5460,14,19.7976,M,3,0,N/A,STIPostImmigrating,0,123,99,0,1,INFORMAL,PAUSED,25,3,1
5461,68,48.0735,M,1,3,local,STIPreEmigrating,0,128,68,0,1,INFORMAL,PAUSED,27,1,0
5461,68,48.0735,M,3,0,N/A,STIPostImmigrating,0,128,68,0,1,INFORMAL,NORMAL,27,3,3
5469,27,44.1504,F,3,2,local,STIPreEmigrating,0,128,73,0,1,INFORMAL,PAUSED,68,3,3
5469,27,44.1504,F,2,0,N/A,STIPostImmigrating,0,128,73,0,1,INFORMAL,PAUSED,68,3,2
5480,23,39.4283,F,2,1,local,STIPreEmigrating,0,138,18,0,1,INFORMAL,PAUSED,29,0,2
5480,23,39.4283,F,1,0,N/A,STIPostImmigrating,0,138,18,0,1,INFORMAL,PAUSED,29,0,1
5482,34,55.1664,F,1,2,local,STIPreEmigrating,0,136,37,0,1,INFORMAL,PAUSED,36,1,1
5482,34,55.1664,F,2,0,N/A,STIPostImmigrating,0,136,37,0,1,INFORMAL,PAUSED,36,1,2
5488,30,45.3171,F,1,3,local,STIPreEmigrating,0,144,7,0,0,INFORMAL,PAUSED,52,1,1
5488,60,28.9942,F,1,3,local,STIPreEmigrating,0,135,19,0,1,INFORMAL,PAUSED,41,0,1
5488,60,28.9942,F,3,0,N/A,STIPostImmigrating,0,135,19,0,1,INFORMAL,PAUSED,41,0,3
5488,30,45.3171,F,3,0,N/A,STIPostImmigrating,0,144,7,0,1,INFORMAL,PAUSED,52,1,3
5489,17,19.9058,F,2,4,local,STIPreEmigrating,0,142,11,0,0,INFORMAL,PAUSED,65,0,2
5489,17,19.9058,F,4,0,N/A,STIPostImmigrating,0,142,11,0,1,INFORMAL,NORMAL,65,4,4
5490,41,32.151,M,4,2,local,STIPreEmigrating,0,135,19,0,1,INFORMAL,PAUSED,60,4,0
5490,41,32.151,M,2,0,N/A,STIPostImmigrating,0,135,19,0,1,INFORMAL,PAUSED,60,2,0
5497,25,20.1482,F,1,4,local,STIPreEmigrating,0,123,99,0,1,INFORMAL,PAUSED,14,0,1
5497,25,20.1482,F,4,0,N/A,STIPostImmigrating,0,123,99,0,1,INFORMAL,PAUSED,14,0,4
5498,30,45.3445,F,3,1,local,STIPreEmigrating,0,144,7,0,1,INFORMAL,PAUSED,52,0,3
5498,30,45.3445,F,1,0,N/A,STIPostImmigrating,0,144,7,0,0,INFORMAL,NORMAL,52,1,1
5502,59,33.9696,M,1,2,local,STIPreEmigrating,0,137,67,0,0,INFORMAL,PAUSED,20,1,1
5502,59,33.9696,M,2,0,N/A,STIPostImmigrating,0,137,67,0,1,INFORMAL,PAUSED,20,2,1
5505,60,29.0408,F,3,1,local,STIPreEmigrating,0,135,19,0,1,INFORMAL,PAUSED,41,0,3
5505,68,48.194,M,3,1,local,STIPreEmigrating,0,128,73,0,1,INFORMAL,PAUSED,27,3,0
5505,68,48.194,M,1,0,N/A,STIPostImmigrating,0,128,73,0,1,INFORMAL,PAUSED,27,1,0
5505,60,29.0408,F,1,0,N/A,STIPostImmigrating,0,135,19,0,1,INFORMAL,PAUSED,41,0,1
5510,30,45.3773,F,1,2,local,STIPreEmigrating,0,144,11,0,0,INFORMAL,PAUSED,52,1,1
5510,30,45.3773,F,2,0,N/A,STIPostImmigrating,0,144,11,0,1,INFORMAL,PAUSED,52,1,2
5511,17,19.9661,F,4,3,local,STIPreEmigrating,0,142,19,0,1,INFORMAL,PAUSED,65,4,4
5511,17,19.9661,F,3,0,N/A,STIPostImmigrating,0,142,19,0,1,INFORMAL,PAUSED,65,4,3
5513,65,18.5242,M,4,1,local,STIPreEmigrating,0,142,19,0,1,INFORMAL,PAUSED,17,4,0
5513,65,18.5242,M,1,0,N/A,STIPostImmigrating,0,142,19,0,1,INFORMAL,PAUSED,17,1,0
5520,45,18.9227,F,3,4,local,STIPreEmigrating,0,134,36,0,1,INFORMAL,PAUSED,7,0,3
5520,45,18.9227,F,4,0,N/A,STIPostImmigrating,0,134,36,0,0,INFORMAL,NORMAL,7,4,4
5527,60,29.1011,F,1,3,local,STIPreEmigrating,0,135,19,0,1,INFORMAL,PAUSED,41,0,1
5527,60,29.1011,F,3,0,N/A,STIPostImmigrating,0,135,19,0,1,INFORMAL,PAUSED,41,0,3
5530,14,19.9894,M,3,1,local,STIPreEmigrating,0,123,99,0,1,INFORMAL,PAUSED,25,3,0
5530,14,19.9894,M,1,0,N/A,STIPostImmigrating,0,123,99,0,1,INFORMAL,PAUSED,25,1,0
5531,45,18.9528,F,4,3,local,STIPreEmigrating,0,134,40,0,0,INFORMAL,PAUSED,7,4,4
5531,45,18.9528,F,3,0,N/A,STIPostImmigrating,0,134,40,0,1,INFORMAL,PAUSED,7,4,3
5532,20,31.8271,F,1,3,local,STIPreEmigrating,0,137,67,0,0,INFORMAL,PAUSED,59,0,1
5532,20,31.8271,F,3,0,N/A,STIPostImmigrating,0,137,67,0,1,INFORMAL,PAUSED,59,0,3
5533,59,34.0545,M,2,3,local,STIPreEmigrating,0,137,67,0,1,INFORMAL,PAUSED,20,2,0
5533,59,34.0545,M,3,0,N/A,STIPostImmigrating,0,137,67,0,1,INFORMAL,NORMAL,20,3,3
5542,33,58.4353,F,1,4,local,STIPreEmigrating,0,140,9,0,0,INFORMAL,PAUSED,22,0,1
5542,33,58.4353,F,4,0,N/A,STIPostImmigrating,0,140,9,0,1,INFORMAL,NORMAL,22,4,4
5545,25,20.2797,F,4,3,local,STIPreEmigrating,0,123,99,0,1,INFORMAL,PAUSED,14,0,4
5545,25,20.2797,F,3,0,N/A,STIPostImmigrating,0,123,99,0,1,INFORMAL,PAUSED,14,0,3
5546,60,29.1531,F,3,1,local,STIPreEmigrating,0,135,19,0,1,INFORMAL,PAUSED,41,0,3
5546,60,29.1531,F,1,0,N/A,STIPostImmigrating,0,135,19,0,1,INFORMAL,PAUSED,41,0,1
5547,33,58.449,F,4,1,local,STIPreEmigrating,0,140,11,0,1,INFORMAL,PAUSED,22,4,4
5547,33,58.449,F,1,0,N/A,STIPostImmigrating,0,140,11,0,1,INFORMAL,PAUSED,22,4,1
5552,41,32.3208,M,2,4,local,STIPreEmigrating,0,135,19,0,1,INFORMAL,PAUSED,60,2,0
5552,41,32.3208,M,4,0,N/A,STIPostImmigrating,0,135,19,0,1,INFORMAL,PAUSED,60,4,0
5553,25,20.3016,F,3,4,local,STIPreEmigrating,0,123,99,0,1,INFORMAL,PAUSED,14,0,3
5553,25,20.3016,F,4,0,N/A,STIPostImmigrating,0,123,99,0,1,INFORMAL,PAUSED,14,0,4
5555,52,52.371,M,1,3,local,STIPreEmigrating,0,144,11,0,0,INFORMAL,PAUSED,30,1,0
5555,52,52.371,M,3,0,N/A,STIPostImmigrating,0,144,11,0,1,INFORMAL,PAUSED,30,3,0
5557,33,58.4764,F,1,4,local,STIPreEmigrating,0,140,11,0,1,INFORMAL,PAUSED,22,0,1
5557,33,58.4764,F,4,0,N/A,STIPostImmigrating,0,140,11,0,1,INFORMAL,NORMAL,22,4,4
5560,20,31.9038,F,3,2,local,STIPreEmigrating,0,137,76,0,1,INFORMAL,PAUSED,59,3,3
5560,20,31.9038,F,2,0,N/A,STIPostImmigrating,0,137,76,0,1,INFORMAL,PAUSED,59,3,2
5563,17,20.1085,F,3,4,local,STIPreEmigrating,0,142,19,0,1,INFORMAL,PAUSED,65,0,3
5563,17,20.1085,F,4,0,N/A,STIPostImmigrating,0,142,19,0,1,INFORMAL,PAUSED,65,0,4
5566,46,36.5768,F,2,1,local,STIPreEmigrating,0,143,30,0,0,INFORMAL,PAUSED,55,2,2
5566,55,39.6044,M,2,4,local,STIPreEmigrating,0,143,30,0,0,INFORMAL,PAUSED,46,2,0
5566,55,39.6044,M,4,0,N/A,STIPostImmigrating,0,143,30,0,1,INFORMAL,PAUSED,46,4,0
5566,46,36.5768,F,1,0,N/A,STIPostImmigrating,0,143,30,0,1,INFORMAL,PAUSED,55,4,1
5567,68,48.3639,M,1,3,local,STIPreEmigrating,0,128,73,0,1,INFORMAL,PAUSED,27,1,0
5567,68,48.3639,M,3,0,N/A,STIPostImmigrating,0,128,73,0,1,INFORMAL,PAUSED,27,3,0
5569,27,44.4244,F,2,4,local,STIPreEmigrating,0,128,73,0,1,INFORMAL,PAUSED,68,0,2
5569,27,44.4244,F,4,0,N/A,STIPostImmigrating,0,128,73,0,1,INFORMAL,PAUSED,68,0,4
5575,22,79.8976,M,4,1,local,STIPreEmigrating,0,140,16,0,1,INFORMAL,PAUSED,33,4,4
5575,22,79.8976,M,1,0,N/A,STIPostImmigrating,0,140,16,0,1,INFORMAL,PAUSED,33,1,4
5581,17,20.1578,F,4,3,local,STIPreEmigrating,0,142,19,0,1,INFORMAL,PAUSED,65,0,4
5581,17,20.1578,F,3,0,N/A,STIPostImmigrating,0,142,19,0,1,INFORMAL,PAUSED,65,0,3
5583,46,36.6234,F,1,2,local,STIPreEmigrating,0,143,30,0,1,INFORMAL,PAUSED,55,0,1
5583,46,36.6234,F,2,0,N/A,STIPostImmigrating,0,143,30,0,1,INFORMAL,PAUSED,55,0,2
5586,14,20.1428,M,1,2,local,STIPreEmigrating,0,123,99,0,1,INFORMAL,PAUSED,25,1,0
5586,14,20.1428,M,2,0,N/A,STIPostImmigrating,0,123,99,0,1,INFORMAL,PAUSED,25,2,0
5587,26,51.2189,F,1,4,local,STIPreEmigrating,0,125,90,0,1,INFORMAL,PAUSED,40,0,1
5587,26,51.2189,F,4,0,N/A,STIPostImmigrating,0,125,90,0,1,INFORMAL,NORMAL,40,4,4
5592,66,20.668,F,1,3,local,STIPreEmigrating,0,121,38,0,1,INFORMAL,PAUSED,42,0,1
5592,66,20.668,F,3,0,N/A,STIPostImmigrating,0,121,38,0,1,INFORMAL,PAUSED,42,0,3
5594,7,23.2675,M,4,2,local,STIPreEmigrating,0,146,7,0,0,INFORMAL,PAUSED,45,4,4
5594,11,17.9823,M,1,2,local,STIPreEmigrating,0,148,7,0,0,INFORMAL,PAUSED,12,1,1
5594,11,17.9823,M,2,0,N/A,STIPostImmigrating,0,148,7,0,1,INFORMAL,PAUSED,12,2,1
5594,7,23.2675,M,2,0,N/A,STIPostImmigrating,0,146,7,0,1,INFORMAL,PAUSED,45,2,4
5597,41,32.4441,M,4,2,local,STIPreEmigrating,0,135,19,0,1,INFORMAL,PAUSED,60,4,0
5597,41,32.4441,M,2,0,N/A,STIPostImmigrating,0,135,19,0,1,INFORMAL,PAUSED,60,2,0
5599,46,36.6672,F,2,1,local,STIPreEmigrating,0,143,30,0,1,INFORMAL,PAUSED,55,0,2
5599,46,36.6672,F,1,0,N/A,STIPostImmigrating,0,143,30,0,1,INFORMAL,PAUSED,55,0,1
5601,11,18.0014,M,2,4,local,STIPreEmigrating,0,148,7,0,1,INFORMAL,PAUSED,12,2,0
5601,11,18.0014,M,4,0,N/A,STIPostImmigrating,0,148,7,0,1,INFORMAL,PAUSED,12,4,0
5604,34,55.5006,F,2,1,local,STIPreEmigrating,0,136,37,0,1,INFORMAL,PAUSED,36,0,2
5604,34,55.5006,F,1,0,N/A,STIPostImmigrating,0,136,37,0,1,INFORMAL,NORMAL,36,1,1
5608,40,60.7493,M,4,3,local,STIPreEmigrating,0,125,92,0,1,INFORMAL,PAUSED,26,4,4
5608,30,45.6458,F,2,1,local,STIPreEmigrating,0,144,11,0,1,INFORMAL,PAUSED,52,0,2
5608,30,45.6458,F,1,0,N/A,STIPostImmigrating,0,144,11,0,1,INFORMAL,PAUSED,52,0,1
5608,40,60.7493,M,3,0,N/A,STIPostImmigrating,0,125,92,0,1,INFORMAL,PAUSED,26,3,4
5610,52,52.5217,M,3,1,local,STIPreEmigrating,0,144,11,0,1,INFORMAL,PAUSED,30,3,0
5610,52,52.5217,M,1,0,N/A,STIPostImmigrating,0,144,11,0,1,INFORMAL,NORMAL,30,1,1
5612,30,45.6568,F,1,4,local,STIPreEmigrating,0,144,14,0,1,INFORMAL,PAUSED,52,1,1
5612,30,45.6568,F,4,0,N/A,STIPostImmigrating,0,144,14,0,1,INFORMAL,PAUSED,52,1,4
5616,32,28.3123,F,4,3,local,STIPreEmigrating,0,147,14,0,0,INFORMAL,PAUSED,69,4,4
5616,33,58.6381,F,4,3,local,STIPreEmigrating,0,140,16,0,1,INFORMAL,PAUSED,22,0,4
5616,33,58.6381,F,3,0,N/A,STIPostImmigrating,0,140,16,0,1,INFORMAL,PAUSED,22,0,3
5616,32,28.3123,F,3,0,N/A,STIPostImmigrating,0,147,14,0,1,INFORMAL,PAUSED,69,4,3
5620,41,32.5071,M,2,4,local,STIPreEmigrating,0,135,19,0,1,INFORMAL,PAUSED,60,2,0
5620,41,32.5071,M,4,0,N/A,STIPostImmigrating,0,135,19,0,1,INFORMAL,PAUSED,60,4,0
5624,68,48.52,M,3,4,local,STIPreEmigrating,0,128,73,0,1,INFORMAL,PAUSED,27,3,0
5624,68,48.52,M,4,0,N/A,STIPostImmigrating,0,128,73,0,1,INFORMAL,NORMAL,27,4,4
5626,55,39.7688,M,4,2,local,STIPreEmigrating,0,143,30,0,1,INFORMAL,PAUSED,46,4,0
5626,61,26.7514,F,1,4,local,STIPreEmigrating,0,150,3,0,0,INFORMAL,PAUSED,29,1,1
5626,61,26.7514,F,4,0,N/A,STIPostImmigrating,0,150,3,0,1,INFORMAL,PAUSED,29,1,4
5626,55,39.7688,M,2,0,N/A,STIPostImmigrating,0,143,30,0,1,INFORMAL,PAUSED,46,2,0
5627,10,40.4731,M,3,1,local,STIPreEmigrating,0,141,5,0,0,INFORMAL,PAUSED,53,3,0
5627,10,40.4731,M,1,0,N/A,STIPostImmigrating,0,141,5,0,1,INFORMAL,PAUSED,53,1,0
5628,7,23.3607,M,2,4,local,STIPreEmigrating,0,146,7,0,1,INFORMAL,PAUSED,45,2,0
5628,7,23.3607,M,4,0,N/A,STIPostImmigrating,0,146,7,0,0,INFORMAL,NORMAL,45,4,4
5629,26,51.334,F,4,1,local,STIPreEmigrating,0,125,92,0,1,INFORMAL,PAUSED,40,0,4
5629,27,44.5887,F,4,2,local,STIPreEmigrating,0,128,74,0,1,INFORMAL,PAUSED,68,4,4
5629,36,58.3636,M,1,3,local,STIPreEmigrating,0,136,42,0,1,INFORMAL,PAUSED,34,1,1
5629,36,58.3636,M,3,0,N/A,STIPostImmigrating,0,136,42,0,1,INFORMAL,PAUSED,34,3,1
5629,27,44.5887,F,2,0,N/A,STIPostImmigrating,0,128,74,0,1,INFORMAL,PAUSED,68,4,2
5629,26,51.334,F,1,0,N/A,STIPostImmigrating,0,125,92,0,1,INFORMAL,PAUSED,40,0,1
5630,25,20.5126,F,4,2,local,STIPreEmigrating,0,123,99,0,1,INFORMAL,PAUSED,14,0,4
5630,25,20.5126,F,2,0,N/A,STIPostImmigrating,0,123,99,0,1,INFORMAL,NORMAL,14,2,2
5632,39,45.5961,M,1,2,local,STIPreEmigrating,0,145,19,0,0,INFORMAL,PAUSED,64,1,1
5632,39,45.5961,M,2,0,N/A,STIPostImmigrating,0,145,19,0,1,INFORMAL,PAUSED,64,2,1
5634,27,44.6024,F,2,3,local,STIPreEmigrating,0,128,74,0,1,INFORMAL,PAUSED,68,0,2
5634,27,44.6024,F,3,0,N/A,STIPostImmigrating,0,128,74,0,1,INFORMAL,PAUSED,68,0,3
5639,61,26.787,F,4,1,local,STIPreEmigrating,0,150,3,0,1,INFORMAL,PAUSED,29,0,4
5639,61,26.787,F,1,0,N/A,STIPostImmigrating,0,150,3,0,0,INFORMAL,NORMAL,29,1,1
5645,45,19.2651,F,4,3,local,STIPreEmigrating,0,146,12,0,0,INFORMAL,PAUSED,7,4,4
5645,45,19.2651,F,3,0,N/A,STIPostImmigrating,0,146,12,0,1,INFORMAL,PAUSED,7,4,3
5646,66,20.816,F,3,1,local,STIPreEmigrating,0,121,38,0,1,INFORMAL,PAUSED,42,0,3
5646,26,51.3806,F,1,2,local,STIPreEmigrating,0,125,92,0,1,INFORMAL,PAUSED,40,0,1
5646,26,51.3806,F,2,0,N/A,STIPostImmigrating,0,125,92,0,1,INFORMAL,PAUSED,40,0,2
5646,66,20.816,F,1,0,N/A,STIPostImmigrating,0,121,38,0,1,INFORMAL,PAUSED,42,0,1
5647,36,58.4129,M,3,4,local,STIPreEmigrating,0,136,42,0,1,INFORMAL,PAUSED,34,3,0
5647,36,58.4129,M,4,0,N/A,STIPostImmigrating,0,136,42,0,1,INFORMAL,PAUSED,34,4,0
5651,30,45.7636,F,4,1,local,STIPreEmigrating,0,144,14,0,1,INFORMAL,PAUSED,52,0,4
5651,12,18.3408,F,1,3,local,STIPreEmigrating,0,148,7,0,0,INFORMAL,PAUSED,11,0,1
5651,12,18.3408,F,3,0,N/A,STIPostImmigrating,0,148,7,0,1,INFORMAL,PAUSED,11,0,3
5651,30,45.7636,F,1,0,N/A,STIPostImmigrating,0,144,14,0,1,INFORMAL,NORMAL,52,1,1
5653,11,18.1439,M,4,2,local,STIPreEmigrating,0,148,7,0,1,INFORMAL,PAUSED,12,4,0
5653,11,18.1439,M,2,0,N/A,STIPostImmigrating,0,148,7,0,1,INFORMAL,PAUSED,12,2,0
5654,22,80.114,M,1,4,local,STIPreEmigrating,0,140,16,0,1,INFORMAL,PAUSED,33,1,0
5654,22,80.114,M,4,0,N/A,STIPostImmigrating,0,140,16,0,1,INFORMAL,PAUSED,33,4,0
5656,11,18.1521,M,2,3,local,STIPreEmigrating,0,148,7,0,1,INFORMAL,PAUSED,12,2,0
5656,26,51.408,F,2,1,local,STIPreEmigrating,0,125,92,0,1,INFORMAL,PAUSED,40,0,2
5656,26,51.408,F,1,0,N/A,STIPostImmigrating,0,125,92,0,1,INFORMAL,PAUSED,40,0,1
5656,11,18.1521,M,3,0,N/A,STIPostImmigrating,0,148,7,0,1,INFORMAL,NORMAL,12,3,3
5659,49,44.8957,M,4,3,local,STIPreEmigrating,0,149,20,0,0,INFORMAL,PAUSED,58,4,4
5659,11,18.1604,M,3,2,local,STIPreEmigrating,0,148,8,0,1,INFORMAL,PAUSED,12,3,3
5659,11,18.1604,M,2,0,N/A,STIPostImmigrating,0,148,8,0,1,INFORMAL,PAUSED,12,2,3
5659,49,44.8957,M,3,0,N/A,STIPostImmigrating,0,149,20,0,1,INFORMAL,PAUSED,58,3,4
5660,65,18.9269,M,1,4,local,STIPreEmigrating,0,142,19,0,1,INFORMAL,PAUSED,17,1,0
5660,65,18.9269,M,4,0,N/A,STIPostImmigrating,0,142,19,0,1,INFORMAL,PAUSED,17,4,0
5661,42,32.1426,M,4,1,local,STIPreEmigrating,0,121,38,0,1,INFORMAL,PAUSED,66,4,0
5661,42,32.1426,M,1,0,N/A,STIPostImmigrating,0,121,38,0,1,INFORMAL,NORMAL,66,1,1
5662,26,51.4244,F,1,4,local,STIPreEmigrating,0,125,92,0,1,INFORMAL,PAUSED,40,0,1
5662,26,51.4244,F,4,0,N/A,STIPostImmigrating,0,125,92,0,1,INFORMAL,PAUSED,40,0,4
5664,39,45.6838,M,2,3,local,STIPreEmigrating,0,145,19,0,1,INFORMAL,PAUSED,64,2,0
5664,52,52.6696,M,1,3,local,STIPreEmigrating,0,144,18,0,1,INFORMAL,PAUSED,30,1,1
5664,52,52.6696,M,3,0,N/A,STIPostImmigrating,0,144,18,0,1,INFORMAL,PAUSED,30,3,1
5664,39,45.6838,M,3,0,N/A,STIPostImmigrating,0,145,19,0,1,INFORMAL,PAUSED,64,3,0
5666,55,39.8784,M,2,1,local,STIPreEmigrating,0,143,30,0,1,INFORMAL,PAUSED,46,2,0
5666,55,39.8784,M,1,0,N/A,STIPostImmigrating,0,143,30,0,1,INFORMAL,NORMAL,46,1,1
5668,65,18.9489,M,4,1,local,STIPreEmigrating,0,142,19,0,1,INFORMAL,PAUSED,17,4,0
5668,25,20.6167,F,2,4,local,STIPreEmigrating,0,123,111,0,1,INFORMAL,PAUSED,14,2,2
5668,25,20.6167,F,4,0,N/A,STIPostImmigrating,0,123,111,0,1,INFORMAL,PAUSED,14,2,4
5668,65,18.9489,M,1,0,N/A,STIPostImmigrating,0,142,19,0,1,INFORMAL,PAUSED,17,1,0
5669,11,18.1877,M,2,3,local,STIPreEmigrating,0,148,8,0,1,INFORMAL,PAUSED,12,2,0
5669,11,18.1877,M,3,0,N/A,STIPostImmigrating,0,148,8,0,1,INFORMAL,NORMAL,12,3,3
5670,34,55.6815,F,1,2,local,STIPreEmigrating,0,136,42,0,1,INFORMAL,PAUSED,36,0,1
5670,34,55.6815,F,2,0,N/A,STIPostImmigrating,0,136,42,0,1,INFORMAL,PAUSED,36,0,2
5671,40,60.9219,M,3,4,local,STIPreEmigrating,0,125,92,0,1,INFORMAL,PAUSED,26,3,0
5671,29,46.0203,M,1,4,local,STIPreEmigrating,0,150,16,0,0,INFORMAL,PAUSED,61,1,1
5671,29,46.0203,M,4,0,N/A,STIPostImmigrating,0,150,16,0,1,INFORMAL,PAUSED,61,4,1
5671,40,60.9219,M,4,0,N/A,STIPostImmigrating,0,125,92,0,1,INFORMAL,NORMAL,26,4,4
5673,64,30.4085,F,1,3,local,STIPreEmigrating,0,145,19,0,0,INFORMAL,PAUSED,39,0,1
5673,64,30.4085,F,3,0,N/A,STIPostImmigrating,0,145,19,0,1,INFORMAL,NORMAL,39,3,3
5674,68,48.657,M,4,3,local,STIPreEmigrating,0,128,74,0,1,INFORMAL,PAUSED,27,4,0
5674,68,48.657,M,3,0,N/A,STIPostImmigrating,0,128,74,0,1,INFORMAL,NORMAL,27,3,3
5675,41,32.6578,M,4,3,local,STIPreEmigrating,0,135,19,0,1,INFORMAL,PAUSED,60,4,0
5675,17,20.4154,F,3,4,local,STIPreEmigrating,0,142,19,0,1,INFORMAL,PAUSED,65,0,3
5675,17,20.4154,F,4,0,N/A,STIPostImmigrating,0,142,19,0,1,INFORMAL,PAUSED,65,0,4
5675,41,32.6578,M,3,0,N/A,STIPostImmigrating,0,135,19,0,1,INFORMAL,PAUSED,60,3,0
5678,38,19.3628,F,2,1,local,STIPreEmigrating,0,139,6,0,1,INFORMAL,PAUSED,62,0,2
5678,38,19.3628,F,1,0,N/A,STIPostImmigrating,0,139,6,0,1,INFORMAL,PAUSED,62,0,1
5683,39,45.7358,M,3,2,local,STIPreEmigrating,0,145,20,0,1,INFORMAL,PAUSED,64,3,3
5683,39,45.7358,M,2,0,N/A,STIPostImmigrating,0,145,20,0,1,INFORMAL,PAUSED,64,2,3
5690,36,58.5308,M,4,3,local,STIPreEmigrating,0,136,42,0,1,INFORMAL,PAUSED,34,4,0
5690,36,58.5308,M,3,0,N/A,STIPostImmigrating,0,136,42,0,1,INFORMAL,PAUSED,34,3,0
5700,52,52.7682,M,3,1,local,STIPreEmigrating,0,144,18,0,1,INFORMAL,PAUSED,30,3,0
5700,52,52.7682,M,1,0,N/A,STIPostImmigrating,0,144,18,0,1,INFORMAL,NORMAL,30,1,1
5704,30,45.9088,F,1,3,local,STIPreEmigrating,0,144,18,0,1,INFORMAL,PAUSED,52,1,1
5704,30,45.9088,F,3,0,N/A,STIPostImmigrating,0,144,18,0,1,INFORMAL,PAUSED,52,1,3
5705,39,45.7961,M,2,3,local,STIPreEmigrating,0,145,20,0,1,INFORMAL,PAUSED,64,2,0
5705,39,45.7961,M,3,0,N/A,STIPostImmigrating,0,145,20,0,1,INFORMAL,NORMAL,64,3,3
5706,41,32.7428,M,3,4,local,STIPreEmigrating,0,135,19,0,1,INFORMAL,PAUSED,60,3,0
5706,41,32.7428,M,4,0,N/A,STIPostImmigrating,0,135,19,0,1,INFORMAL,PAUSED,60,4,0
5708,69,30.8622,M,4,1,local,STIPreEmigrating,0,147,14,0,0,INFORMAL,PAUSED,32,4,0
5708,41,32.7482,M,4,2,local,STIPreEmigrating,0,135,19,0,1,INFORMAL,PAUSED,60,4,0
5708,41,32.7482,M,2,0,N/A,STIPostImmigrating,0,135,19,0,1,INFORMAL,PAUSED,60,2,0
5708,69,30.8622,M,1,0,N/A,STIPostImmigrating,0,147,14,0,1,INFORMAL,PAUSED,32,1,0
5710,12,18.5024,F,3,4,local,STIPreEmigrating,0,148,19,0,1,INFORMAL,PAUSED,11,3,3
5710,12,18.5024,F,4,0,N/A,STIPostImmigrating,0,148,19,0,1,INFORMAL,PAUSED,11,3,4
5713,64,30.5181,F,3,4,local,STIPreEmigrating,0,145,23,0,1,INFORMAL,PAUSED,39,3,3
5713,64,30.5181,F,4,0,N/A,STIPostImmigrating,0,145,23,0,1,INFORMAL,PAUSED,39,3,4
5720,11,18.3275,M,3,2,local,STIPreEmigrating,0,148,19,0,1,INFORMAL,PAUSED,12,3,0
5720,11,18.3275,M,2,0,N/A,STIPostImmigrating,0,148,19,0,1,INFORMAL,PAUSED,12,2,0
5722,22,80.3003,M,4,1,local,STIPreEmigrating,0,140,16,0,1,INFORMAL,PAUSED,33,4,0
5722,22,80.3003,M,1,0,N/A,STIPostImmigrating,0,140,16,0,1,INFORMAL,PAUSED,33,1,0
5723,7,23.6209,M,4,2,local,STIPreEmigrating,0,146,12,0,0,INFORMAL,PAUSED,45,4,0
5723,46,37.007,F,1,3,local,STIPreEmigrating,0,143,43,0,1,INFORMAL,PAUSED,55,1,1
5723,46,37.007,F,3,0,N/A,STIPostImmigrating,0,143,43,0,1,INFORMAL,PAUSED,55,1,3
5723,7,23.6209,M,2,0,N/A,STIPostImmigrating,0,146,12,0,1,INFORMAL,PAUSED,45,2,0
5725,10,40.7416,M,1,2,local,STIPreEmigrating,0,141,5,0,1,INFORMAL,PAUSED,53,1,0
5725,10,40.7416,M,2,0,N/A,STIPostImmigrating,0,141,5,0,1,INFORMAL,NORMAL,53,2,2
5729,11,18.3521,M,2,4,local,STIPreEmigrating,0,148,19,0,1,INFORMAL,PAUSED,12,2,0
5729,10,40.7525,M,2,1,local,STIPreEmigrating,0,141,6,0,1,INFORMAL,PAUSED,53,2,2
5729,10,40.7525,M,1,0,N/A,STIPostImmigrating,0,141,6,0,1,INFORMAL,PAUSED,53,1,2
5729,11,18.3521,M,4,0,N/A,STIPostImmigrating,0,148,19,0,1,INFORMAL,NORMAL,12,4,4
5731,46,37.0289,F,3,1,local,STIPreEmigrating,0,143,43,0,1,INFORMAL,PAUSED,55,0,3
5731,46,37.0289,F,1,0,N/A,STIPostImmigrating,0,143,43,0,1,INFORMAL,NORMAL,55,1,1
5740,59,34.6217,M,3,2,local,STIPreEmigrating,0,137,76,0,1,INFORMAL,PAUSED,20,3,0
5740,59,34.6217,M,2,0,N/A,STIPostImmigrating,0,137,76,0,1,INFORMAL,NORMAL,20,2,2
5741,22,80.3524,M,1,3,local,STIPreEmigrating,0,140,16,0,1,INFORMAL,PAUSED,33,1,0
5741,22,80.3524,M,3,0,N/A,STIPostImmigrating,0,140,16,0,1,INFORMAL,NORMAL,33,3,3
5742,39,45.8975,M,3,2,local,STIPreEmigrating,0,145,23,0,1,INFORMAL,PAUSED,64,3,0
5742,66,21.079,F,1,4,local,STIPreEmigrating,0,121,64,0,1,INFORMAL,PAUSED,42,1,1
5742,66,21.079,F,4,0,N/A,STIPostImmigrating,0,121,64,0,1,INFORMAL,PAUSED,42,1,4
5742,39,45.8975,M,2,0,N/A,STIPostImmigrating,0,145,23,0,1,INFORMAL,PAUSED,64,2,0
5745,29,46.223,M,4,3,local,STIPreEmigrating,0,150,16,0,1,INFORMAL,PAUSED,61,4,0
5745,29,46.223,M,3,0,N/A,STIPostImmigrating,0,150,16,0,1,INFORMAL,PAUSED,61,3,0
5747,69,30.969,M,1,4,local,STIPreEmigrating,0,147,14,0,1,INFORMAL,PAUSED,32,1,0
5747,69,30.969,M,4,0,N/A,STIPostImmigrating,0,147,14,0,1,INFORMAL,PAUSED,32,4,0
5750,27,44.9202,F,3,2,local,STIPreEmigrating,0,128,89,0,1,INFORMAL,PAUSED,68,3,3
5750,39,45.9194,M,2,3,local,STIPreEmigrating,0,145,23,0,1,INFORMAL,PAUSED,64,2,0
5750,39,45.9194,M,3,0,N/A,STIPostImmigrating,0,145,23,0,1,INFORMAL,PAUSED,64,3,0
5750,27,44.9202,F,2,0,N/A,STIPostImmigrating,0,128,89,0,1,INFORMAL,PAUSED,68,3,2
5753,14,20.6003,M,2,1,local,STIPreEmigrating,0,123,111,0,1,INFORMAL,PAUSED,25,2,0
5753,14,20.6003,M,1,0,N/A,STIPostImmigrating,0,123,111,0,1,INFORMAL,PAUSED,25,1,0
5755,10,40.8238,M,1,4,local,STIPreEmigrating,0,141,6,0,1,INFORMAL,PAUSED,53,1,0
5755,10,40.8238,M,4,0,N/A,STIPostImmigrating,0,141,6,0,1,INFORMAL,PAUSED,53,4,0
5757,62,28.5407,M,3,1,local,STIPreEmigrating,0,139,6,0,1,INFORMAL,PAUSED,38,3,0
5757,62,28.5407,M,1,0,N/A,STIPostImmigrating,0,139,6,0,1,INFORMAL,NORMAL,38,1,1
5758,66,21.1228,F,4,1,local,STIPreEmigrating,0,121,64,0,1,INFORMAL,PAUSED,42,0,4
5758,66,21.1228,F,1,0,N/A,STIPostImmigrating,0,121,64,0,1,INFORMAL,NORMAL,42,1,1
5761,42,32.4166,M,1,3,local,STIPreEmigrating,0,121,66,0,1,INFORMAL,PAUSED,66,1,1
5761,65,19.2037,M,1,4,local,STIPreEmigrating,0,142,19,0,1,INFORMAL,PAUSED,17,1,0
5761,65,19.2037,M,4,0,N/A,STIPostImmigrating,0,142,19,0,1,INFORMAL,NORMAL,17,4,4
5761,42,32.4166,M,3,0,N/A,STIPostImmigrating,0,121,66,0,1,INFORMAL,PAUSED,66,3,1
5763,25,20.877,F,4,2,local,STIPreEmigrating,0,123,111,0,1,INFORMAL,PAUSED,14,0,4
5763,25,20.877,F,2,0,N/A,STIPostImmigrating,0,123,111,0,1,INFORMAL,PAUSED,14,0,2
5770,33,59.06,F,3,4,local,STIPreEmigrating,0,140,20,0,1,INFORMAL,PAUSED,22,3,3
5770,33,59.06,F,4,0,N/A,STIPostImmigrating,0,140,20,0,1,INFORMAL,PAUSED,22,3,4
5771,68,48.9228,M,3,1,local,STIPreEmigrating,0,128,89,0,1,INFORMAL,PAUSED,27,3,0
5771,68,48.9228,M,1,0,N/A,STIPostImmigrating,0,128,89,0,1,INFORMAL,PAUSED,27,1,0
5772,7,23.7552,M,2,3,local,STIPreEmigrating,0,146,12,0,1,INFORMAL,PAUSED,45,2,0
5772,7,23.7552,M,3,0,N/A,STIPostImmigrating,0,146,12,0,1,INFORMAL,NORMAL,45,3,3
5774,45,19.6186,F,3,4,local,STIPreEmigrating,0,146,12,0,1,INFORMAL,PAUSED,7,3,3
5774,45,19.6186,F,4,0,N/A,STIPostImmigrating,0,146,12,0,1,INFORMAL,PAUSED,7,3,4
5776,17,20.6921,F,4,2,local,STIPreEmigrating,0,142,21,0,1,INFORMAL,PAUSED,65,4,4
5776,32,28.7506,F,3,1,local,STIPreEmigrating,0,147,14,0,1,INFORMAL,PAUSED,69,0,3
5776,32,28.7506,F,1,0,N/A,STIPostImmigrating,0,147,14,0,1,INFORMAL,PAUSED,69,0,1
5776,17,20.6921,F,2,0,N/A,STIPostImmigrating,0,142,21,0,1,INFORMAL,PAUSED,65,4,2
5780,61,27.1733,F,1,4,local,STIPreEmigrating,0,150,16,0,0,INFORMAL,PAUSED,29,0,1
5780,61,27.1733,F,4,0,N/A,STIPostImmigrating,0,150,16,0,1,INFORMAL,PAUSED,29,0,4
5782,55,40.1962,M,1,2,local,STIPreEmigrating,0,143,61,0,1,INFORMAL,PAUSED,46,1,1
5782,55,40.1962,M,2,0,N/A,STIPostImmigrating,0,143,61,0,1,INFORMAL,PAUSED,46,2,1
5783,39,46.0098,M,3,2,local,STIPreEmigrating,0,145,23,0,1,INFORMAL,PAUSED,64,3,0
5783,39,46.0098,M,2,0,N/A,STIPostImmigrating,0,145,23,0,1,INFORMAL,PAUSED,64,2,0
5784,58,43.5805,F,4,1,local,STIPreEmigrating,0,149,20,0,0,INFORMAL,PAUSED,49,0,4
5784,58,43.5805,F,1,0,N/A,STIPostImmigrating,0,149,20,0,1,INFORMAL,PAUSED,49,0,1
5790,25,20.951,F,2,4,local,STIPreEmigrating,0,123,111,0,1,INFORMAL,PAUSED,14,0,2
5790,25,20.951,F,4,0,N/A,STIPostImmigrating,0,123,111,0,1,INFORMAL,PAUSED,14,0,4
5791,65,19.2858,M,4,1,local,STIPreEmigrating,0,142,21,0,1,INFORMAL,PAUSED,17,4,0
5791,65,19.2858,M,1,0,N/A,STIPostImmigrating,0,142,21,0,1,INFORMAL,PAUSED,17,1,0
5792,10,40.9251,M,4,1,local,STIPreEmigrating,0,141,6,0,1,INFORMAL,PAUSED,53,4,0
5792,10,40.9251,M,1,0,N/A,STIPostImmigrating,0,141,6,0,1,INFORMAL,PAUSED,53,1,0
5795,22,80.5003,M,3,1,local,STIPreEmigrating,0,140,20,0,1,INFORMAL,PAUSED,33,3,0
5795,20,32.5476,F,2,3,local,STIPreEmigrating,0,137,96,0,1,INFORMAL,PAUSED,59,2,2
5795,20,32.5476,F,3,0,N/A,STIPostImmigrating,0,137,96,0,1,INFORMAL,PAUSED,59,2,3
5795,22,80.5003,M,1,0,N/A,STIPostImmigrating,0,140,20,0,1,INFORMAL,PAUSED,33,1,0
5797,27,45.049,F,2,1,local,STIPreEmigrating,0,128,89,0,1,INFORMAL,PAUSED,68,0,2
5797,27,45.049,F,1,0,N/A,STIPostImmigrating,0,128,89,0,1,INFORMAL,NORMAL,68,1,1
5798,66,21.2324,F,1,3,local,STIPreEmigrating,0,121,66,0,1,INFORMAL,PAUSED,42,0,1
5798,66,21.2324,F,3,0,N/A,STIPostImmigrating,0,121,66,0,1,INFORMAL,NORMAL,42,3,3
5800,14,20.7291,M,1,4,local,STIPreEmigrating,0,123,111,0,1,INFORMAL,PAUSED,25,1,0
5800,14,20.7291,M,4,0,N/A,STIPostImmigrating,0,123,111,0,1,INFORMAL,NORMAL,25,4,4
5801,22,80.5168,M,1,4,local,STIPreEmigrating,0,140,20,0,1,INFORMAL,PAUSED,33,1,0
5801,22,80.5168,M,4,0,N/A,STIPostImmigrating,0,140,20,0,1,INFORMAL,NORMAL,33,4,4
5802,20,32.5668,F,3,4,local,STIPreEmigrating,0,137,96,0,1,INFORMAL,PAUSED,59,0,3
5802,20,32.5668,F,4,0,N/A,STIPostImmigrating,0,137,96,0,1,INFORMAL,PAUSED,59,0,4
5803,27,45.0655,F,1,2,local,STIPreEmigrating,0,128,90,0,1,INFORMAL,PAUSED,68,1,1
5803,27,45.0655,F,2,0,N/A,STIPostImmigrating,0,128,90,0,1,INFORMAL,PAUSED,68,1,2
5805,12,18.7627,F,4,3,local,STIPreEmigrating,0,148,46,0,1,INFORMAL,PAUSED,11,4,4
5805,12,18.7627,F,3,0,N/A,STIPostImmigrating,0,148,46,0,1,INFORMAL,PAUSED,11,4,3
5810,53,38.8399,F,2,4,local,STIPreEmigrating,0,141,6,0,1,INFORMAL,PAUSED,10,0,2
5810,53,38.8399,F,4,0,N/A,STIPostImmigrating,0,141,6,0,1,INFORMAL,PAUSED,10,0,4
5814,61,27.2664,F,4,1,local,STIPreEmigrating,0,150,16,0,1,INFORMAL,PAUSED,29,0,4
5814,62,28.6968,M,1,4,local,STIPreEmigrating,0,139,25,0,1,INFORMAL,PAUSED,38,1,1
5814,62,28.6968,M,4,0,N/A,STIPostImmigrating,0,139,25,0,1,INFORMAL,PAUSED,38,4,1
5814,61,27.2664,F,1,0,N/A,STIPostImmigrating,0,150,16,0,1,INFORMAL,PAUSED,29,0,1
5819,69,31.1663,M,4,3,local,STIPreEmigrating,0,147,14,0,1,INFORMAL,PAUSED,32,4,0
5819,69,31.1663,M,3,0,N/A,STIPostImmigrating,0,147,14,0,1,INFORMAL,PAUSED,32,3,0
5821,52,53.0997,M,1,3,local,STIPreEmigrating,0,144,18,0,1,INFORMAL,PAUSED,30,1,0
5821,52,53.0997,M,3,0,N/A,STIPostImmigrating,0,144,18,0,1,INFORMAL,NORMAL,30,3,3
5822,55,40.3058,M,2,1,local,STIPreEmigrating,0,143,61,0,1,INFORMAL,PAUSED,46,2,0
5822,55,40.3058,M,1,0,N/A,STIPostImmigrating,0,143,61,0,1,INFORMAL,NORMAL,46,1,1
5823,49,45.345,M,3,4,local,STIPreEmigrating,0,149,20,0,1,INFORMAL,PAUSED,58,3,0
5823,40,61.3383,M,3,4,local,STIPreEmigrating,0,151,5,0,0,INFORMAL,PAUSED,16,3,3
5823,40,61.3383,M,4,0,N/A,STIPostImmigrating,0,151,5,0,1,INFORMAL,PAUSED,16,4,3
5823,49,45.345,M,4,0,N/A,STIPostImmigrating,0,149,20,0,1,INFORMAL,PAUSED,58,4,0
5825,49,45.3505,M,4,2,local,STIPreEmigrating,0,149,20,0,1,INFORMAL,PAUSED,58,4,0
5825,49,45.3505,M,2,0,N/A,STIPostImmigrating,0,149,20,0,1,INFORMAL,PAUSED,58,2,0
5827,33,59.2162,F,4,2,local,STIPreEmigrating,0,140,29,0,1,INFORMAL,PAUSED,22,4,4
5827,52,53.1162,M,3,4,local,STIPreEmigrating,0,144,22,0,1,INFORMAL,PAUSED,30,3,3
5827,52,53.1162,M,4,0,N/A,STIPostImmigrating,0,144,22,0,1,INFORMAL,PAUSED,30,4,3
5827,33,59.2162,F,2,0,N/A,STIPostImmigrating,0,140,29,0,1,INFORMAL,PAUSED,22,4,2
5830,61,27.3103,F,1,4,local,STIPreEmigrating,0,150,16,0,1,INFORMAL,PAUSED,29,0,1
5830,61,27.3103,F,4,0,N/A,STIPostImmigrating,0,150,16,0,1,INFORMAL,PAUSED,29,0,4
5832,25,21.066,F,4,3,local,STIPreEmigrating,0,123,123,0,1,INFORMAL,PAUSED,14,4,4
5832,25,21.066,F,3,0,N/A,STIPostImmigrating,0,123,123,0,1,INFORMAL,PAUSED,14,4,3
5835,42,32.6194,M,3,1,local,STIPreEmigrating,0,121,76,0,1,INFORMAL,PAUSED,66,3,3
5835,39,46.1523,M,2,3,local,STIPreEmigrating,0,145,23,0,1,INFORMAL,PAUSED,64,2,0
5835,39,46.1523,M,3,0,N/A,STIPostImmigrating,0,145,23,0,1,INFORMAL,PAUSED,64,3,0
5835,42,32.6194,M,1,0,N/A,STIPostImmigrating,0,121,76,0,1,INFORMAL,PAUSED,66,1,3
5839,32,28.9232,F,1,3,local,STIPreEmigrating,0,147,14,0,1,INFORMAL,PAUSED,69,0,1
5839,32,28.9232,F,3,0,N/A,STIPostImmigrating,0,147,14,0,1,INFORMAL,NORMAL,69,3,3
5840,46,37.3275,F,1,3,local,STIPreEmigrating,0,143,68,0,1,INFORMAL,PAUSED,55,1,1
5840,46,37.3275,F,3,0,N/A,STIPostImmigrating,0,143,68,0,1,INFORMAL,PAUSED,55,1,3
5843,33,59.26,F,2,4,local,STIPreEmigrating,0,140,29,0,1,INFORMAL,PAUSED,22,0,2
5843,33,59.26,F,4,0,N/A,STIPostImmigrating,0,140,29,0,1,INFORMAL,NORMAL,22,4,4
5847,42,32.6522,M,1,2,local,STIPreEmigrating,0,121,76,0,1,INFORMAL,PAUSED,66,1,0
5847,42,32.6522,M,2,0,N/A,STIPostImmigrating,0,121,76,0,1,INFORMAL,PAUSED,66,2,0
5850,61,27.3651,F,4,2,local,STIPreEmigrating,0,150,16,0,1,INFORMAL,PAUSED,29,0,4
5850,61,27.3651,F,2,0,N/A,STIPostImmigrating,0,150,16,0,1,INFORMAL,PAUSED,29,0,2
5852,12,18.8915,F,3,2,local,STIPreEmigrating,0,148,46,0,1,INFORMAL,PAUSED,11,0,3
5852,12,18.8915,F,2,0,N/A,STIPostImmigrating,0,148,46,0,1,INFORMAL,PAUSED,11,0,2
5854,53,38.9605,F,4,1,local,STIPreEmigrating,0,141,6,0,1,INFORMAL,PAUSED,10,0,4
5854,53,38.9605,F,1,0,N/A,STIPostImmigrating,0,141,6,0,1,INFORMAL,NORMAL,10,1,1
5856,7,23.9853,M,3,2,local,STIPreEmigrating,0,146,12,0,1,INFORMAL,PAUSED,45,3,0
5856,32,28.9698,F,3,1,local,STIPreEmigrating,0,147,21,0,1,INFORMAL,PAUSED,69,3,3
5856,27,45.2107,F,2,4,local,STIPreEmigrating,0,128,90,0,1,INFORMAL,PAUSED,68,0,2
5856,27,45.2107,F,4,0,N/A,STIPostImmigrating,0,128,90,0,1,INFORMAL,PAUSED,68,0,4
5856,32,28.9698,F,1,0,N/A,STIPostImmigrating,0,147,21,0,1,INFORMAL,PAUSED,69,3,1
5856,7,23.9853,M,2,0,N/A,STIPostImmigrating,0,146,12,0,1,INFORMAL,PAUSED,45,2,0
5860,60,30.0134,F,1,3,local,STIPreEmigrating,0,135,19,0,1,INFORMAL,PAUSED,41,0,1
5860,60,30.0134,F,3,0,N/A,STIPostImmigrating,0,135,19,0,1,INFORMAL,PAUSED,41,0,3
5861,20,32.7284,F,4,3,local,STIPreEmigrating,0,137,96,0,1,INFORMAL,PAUSED,59,0,4
5861,20,32.7284,F,3,0,N/A,STIPostImmigrating,0,137,96,0,1,INFORMAL,PAUSED,59,0,3
5866,7,24.0127,M,2,1,local,STIPreEmigrating,0,146,12,0,1,INFORMAL,PAUSED,45,2,0
5866,7,24.0127,M,1,0,N/A,STIPostImmigrating,0,146,12,0,1,INFORMAL,PAUSED,45,1,0
5871,10,41.1416,M,1,4,local,STIPreEmigrating,0,141,12,0,1,INFORMAL,PAUSED,53,1,1
5871,10,41.1416,M,4,0,N/A,STIPostImmigrating,0,141,12,0,1,INFORMAL,PAUSED,53,4,1
5873,29,46.5737,M,3,4,local,STIPreEmigrating,0,150,16,0,1,INFORMAL,PAUSED,61,3,0
5873,29,46.5737,M,4,0,N/A,STIPostImmigrating,0,150,16,0,1,INFORMAL,PAUSED,61,4,0
5874,29,46.5764,M,4,1,local,STIPreEmigrating,0,150,16,0,1,INFORMAL,PAUSED,61,4,0
5874,29,46.5764,M,1,0,N/A,STIPostImmigrating,0,150,16,0,1,INFORMAL,PAUSED,61,1,0
5877,66,21.4489,F,3,1,local,STIPreEmigrating,0,121,76,0,1,INFORMAL,PAUSED,42,0,3
5877,66,21.4489,F,1,0,N/A,STIPostImmigrating,0,121,76,0,1,INFORMAL,PAUSED,42,0,1
5879,10,41.1635,M,4,1,local,STIPreEmigrating,0,141,12,0,1,INFORMAL,PAUSED,53,4,0
5879,10,41.1635,M,1,0,N/A,STIPostImmigrating,0,141,12,0,1,INFORMAL,NORMAL,53,1,1
5887,40,61.5137,M,4,3,local,STIPreEmigrating,0,151,5,0,1,INFORMAL,PAUSED,16,4,0
5887,40,61.5137,M,3,0,N/A,STIPostImmigrating,0,151,5,0,0,INFORMAL,NORMAL,16,3,3
5889,59,35.0299,M,2,4,local,STIPreEmigrating,0,137,96,0,1,INFORMAL,PAUSED,20,2,0
5889,65,19.5543,M,1,4,local,STIPreEmigrating,0,142,21,0,1,INFORMAL,PAUSED,17,1,0
5889,65,19.5543,M,4,0,N/A,STIPostImmigrating,0,142,21,0,1,INFORMAL,PAUSED,17,4,0
5889,59,35.0299,M,4,0,N/A,STIPostImmigrating,0,137,96,0,1,INFORMAL,PAUSED,20,4,0
5895,42,32.7837,M,2,1,local,STIPreEmigrating,0,121,76,0,1,INFORMAL,PAUSED,66,2,0
5895,42,32.7837,M,1,0,N/A,STIPostImmigrating,0,121,76,0,1,INFORMAL,NORMAL,66,1,1
5904,14,21.014,M,4,1,local,STIPreEmigrating,0,123,123,0,1,INFORMAL,PAUSED,25,4,0
5904,20,32.8463,F,3,4,local,STIPreEmigrating,0,137,96,0,1,INFORMAL,PAUSED,59,0,3
5904,20,32.8463,F,4,0,N/A,STIPostImmigrating,0,137,96,0,1,INFORMAL,NORMAL,59,4,4
5904,14,21.014,M,1,0,N/A,STIPostImmigrating,0,123,123,0,1,INFORMAL,PAUSED,25,1,0
5905,16,38.7267,F,3,1,local,STIPreEmigrating,0,151,8,0,0,INFORMAL,PAUSED,40,3,3
5905,16,38.7267,F,1,0,N/A,STIPostImmigrating,0,151,8,0,1,INFORMAL,PAUSED,40,3,1
5910,68,49.3036,M,1,3,local,STIPreEmigrating,0,128,90,0,1,INFORMAL,PAUSED,27,1,0
5910,68,49.3036,M,3,0,N/A,STIPostImmigrating,0,128,90,0,1,INFORMAL,PAUSED,27,3,0
5914,55,40.5578,M,1,2,local,STIPreEmigrating,0,143,68,0,1,INFORMAL,PAUSED,46,1,0
5914,55,40.5578,M,2,0,N/A,STIPostImmigrating,0,143,68,0,1,INFORMAL,PAUSED,46,2,0
5917,61,27.5486,F,2,4,local,STIPreEmigrating,0,150,16,0,1,INFORMAL,PAUSED,29,0,2
5917,61,27.5486,F,4,0,N/A,STIPostImmigrating,0,150,16,0,1,INFORMAL,PAUSED,29,0,4
5921,68,49.3337,M,3,1,local,STIPreEmigrating,0,128,90,0,1,INFORMAL,PAUSED,27,3,0
5921,68,49.3337,M,1,0,N/A,STIPostImmigrating,0,128,90,0,1,INFORMAL,PAUSED,27,1,0
5928,65,19.6612,M,4,2,local,STIPreEmigrating,0,142,21,0,1,INFORMAL,PAUSED,17,4,0
5928,65,19.6612,M,2,0,N/A,STIPostImmigrating,0,142,21,0,1,INFORMAL,NORMAL,17,2,2
5931,14,21.088,M,1,2,local,STIPreEmigrating,0,123,123,0,1,INFORMAL,PAUSED,25,1,0
5931,7,24.1908,M,1,2,local,STIPreEmigrating,0,146,12,0,1,INFORMAL,PAUSED,45,1,0
5931,7,24.1908,M,2,0,N/A,STIPostImmigrating,0,146,12,0,1,INFORMAL,PAUSED,45,2,0
5931,14,21.088,M,2,0,N/A,STIPostImmigrating,0,123,123,0,1,INFORMAL,PAUSED,25,2,0
5933,38,20.0614,F,1,3,local,STIPreEmigrating,0,139,25,0,1,INFORMAL,PAUSED,62,0,1
5933,38,20.0614,F,3,0,N/A,STIPostImmigrating,0,139,25,0,1,INFORMAL,PAUSED,62,0,3
5938,20,32.9394,F,4,3,local,STIPreEmigrating,0,137,107,0,1,INFORMAL,PAUSED,59,4,4
5938,20,32.9394,F,3,0,N/A,STIPostImmigrating,0,137,107,0,1,INFORMAL,PAUSED,59,4,3
5939,20,32.9421,F,3,1,local,STIPreEmigrating,0,137,107,0,1,INFORMAL,PAUSED,59,4,3
5939,55,40.6263,M,2,4,local,STIPreEmigrating,0,143,68,0,1,INFORMAL,PAUSED,46,2,0
5939,55,40.6263,M,4,0,N/A,STIPostImmigrating,0,143,68,0,1,INFORMAL,PAUSED,46,4,0
5939,20,32.9421,F,1,0,N/A,STIPostImmigrating,0,137,107,0,1,INFORMAL,PAUSED,59,4,1
5943,17,21.1496,F,2,4,local,STIPreEmigrating,0,142,27,0,1,INFORMAL,PAUSED,65,2,2
5943,17,21.1496,F,4,0,N/A,STIPostImmigrating,0,142,27,0,1,INFORMAL,PAUSED,65,2,4
5944,52,53.4367,M,4,3,local,STIPreEmigrating,0,144,22,0,1,INFORMAL,PAUSED,30,4,0
5944,62,29.053,M,4,1,local,STIPreEmigrating,0,139,25,0,1,INFORMAL,PAUSED,38,4,0
5944,62,29.053,M,1,0,N/A,STIPostImmigrating,0,139,25,0,1,INFORMAL,PAUSED,38,1,0
5944,52,53.4367,M,3,0,N/A,STIPostImmigrating,0,144,22,0,1,INFORMAL,NORMAL,30,3,3
5946,27,45.4572,F,4,2,local,STIPreEmigrating,0,128,90,0,1,INFORMAL,PAUSED,68,0,4
5946,27,45.4572,F,2,0,N/A,STIPostImmigrating,0,128,90,0,1,INFORMAL,PAUSED,68,0,2
5952,45,20.1062,F,4,2,local,STIPreEmigrating,0,146,12,0,1,INFORMAL,PAUSED,7,0,4
5952,45,20.1062,F,2,0,N/A,STIPostImmigrating,0,146,12,0,1,INFORMAL,NORMAL,7,2,2
5954,39,46.4783,M,3,2,local,STIPreEmigrating,0,145,23,0,1,INFORMAL,PAUSED,64,3,0
5954,39,46.4783,M,2,0,N/A,STIPostImmigrating,0,145,23,0,1,INFORMAL,PAUSED,64,2,0
5960,64,31.1948,F,4,3,local,STIPreEmigrating,0,145,23,0,1,INFORMAL,PAUSED,39,0,4
5960,17,21.1962,F,4,2,local,STIPreEmigrating,0,142,27,0,1,INFORMAL,PAUSED,65,0,4
5960,17,21.1962,F,2,0,N/A,STIPostImmigrating,0,142,27,0,1,INFORMAL,NORMAL,65,2,2
5960,64,31.1948,F,3,0,N/A,STIPostImmigrating,0,145,23,0,1,INFORMAL,PAUSED,39,0,3
5961,62,29.0996,M,1,3,local,STIPreEmigrating,0,139,25,0,1,INFORMAL,PAUSED,38,1,0
5961,20,33.0024,F,1,3,local,STIPreEmigrating,0,137,107,0,1,INFORMAL,PAUSED,59,0,1
5961,20,33.0024,F,3,0,N/A,STIPostImmigrating,0,137,107,0,1,INFORMAL,PAUSED,59,0,3
5961,62,29.0996,M,3,0,N/A,STIPostImmigrating,0,139,25,0,1,INFORMAL,NORMAL,38,3,3
5962,12,19.1928,F,2,3,local,STIPreEmigrating,0,148,46,0,1,INFORMAL,PAUSED,11,0,2
5962,12,19.1928,F,3,0,N/A,STIPostImmigrating,0,148,46,0,1,INFORMAL,PAUSED,11,0,3
5967,64,31.214,F,3,2,local,STIPreEmigrating,0,145,23,0,1,INFORMAL,PAUSED,39,0,3
5967,64,31.214,F,2,0,N/A,STIPostImmigrating,0,145,23,0,1,INFORMAL,NORMAL,39,2,2
5969,64,31.2195,F,2,3,local,STIPreEmigrating,0,145,24,0,1,INFORMAL,PAUSED,39,2,2
5969,64,31.2195,F,3,0,N/A,STIPostImmigrating,0,145,24,0,1,INFORMAL,PAUSED,39,2,3
5970,20,33.0271,F,3,2,local,STIPreEmigrating,0,137,107,0,1,INFORMAL,PAUSED,59,0,3
5970,20,33.0271,F,2,0,N/A,STIPostImmigrating,0,137,107,0,1,INFORMAL,PAUSED,59,0,2
5974,53,39.2892,F,1,4,local,STIPreEmigrating,0,141,53,0,1,INFORMAL,PAUSED,10,1,1
5974,53,39.2892,F,4,0,N/A,STIPostImmigrating,0,141,53,0,1,INFORMAL,PAUSED,10,1,4
5976,29,46.8559,M,1,4,local,STIPreEmigrating,0,150,16,0,1,INFORMAL,PAUSED,61,1,0
5976,29,46.8559,M,4,0,N/A,STIPostImmigrating,0,150,16,0,1,INFORMAL,NORMAL,61,4,4
5978,32,29.3041,F,1,3,local,STIPreEmigrating,0,147,21,0,1,INFORMAL,PAUSED,69,0,1
5978,32,29.3041,F,3,0,N/A,STIPostImmigrating,0,147,21,0,1,INFORMAL,NORMAL,69,3,3
5979,64,31.2469,F,3,2,local,STIPreEmigrating,0,145,24,0,1,INFORMAL,PAUSED,39,0,3
5979,64,31.2469,F,2,0,N/A,STIPostImmigrating,0,145,24,0,1,INFORMAL,NORMAL,39,2,2
5981,21,42.8565,F,2,4,local,STIPreEmigrating,0,153,7,0,0,INFORMAL,PAUSED,49,2,2
5981,21,42.8565,F,4,0,N/A,STIPostImmigrating,0,153,7,0,1,INFORMAL,PAUSED,49,2,4
5982,32,29.315,F,3,1,local,STIPreEmigrating,0,147,24,0,1,INFORMAL,PAUSED,69,3,3
5982,32,29.315,F,1,0,N/A,STIPostImmigrating,0,147,24,0,1,INFORMAL,PAUSED,69,3,1
5985,53,39.3194,F,4,1,local,STIPreEmigrating,0,141,53,0,1,INFORMAL,PAUSED,10,0,4
5985,53,39.3194,F,1,0,N/A,STIPostImmigrating,0,141,53,0,1,INFORMAL,NORMAL,10,1,1
5986,65,19.8201,M,2,4,local,STIPreEmigrating,0,142,42,0,1,INFORMAL,PAUSED,17,2,2
5986,65,19.8201,M,4,0,N/A,STIPostImmigrating,0,142,42,0,1,INFORMAL,PAUSED,17,4,2
5988,27,45.5723,F,2,1,local,STIPreEmigrating,0,128,90,0,1,INFORMAL,PAUSED,68,0,2
5988,27,45.5723,F,1,0,N/A,STIPostImmigrating,0,128,90,0,1,INFORMAL,NORMAL,68,1,1
5992,65,19.8365,M,4,3,local,STIPreEmigrating,0,142,42,0,1,INFORMAL,PAUSED,17,4,0
5992,53,39.3386,F,1,4,local,STIPreEmigrating,0,141,55,0,1,INFORMAL,PAUSED,10,1,1
5992,53,39.3386,F,4,0,N/A,STIPostImmigrating,0,141,55,0,1,INFORMAL,PAUSED,10,1,4
5992,65,19.8365,M,3,0,N/A,STIPostImmigrating,0,142,42,0,1,INFORMAL,PAUSED,17,3,0
5994,61,27.7596,F,4,3,local,STIPreEmigrating,0,150,21,0,1,INFORMAL,PAUSED,29,4,4
5994,61,27.7596,F,3,0,N/A,STIPostImmigrating,0,150,21,0,1,INFORMAL,PAUSED,29,4,3
5997,65,19.8502,M,3,4,local,STIPreEmigrating,0,142,42,0,1,INFORMAL,PAUSED,17,3,0
5997,65,19.8502,M,4,0,N/A,STIPostImmigrating,0,142,42,0,1,INFORMAL,PAUSED,17,4,0
5999,11,19.0919,M,4,2,local,STIPreEmigrating,0,148,46,0,1,INFORMAL,PAUSED,12,4,0
5999,11,19.0919,M,2,0,N/A,STIPostImmigrating,0,148,46,0,1,INFORMAL,PAUSED,12,2,0
6000,7,24.3798,M,2,3,local,STIPreEmigrating,0,146,28,0,1,INFORMAL,PAUSED,45,2,2
6000,7,24.3798,M,3,0,N/A,STIPostImmigrating,0,146,28,0,1,INFORMAL,PAUSED,45,3,2
6004,12,19.3079,F,3,4,local,STIPreEmigrating,0,148,46,0,1,INFORMAL,PAUSED,11,0,3
6004,12,19.3079,F,4,0,N/A,STIPostImmigrating,0,148,46,0,1,INFORMAL,PAUSED,11,0,4
6008,29,46.9435,M,4,1,local,STIPreEmigrating,0,150,21,0,1,INFORMAL,PAUSED,61,4,0
6008,29,46.9435,M,1,0,N/A,STIPostImmigrating,0,150,21,0,1,INFORMAL,PAUSED,61,1,0
6009,52,53.6148,M,3,1,local,STIPreEmigrating,0,144,36,0,1,INFORMAL,PAUSED,30,3,3
6009,52,53.6148,M,1,0,N/A,STIPostImmigrating,0,144,36,0,1,INFORMAL,PAUSED,30,1,3
6013,39,46.6399,M,2,3,local,STIPreEmigrating,0,145,35,0,1,INFORMAL,PAUSED,64,2,2
6013,39,46.6399,M,3,0,N/A,STIPostImmigrating,0,145,35,0,1,INFORMAL,PAUSED,64,3,2
6014,14,21.3154,M,2,1,local,STIPreEmigrating,0,123,123,0,1,INFORMAL,PAUSED,25,2,0
6014,14,21.3154,M,1,0,N/A,STIPostImmigrating,0,123,123,0,1,INFORMAL,PAUSED,25,1,0
6017,53,39.407,F,4,2,local,STIPreEmigrating,0,141,55,0,1,INFORMAL,PAUSED,10,0,4
6017,19,17.2097,M,4,2,local,STIPreEmigrating,0,152,28,0,0,INFORMAL,PAUSED,66,4,4
6017,19,17.2097,M,2,0,N/A,STIPostImmigrating,0,152,28,0,1,INFORMAL,PAUSED,66,2,4
6017,53,39.407,F,2,0,N/A,STIPostImmigrating,0,141,55,0,1,INFORMAL,PAUSED,10,0,2
6019,21,42.9606,F,4,2,local,STIPreEmigrating,0,153,7,0,1,INFORMAL,PAUSED,49,0,4
6019,14,21.3291,M,1,3,local,STIPreEmigrating,0,123,123,0,1,INFORMAL,PAUSED,25,1,0
6019,14,21.3291,M,3,0,N/A,STIPostImmigrating,0,123,123,0,1,INFORMAL,NORMAL,25,3,3
6019,21,42.9606,F,2,0,N/A,STIPostImmigrating,0,153,7,0,0,INFORMAL,NORMAL,49,2,2
6023,20,33.1723,F,2,3,local,STIPreEmigrating,0,137,107,0,1,INFORMAL,PAUSED,59,0,2
6023,20,33.1723,F,3,0,N/A,STIPostImmigrating,0,137,107,0,1,INFORMAL,PAUSED,59,0,3
6028,39,46.681,M,3,2,local,STIPreEmigrating,0,145,35,0,1,INFORMAL,PAUSED,64,3,0
6028,39,46.681,M,2,0,N/A,STIPostImmigrating,0,145,35,0,1,INFORMAL,NORMAL,64,2,2
6029,81,15.6411,F,3,4,local,STIPreEmigrating,0,154,16,0,0,INFORMAL,PAUSED,73,3,3
6029,81,15.6411,F,4,0,N/A,STIPostImmigrating,0,154,16,0,1,INFORMAL,PAUSED,73,3,4
6030,59,35.4162,M,4,2,local,STIPreEmigrating,0,137,107,0,1,INFORMAL,PAUSED,20,4,0
6030,59,35.4162,M,2,0,N/A,STIPostImmigrating,0,137,107,0,1,INFORMAL,PAUSED,20,2,0
6032,46,37.8535,F,3,1,local,STIPreEmigrating,0,143,68,0,1,INFORMAL,PAUSED,55,0,3
6032,46,37.8535,F,1,0,N/A,STIPostImmigrating,0,143,68,0,1,INFORMAL,PAUSED,55,0,1
6035,53,39.4564,F,2,4,local,STIPreEmigrating,0,141,55,0,1,INFORMAL,PAUSED,10,0,2
6035,53,39.4564,F,4,0,N/A,STIPostImmigrating,0,141,55,0,1,INFORMAL,PAUSED,10,0,4
6037,59,35.4354,M,2,4,local,STIPreEmigrating,0,137,107,0,1,INFORMAL,PAUSED,20,2,0
6037,59,35.4354,M,4,0,N/A,STIPostImmigrating,0,137,107,0,1,INFORMAL,PAUSED,20,4,0
6040,49,45.9395,M,2,4,local,STIPreEmigrating,0,153,20,0,0,INFORMAL,PAUSED,21,2,2
6040,49,45.9395,M,4,0,N/A,STIPostImmigrating,0,153,20,0,1,INFORMAL,PAUSED,21,4,2
6043,16,39.1048,F,1,3,local,STIPreEmigrating,0,151,8,0,1,INFORMAL,PAUSED,40,0,1
6043,16,39.1048,F,3,0,N/A,STIPostImmigrating,0,151,8,0,0,INFORMAL,NORMAL,40,3,3
6047,25,21.6551,F,3,4,local,STIPreEmigrating,0,123,132,0,1,INFORMAL,PAUSED,14,3,3
6047,25,21.6551,F,4,0,N/A,STIPostImmigrating,0,123,132,0,1,INFORMAL,PAUSED,14,3,4
6048,53,39.492,F,4,1,local,STIPreEmigrating,0,141,55,0,1,INFORMAL,PAUSED,10,0,4
6048,53,39.492,F,1,0,N/A,STIPostImmigrating,0,141,55,0,1,INFORMAL,NORMAL,10,1,1
6049,32,29.4986,F,1,3,local,STIPreEmigrating,0,147,24,0,1,INFORMAL,PAUSED,69,0,1
6049,32,29.4986,F,3,0,N/A,STIPostImmigrating,0,147,24,0,1,INFORMAL,NORMAL,69,3,3
6053,25,21.6715,F,4,2,local,STIPreEmigrating,0,123,132,0,1,INFORMAL,PAUSED,14,0,4
6053,25,21.6715,F,2,0,N/A,STIPostImmigrating,0,123,132,0,1,INFORMAL,PAUSED,14,0,2
6056,53,39.5139,F,1,4,local,STIPreEmigrating,0,141,57,0,1,INFORMAL,PAUSED,10,1,1
6056,53,39.5139,F,4,0,N/A,STIPostImmigrating,0,141,57,0,1,INFORMAL,PAUSED,10,1,4
6064,10,41.6703,M,1,4,local,STIPreEmigrating,0,141,57,0,1,INFORMAL,PAUSED,53,1,0
6064,10,41.6703,M,4,0,N/A,STIPostImmigrating,0,141,57,0,1,INFORMAL,NORMAL,53,4,4
6065,40,62.0014,M,3,4,local,STIPreEmigrating,0,151,16,0,0,INFORMAL,PAUSED,16,3,3
6065,40,62.0014,M,4,0,N/A,STIPostImmigrating,0,151,16,0,1,INFORMAL,PAUSED,16,4,3
6068,81,15.7479,F,4,2,local,STIPreEmigrating,0,154,16,0,1,INFORMAL,PAUSED,73,0,4
6068,81,15.7479,F,2,0,N/A,STIPostImmigrating,0,154,16,0,1,INFORMAL,PAUSED,73,0,2
6069,38,20.4341,F,3,1,local,STIPreEmigrating,0,139,67,0,1,INFORMAL,PAUSED,62,3,3
6069,38,20.4341,F,1,0,N/A,STIPostImmigrating,0,139,67,0,1,INFORMAL,PAUSED,62,3,1
6071,66,21.9804,F,4,1,local,STIPreEmigrating,0,152,28,0,0,INFORMAL,PAUSED,19,0,4
6071,66,21.9804,F,1,0,N/A,STIPostImmigrating,0,152,28,0,1,INFORMAL,PAUSED,19,0,1
6072,17,21.503,F,2,4,local,STIPreEmigrating,0,142,42,0,1,INFORMAL,PAUSED,65,0,2
6072,17,21.503,F,4,0,N/A,STIPostImmigrating,0,142,42,0,1,INFORMAL,NORMAL,65,4,4
6073,66,21.9859,F,1,3,local,STIPreEmigrating,0,152,28,0,1,INFORMAL,PAUSED,19,0,1
6073,66,21.9859,F,3,0,N/A,STIPostImmigrating,0,152,28,0,1,INFORMAL,PAUSED,19,0,3
6075,33,59.8956,F,4,3,local,STIPreEmigrating,0,140,106,0,1,INFORMAL,PAUSED,22,4,4
6075,64,31.5099,F,2,3,local,STIPreEmigrating,0,145,59,0,1,INFORMAL,PAUSED,39,2,2
6075,64,31.5099,F,3,0,N/A,STIPostImmigrating,0,145,59,0,1,INFORMAL,PAUSED,39,2,3
6075,33,59.8956,F,3,0,N/A,STIPostImmigrating,0,140,106,0,1,INFORMAL,PAUSED,22,4,3
6080,19,17.3823,M,2,1,local,STIPreEmigrating,0,152,28,0,1,INFORMAL,PAUSED,66,2,0
6080,19,17.3823,M,1,0,N/A,STIPostImmigrating,0,152,28,0,1,INFORMAL,PAUSED,66,1,0
6081,46,37.9878,F,1,2,local,STIPreEmigrating,0,143,68,0,1,INFORMAL,PAUSED,55,0,1
6081,46,37.9878,F,2,0,N/A,STIPostImmigrating,0,143,68,0,1,INFORMAL,PAUSED,55,0,2
6082,62,29.4311,M,3,1,local,STIPreEmigrating,0,139,67,0,1,INFORMAL,PAUSED,38,3,0
6082,62,29.4311,M,1,0,N/A,STIPostImmigrating,0,139,67,0,1,INFORMAL,NORMAL,38,1,1
6084,49,46.0601,M,4,1,local,STIPreEmigrating,0,153,20,0,1,INFORMAL,PAUSED,21,4,0
6084,49,46.0601,M,1,0,N/A,STIPostImmigrating,0,153,20,0,1,INFORMAL,PAUSED,21,1,0
6085,64,31.5373,F,3,2,local,STIPreEmigrating,0,145,59,0,1,INFORMAL,PAUSED,39,0,3
6085,64,31.5373,F,2,0,N/A,STIPostImmigrating,0,145,59,0,1,INFORMAL,NORMAL,39,2,2
6086,16,39.2226,F,3,1,local,STIPreEmigrating,0,151,16,0,0,INFORMAL,PAUSED,40,0,3
6086,59,35.5696,M,2,3,local,STIPreEmigrating,0,156,4,0,0,INFORMAL,PAUSED,60,2,2
6086,59,35.5696,M,3,0,N/A,STIPostImmigrating,0,156,4,0,1,INFORMAL,PAUSED,60,3,2
6086,16,39.2226,F,1,0,N/A,STIPostImmigrating,0,151,16,0,1,INFORMAL,PAUSED,40,0,1
6087,40,62.0616,M,4,3,local,STIPreEmigrating,0,151,16,0,1,INFORMAL,PAUSED,16,4,0
6087,40,62.0616,M,3,0,N/A,STIPostImmigrating,0,151,16,0,1,INFORMAL,PAUSED,16,3,0
6092,81,15.8137,F,2,4,local,STIPreEmigrating,0,154,16,0,1,INFORMAL,PAUSED,73,0,2
6092,81,15.8137,F,4,0,N/A,STIPostImmigrating,0,154,16,0,1,INFORMAL,PAUSED,73,0,4
6093,81,15.8164,F,4,2,local,STIPreEmigrating,0,154,16,0,1,INFORMAL,PAUSED,73,0,4
6093,7,24.6346,M,3,2,local,STIPreEmigrating,0,146,28,0,1,INFORMAL,PAUSED,45,3,0
6093,7,24.6346,M,2,0,N/A,STIPostImmigrating,0,146,28,0,1,INFORMAL,NORMAL,45,2,2
6093,81,15.8164,F,2,0,N/A,STIPostImmigrating,0,154,16,0,1,INFORMAL,PAUSED,73,0,2
6105,42,33.3591,M,1,4,local,STIPreEmigrating,0,157,4,0,0,INFORMAL,PAUSED,20,1,1
6105,42,33.3591,M,4,0,N/A,STIPostImmigrating,0,157,4,0,1,INFORMAL,PAUSED,20,4,1
6107,46,38.059,F,2,1,local,STIPreEmigrating,0,143,68,0,1,INFORMAL,PAUSED,55,0,2
6107,46,38.059,F,1,0,N/A,STIPostImmigrating,0,143,68,0,1,INFORMAL,PAUSED,55,0,1
6108,11,19.3905,M,2,4,local,STIPreEmigrating,0,148,46,0,1,INFORMAL,PAUSED,12,2,0
6108,11,19.3905,M,4,0,N/A,STIPostImmigrating,0,148,46,0,1,INFORMAL,NORMAL,12,4,4
6109,43,26.8525,F,4,2,local,STIPreEmigrating,0,158,7,0,0,INFORMAL,PAUSED,10,4,4
6109,43,26.8525,F,2,0,N/A,STIPostImmigrating,0,158,7,0,1,INFORMAL,PAUSED,10,4,2
6116,45,20.5555,F,2,4,local,STIPreEmigrating,0,146,36,0,1,INFORMAL,PAUSED,7,2,2
6116,43,26.8717,F,2,3,local,STIPreEmigrating,0,158,7,0,1,INFORMAL,PAUSED,10,0,2
6116,43,26.8717,F,3,0,N/A,STIPostImmigrating,0,158,7,0,1,INFORMAL,PAUSED,10,0,3
6116,45,20.5555,F,4,0,N/A,STIPostImmigrating,0,146,36,0,1,INFORMAL,PAUSED,7,2,4
6123,65,20.1954,M,4,3,local,STIPreEmigrating,0,142,60,0,1,INFORMAL,PAUSED,17,4,4
6123,42,33.4084,M,4,1,local,STIPreEmigrating,0,157,4,0,1,INFORMAL,PAUSED,20,4,0
6123,42,33.4084,M,1,0,N/A,STIPostImmigrating,0,157,4,0,0,INFORMAL,NORMAL,20,1,1
6123,65,20.1954,M,3,0,N/A,STIPostImmigrating,0,142,60,0,1,INFORMAL,PAUSED,17,3,4
6132,62,29.5681,M,1,4,local,STIPreEmigrating,0,139,85,0,1,INFORMAL,PAUSED,38,1,1
6132,62,29.5681,M,4,0,N/A,STIPostImmigrating,0,139,85,0,1,INFORMAL,PAUSED,38,4,1
6144,59,35.7285,M,3,2,local,STIPreEmigrating,0,156,4,0,1,INFORMAL,PAUSED,60,3,0
6144,59,35.7285,M,2,0,N/A,STIPostImmigrating,0,156,4,0,0,INFORMAL,NORMAL,60,2,2
6148,37,54.5915,F,3,4,local,STIPreEmigrating,0,159,4,0,0,INFORMAL,PAUSED,52,3,3
6148,37,54.5915,F,4,0,N/A,STIPostImmigrating,0,159,4,0,1,INFORMAL,PAUSED,52,3,4
6150,73,16.8192,M,3,4,local,STIPreEmigrating,0,154,16,0,0,INFORMAL,PAUSED,81,3,0
6150,73,16.8192,M,4,0,N/A,STIPostImmigrating,0,154,16,0,1,INFORMAL,PAUSED,81,4,0
6155,39,47.029,M,2,1,local,STIPreEmigrating,0,145,79,0,1,INFORMAL,PAUSED,64,2,2
6155,39,47.029,M,1,0,N/A,STIPostImmigrating,0,145,79,0,1,INFORMAL,PAUSED,64,1,2
6157,81,15.9918,F,2,4,local,STIPreEmigrating,0,154,16,0,1,INFORMAL,PAUSED,73,0,2
6157,25,21.9564,F,2,4,local,STIPreEmigrating,0,123,132,0,1,INFORMAL,PAUSED,14,0,2
6157,25,21.9564,F,4,0,N/A,STIPostImmigrating,0,123,132,0,1,INFORMAL,PAUSED,14,0,4
6157,81,15.9918,F,4,0,N/A,STIPostImmigrating,0,154,16,0,1,INFORMAL,NORMAL,73,4,4
6159,73,16.8438,M,4,1,local,STIPreEmigrating,0,154,16,0,1,INFORMAL,PAUSED,81,4,4
6159,45,20.6734,F,4,2,local,STIPreEmigrating,0,146,36,0,1,INFORMAL,PAUSED,7,0,4
6159,40,62.2589,M,3,2,local,STIPreEmigrating,0,151,16,0,1,INFORMAL,PAUSED,16,3,0
6159,40,62.2589,M,2,0,N/A,STIPostImmigrating,0,151,16,0,1,INFORMAL,PAUSED,16,2,0
6159,45,20.6734,F,2,0,N/A,STIPostImmigrating,0,146,36,0,1,INFORMAL,NORMAL,7,2,2
6159,73,16.8438,M,1,0,N/A,STIPostImmigrating,0,154,16,0,1,INFORMAL,PAUSED,81,1,4
6160,37,54.6244,F,4,2,local,STIPreEmigrating,0,159,4,0,1,INFORMAL,PAUSED,52,0,4
6160,19,17.6015,M,1,2,local,STIPreEmigrating,0,152,28,0,1,INFORMAL,PAUSED,66,1,0
6160,19,17.6015,M,2,0,N/A,STIPostImmigrating,0,152,28,0,1,INFORMAL,PAUSED,66,2,0
6160,37,54.6244,F,2,0,N/A,STIPostImmigrating,0,159,4,0,1,INFORMAL,PAUSED,52,0,2
6162,17,21.7496,F,4,3,local,STIPreEmigrating,0,142,60,0,1,INFORMAL,PAUSED,65,0,4
6162,17,21.7496,F,3,0,N/A,STIPostImmigrating,0,142,60,0,1,INFORMAL,NORMAL,65,3,3
6166,42,33.5262,M,1,3,local,STIPreEmigrating,0,157,26,0,0,INFORMAL,PAUSED,20,1,1
6166,42,33.5262,M,3,0,N/A,STIPostImmigrating,0,157,26,0,1,INFORMAL,PAUSED,20,3,1
6169,66,22.2489,F,3,1,local,STIPreEmigrating,0,152,28,0,1,INFORMAL,PAUSED,19,0,3
6169,66,22.2489,F,1,0,N/A,STIPostImmigrating,0,152,28,0,1,INFORMAL,PAUSED,19,0,1
6170,59,35.7997,M,2,4,local,STIPreEmigrating,0,156,9,0,0,INFORMAL,PAUSED,60,2,2
6170,59,35.7997,M,4,0,N/A,STIPostImmigrating,0,156,9,0,1,INFORMAL,PAUSED,60,4,2
6171,52,54.0586,M,3,1,local,STIPreEmigrating,0,159,4,0,0,INFORMAL,PAUSED,37,3,0
6171,16,39.4554,F,1,3,local,STIPreEmigrating,0,151,16,0,1,INFORMAL,PAUSED,40,0,1
6171,16,39.4554,F,3,0,N/A,STIPostImmigrating,0,151,16,0,1,INFORMAL,PAUSED,40,0,3
6171,52,54.0586,M,1,0,N/A,STIPostImmigrating,0,159,4,0,1,INFORMAL,PAUSED,37,1,0
6172,41,34.0195,M,4,2,local,STIPreEmigrating,0,155,54,0,0,INFORMAL,PAUSED,51,4,4
6172,41,34.0195,M,2,0,N/A,STIPostImmigrating,0,155,54,0,1,INFORMAL,PAUSED,51,2,4
6175,19,17.6426,M,2,4,local,STIPreEmigrating,0,152,28,0,1,INFORMAL,PAUSED,66,2,0
6175,19,17.6426,M,4,0,N/A,STIPostImmigrating,0,152,28,0,1,INFORMAL,PAUSED,66,4,0
6180,19,17.6563,M,4,2,local,STIPreEmigrating,0,152,28,0,1,INFORMAL,PAUSED,66,4,0
6180,19,17.6563,M,2,0,N/A,STIPostImmigrating,0,152,28,0,1,INFORMAL,PAUSED,66,2,0
6181,59,35.8299,M,4,2,local,STIPreEmigrating,0,156,9,0,1,INFORMAL,PAUSED,60,4,0
6181,46,38.2617,F,1,2,local,STIPreEmigrating,0,143,68,0,1,INFORMAL,PAUSED,55,0,1
6181,46,38.2617,F,2,0,N/A,STIPostImmigrating,0,143,68,0,1,INFORMAL,PAUSED,55,0,2
6181,59,35.8299,M,2,0,N/A,STIPostImmigrating,0,156,9,0,0,INFORMAL,NORMAL,60,2,2
6182,17,21.8044,F,3,4,local,STIPreEmigrating,0,142,69,0,1,INFORMAL,PAUSED,65,3,3
6182,38,20.7436,F,1,2,local,STIPreEmigrating,0,139,85,0,1,INFORMAL,PAUSED,62,0,1
6182,38,20.7436,F,2,0,N/A,STIPostImmigrating,0,139,85,0,1,INFORMAL,PAUSED,62,0,2
6182,17,21.8044,F,4,0,N/A,STIPostImmigrating,0,142,69,0,1,INFORMAL,PAUSED,65,3,4
6183,52,54.0915,M,1,3,local,STIPreEmigrating,0,159,4,0,1,INFORMAL,PAUSED,37,1,0
6183,52,54.0915,M,3,0,N/A,STIPostImmigrating,0,159,4,0,1,INFORMAL,PAUSED,37,3,0
6185,37,54.6929,F,2,4,local,STIPreEmigrating,0,159,4,0,1,INFORMAL,PAUSED,52,0,2
6185,37,54.6929,F,4,0,N/A,STIPostImmigrating,0,159,4,0,1,INFORMAL,PAUSED,52,0,4
6187,62,29.7187,M,4,1,local,STIPreEmigrating,0,139,85,0,1,INFORMAL,PAUSED,38,4,0
6187,52,54.1025,M,3,4,local,STIPreEmigrating,0,159,4,0,1,INFORMAL,PAUSED,37,3,0
6187,52,54.1025,M,4,0,N/A,STIPostImmigrating,0,159,4,0,1,INFORMAL,NORMAL,37,4,4
6187,62,29.7187,M,1,0,N/A,STIPostImmigrating,0,139,85,0,1,INFORMAL,PAUSED,38,1,0
6188,52,54.1052,M,4,3,local,STIPreEmigrating,0,159,4,0,1,INFORMAL,PAUSED,37,4,4
6188,52,54.1052,M,3,0,N/A,STIPostImmigrating,0,159,4,0,1,INFORMAL,PAUSED,37,3,4
6189,16,39.5048,F,3,4,local,STIPreEmigrating,0,151,16,0,1,INFORMAL,PAUSED,40,0,3
6189,62,29.7242,M,1,3,local,STIPreEmigrating,0,139,85,0,1,INFORMAL,PAUSED,38,1,0
6189,62,29.7242,M,3,0,N/A,STIPostImmigrating,0,139,85,0,1,INFORMAL,PAUSED,38,3,0
6189,16,39.5048,F,4,0,N/A,STIPostImmigrating,0,151,16,0,1,INFORMAL,PAUSED,40,0,4
6193,51,31.341,F,4,2,local,STIPreEmigrating,0,155,54,0,0,INFORMAL,PAUSED,41,0,4
6193,51,31.341,F,2,0,N/A,STIPostImmigrating,0,155,54,0,1,INFORMAL,NORMAL,41,2,2
6194,55,41.325,M,4,2,local,STIPreEmigrating,0,143,68,0,1,INFORMAL,PAUSED,46,4,0
6194,55,41.325,M,2,0,N/A,STIPostImmigrating,0,143,68,0,1,INFORMAL,NORMAL,46,2,2
6196,16,39.5239,F,4,3,local,STIPreEmigrating,0,151,16,0,1,INFORMAL,PAUSED,40,0,4
6196,16,39.5239,F,3,0,N/A,STIPostImmigrating,0,151,16,0,1,INFORMAL,PAUSED,40,0,3
6199,17,21.851,F,4,1,local,STIPreEmigrating,0,142,69,0,1,INFORMAL,PAUSED,65,0,4
6199,59,35.8792,M,2,4,local,STIPreEmigrating,0,156,14,0,0,INFORMAL,PAUSED,60,2,2
6199,59,35.8792,M,4,0,N/A,STIPostImmigrating,0,156,14,0,1,INFORMAL,PAUSED,60,4,2
6199,17,21.851,F,1,0,N/A,STIPostImmigrating,0,142,69,0,1,INFORMAL,PAUSED,65,0,1
6200,25,22.0742,F,4,2,local,STIPreEmigrating,0,123,132,0,1,INFORMAL,PAUSED,14,0,4
6200,25,22.0742,F,2,0,N/A,STIPostImmigrating,0,123,132,0,1,INFORMAL,PAUSED,14,0,2
6202,55,41.3469,M,2,4,local,STIPreEmigrating,0,143,69,0,1,INFORMAL,PAUSED,46,2,2
6202,55,41.3469,M,4,0,N/A,STIPostImmigrating,0,143,69,0,1,INFORMAL,PAUSED,46,4,2
6203,55,41.3496,M,4,2,local,STIPreEmigrating,0,143,69,0,1,INFORMAL,PAUSED,46,4,2
6203,55,41.3496,M,2,0,N/A,STIPostImmigrating,0,143,69,0,1,INFORMAL,NORMAL,46,2,2
6204,32,29.9232,F,3,4,local,STIPreEmigrating,0,147,67,0,1,INFORMAL,PAUSED,69,3,3
6204,16,39.5459,F,3,1,local,STIPreEmigrating,0,151,16,0,1,INFORMAL,PAUSED,40,0,3
6204,16,39.5459,F,1,0,N/A,STIPostImmigrating,0,151,16,0,1,INFORMAL,PAUSED,40,0,1
6204,32,29.9232,F,4,0,N/A,STIPostImmigrating,0,147,67,0,1,INFORMAL,PAUSED,69,3,4
6210,68,50.1255,M,3,4,local,STIPreEmigrating,0,161,13,0,0,INFORMAL,PAUSED,31,3,3
6210,68,50.1255,M,4,0,N/A,STIPostImmigrating,0,161,13,0,1,INFORMAL,PAUSED,31,4,3
6211,38,20.8231,F,2,1,local,STIPreEmigrating,0,139,85,0,1,INFORMAL,PAUSED,62,0,2
6211,38,20.8231,F,1,0,N/A,STIPostImmigrating,0,139,85,0,1,INFORMAL,PAUSED,62,0,1
6213,2,17.3709,F,2,1,local,STIPreEmigrating,0,160,12,0,0,INFORMAL,PAUSED,79,2,2
6213,2,17.3709,F,1,0,N/A,STIPostImmigrating,0,160,12,0,1,INFORMAL,PAUSED,79,2,1
6218,40,62.4205,M,2,3,local,STIPreEmigrating,0,151,16,0,1,INFORMAL,PAUSED,16,2,0
6218,40,62.4205,M,3,0,N/A,STIPostImmigrating,0,151,16,0,1,INFORMAL,PAUSED,16,3,0
6221,52,54.1956,M,3,1,local,STIPreEmigrating,0,159,4,0,1,INFORMAL,PAUSED,37,3,0
6221,52,54.1956,M,1,0,N/A,STIPostImmigrating,0,159,4,0,1,INFORMAL,PAUSED,37,1,0
6226,37,54.8052,F,4,3,local,STIPreEmigrating,0,159,4,0,1,INFORMAL,PAUSED,52,0,4
6226,37,54.8052,F,3,0,N/A,STIPostImmigrating,0,159,4,0,1,INFORMAL,PAUSED,52,0,3
6227,60,31.0189,F,2,3,local,STIPreEmigrating,0,156,14,0,0,INFORMAL,PAUSED,59,0,2
6227,60,31.0189,F,3,0,N/A,STIPostImmigrating,0,156,14,0,1,INFORMAL,PAUSED,59,0,3
6228,66,22.4105,F,1,3,local,STIPreEmigrating,0,152,28,0,1,INFORMAL,PAUSED,19,0,1
6228,16,39.6116,F,1,3,local,STIPreEmigrating,0,151,16,0,1,INFORMAL,PAUSED,40,0,1
6228,16,39.6116,F,3,0,N/A,STIPostImmigrating,0,151,16,0,1,INFORMAL,NORMAL,40,3,3
6228,66,22.4105,F,3,0,N/A,STIPostImmigrating,0,152,28,0,1,INFORMAL,PAUSED,19,0,3
6229,20,33.7367,F,1,3,local,STIPreEmigrating,0,157,26,0,0,INFORMAL,PAUSED,42,0,1
6229,20,33.7367,F,3,0,N/A,STIPostImmigrating,0,157,26,0,1,INFORMAL,NORMAL,42,3,3
6230,42,33.7015,M,3,1,local,STIPreEmigrating,0,157,26,0,1,INFORMAL,PAUSED,20,3,3
6230,42,33.7015,M,1,0,N/A,STIPostImmigrating,0,157,26,0,1,INFORMAL,PAUSED,20,1,3
6231,69,32.295,M,3,4,local,STIPreEmigrating,0,147,67,0,1,INFORMAL,PAUSED,32,3,0
6231,69,32.295,M,4,0,N/A,STIPostImmigrating,0,147,67,0,1,INFORMAL,NORMAL,32,4,4
6232,51,31.4478,F,2,3,local,STIPreEmigrating,0,155,67,0,1,INFORMAL,PAUSED,41,2,2
6232,51,31.4478,F,3,0,N/A,STIPostImmigrating,0,155,67,0,1,INFORMAL,PAUSED,41,2,3
6235,11,19.7384,M,2,1,local,STIPreEmigrating,0,162,4,0,0,INFORMAL,PAUSED,12,2,2
6235,11,19.7384,M,1,0,N/A,STIPostImmigrating,0,162,4,0,1,INFORMAL,PAUSED,12,1,2
6236,16,39.6335,F,3,2,local,STIPreEmigrating,0,151,18,0,1,INFORMAL,PAUSED,40,3,3
6236,51,31.4588,F,3,2,local,STIPreEmigrating,0,155,67,0,1,INFORMAL,PAUSED,41,0,3
6236,51,31.4588,F,2,0,N/A,STIPostImmigrating,0,155,67,0,1,INFORMAL,NORMAL,41,2,2
6236,16,39.6335,F,2,0,N/A,STIPostImmigrating,0,151,18,0,1,INFORMAL,PAUSED,40,3,2
6238,16,39.639,F,2,3,local,STIPreEmigrating,0,151,18,0,1,INFORMAL,PAUSED,40,0,2
6238,16,39.639,F,3,0,N/A,STIPostImmigrating,0,151,18,0,1,INFORMAL,NORMAL,40,3,3
6239,69,32.317,M,4,1,local,STIPreEmigrating,0,147,69,0,1,INFORMAL,PAUSED,32,4,4
6239,14,21.9318,M,3,1,local,STIPreEmigrating,0,123,132,0,1,INFORMAL,PAUSED,25,3,0
6239,19,17.818,M,2,3,local,STIPreEmigrating,0,152,28,0,1,INFORMAL,PAUSED,66,2,0
6239,19,17.818,M,3,0,N/A,STIPostImmigrating,0,152,28,0,1,INFORMAL,NORMAL,66,3,3
6239,14,21.9318,M,1,0,N/A,STIPostImmigrating,0,123,132,0,1,INFORMAL,PAUSED,25,1,0
6239,69,32.317,M,1,0,N/A,STIPostImmigrating,0,147,69,0,1,INFORMAL,PAUSED,32,1,4
6245,81,16.2329,F,4,3,local,STIPreEmigrating,0,154,16,0,1,INFORMAL,PAUSED,73,0,4
6245,81,16.2329,F,3,0,N/A,STIPostImmigrating,0,154,16,0,1,INFORMAL,PAUSED,73,0,3
6246,19,17.8371,M,3,2,local,STIPreEmigrating,0,152,30,0,1,INFORMAL,PAUSED,66,3,3
6246,19,17.8371,M,2,0,N/A,STIPostImmigrating,0,152,30,0,1,INFORMAL,PAUSED,66,2,3
6249,12,19.9791,F,2,3,local,STIPreEmigrating,0,162,4,0,0,INFORMAL,PAUSED,11,0,2
6249,12,19.9791,F,3,0,N/A,STIPostImmigrating,0,162,4,0,1,INFORMAL,PAUSED,11,0,3
6251,38,20.9327,F,1,2,local,STIPreEmigrating,0,139,85,0,1,INFORMAL,PAUSED,62,0,1
6251,38,20.9327,F,2,0,N/A,STIPostImmigrating,0,139,85,0,1,INFORMAL,PAUSED,62,0,2
6255,60,31.0956,F,3,2,local,STIPreEmigrating,0,156,14,0,1,INFORMAL,PAUSED,59,0,3
6255,45,20.9364,F,2,4,local,STIPreEmigrating,0,146,63,0,1,INFORMAL,PAUSED,7,2,2
6255,45,20.9364,F,4,0,N/A,STIPostImmigrating,0,146,63,0,1,INFORMAL,PAUSED,7,2,4
6255,60,31.0956,F,2,0,N/A,STIPostImmigrating,0,156,14,0,1,INFORMAL,PAUSED,59,0,2
6256,55,41.4948,M,2,4,local,STIPreEmigrating,0,143,89,0,1,INFORMAL,PAUSED,46,2,2
6256,55,41.4948,M,4,0,N/A,STIPostImmigrating,0,143,89,0,1,INFORMAL,PAUSED,46,4,2
6257,69,32.3663,M,1,4,local,STIPreEmigrating,0,147,69,0,1,INFORMAL,PAUSED,32,1,0
6257,69,32.3663,M,4,0,N/A,STIPostImmigrating,0,147,69,0,1,INFORMAL,NORMAL,32,4,4
6259,39,47.3139,M,1,2,local,STIPreEmigrating,0,145,79,0,1,INFORMAL,PAUSED,64,1,0
6259,39,47.3139,M,2,0,N/A,STIPostImmigrating,0,145,79,0,1,INFORMAL,NORMAL,64,2,2
6260,14,21.9894,M,1,3,local,STIPreEmigrating,0,123,132,0,1,INFORMAL,PAUSED,25,1,0
6260,42,33.7837,M,1,2,local,STIPreEmigrating,0,157,26,0,1,INFORMAL,PAUSED,20,1,0
6260,42,33.7837,M,2,0,N/A,STIPostImmigrating,0,157,26,0,1,INFORMAL,PAUSED,20,2,0
6260,14,21.9894,M,3,0,N/A,STIPostImmigrating,0,123,132,0,1,INFORMAL,PAUSED,25,3,0
6262,22,81.7798,M,1,4,local,STIPreEmigrating,0,164,6,0,0,INFORMAL,PAUSED,35,1,1
6262,22,81.7798,M,4,0,N/A,STIPostImmigrating,0,164,6,0,1,INFORMAL,PAUSED,35,4,1
6263,39,47.3249,M,2,3,local,STIPreEmigrating,0,145,82,0,1,INFORMAL,PAUSED,64,2,2
6263,30,47.4403,F,1,2,local,STIPreEmigrating,0,163,3,0,0,INFORMAL,PAUSED,29,1,1
6263,30,47.4403,F,2,0,N/A,STIPostImmigrating,0,163,3,0,1,INFORMAL,PAUSED,29,1,2
6263,39,47.3249,M,3,0,N/A,STIPostImmigrating,0,145,82,0,1,INFORMAL,PAUSED,64,3,2
6266,11,19.8234,M,1,2,local,STIPreEmigrating,0,162,4,0,1,INFORMAL,PAUSED,12,1,0
6266,49,46.5587,M,1,4,local,STIPreEmigrating,0,153,20,0,1,INFORMAL,PAUSED,21,1,0
6266,49,46.5587,M,4,0,N/A,STIPostImmigrating,0,153,20,0,1,INFORMAL,PAUSED,21,4,0
6266,11,19.8234,M,2,0,N/A,STIPostImmigrating,0,162,4,0,1,INFORMAL,PAUSED,12,2,0
6267,59,36.0655,M,4,2,local,STIPreEmigrating,0,156,14,0,1,INFORMAL,PAUSED,60,4,0
6267,59,36.0655,M,2,0,N/A,STIPostImmigrating,0,156,14,0,1,INFORMAL,NORMAL,60,2,2
6269,62,29.9434,M,3,1,local,STIPreEmigrating,0,139,85,0,1,INFORMAL,PAUSED,38,3,0
6269,41,34.2852,M,2,4,local,STIPreEmigrating,0,155,79,0,1,INFORMAL,PAUSED,51,2,2
6269,41,34.2852,M,4,0,N/A,STIPostImmigrating,0,155,79,0,1,INFORMAL,PAUSED,51,4,2
6269,62,29.9434,M,1,0,N/A,STIPostImmigrating,0,139,85,0,1,INFORMAL,PAUSED,38,1,0
6271,30,47.4623,F,2,1,local,STIPreEmigrating,0,163,3,0,1,INFORMAL,PAUSED,29,0,2
6271,30,47.4623,F,1,0,N/A,STIPostImmigrating,0,163,3,0,0,INFORMAL,NORMAL,29,1,1
6277,12,20.0558,F,3,2,local,STIPreEmigrating,0,162,4,0,1,INFORMAL,PAUSED,11,0,3
6277,12,20.0558,F,2,0,N/A,STIPostImmigrating,0,162,4,0,1,INFORMAL,NORMAL,11,2,2
6280,40,62.5904,M,3,4,local,STIPreEmigrating,0,151,34,0,1,INFORMAL,PAUSED,16,3,3
6280,40,62.5904,M,4,0,N/A,STIPostImmigrating,0,151,34,0,1,INFORMAL,PAUSED,16,4,3
6281,40,62.5931,M,4,3,local,STIPreEmigrating,0,151,34,0,1,INFORMAL,PAUSED,16,4,3
6281,62,29.9763,M,1,4,local,STIPreEmigrating,0,139,85,0,1,INFORMAL,PAUSED,38,1,0
6281,62,29.9763,M,4,0,N/A,STIPostImmigrating,0,139,85,0,1,INFORMAL,PAUSED,38,4,0
6281,40,62.5931,M,3,0,N/A,STIPostImmigrating,0,151,34,0,1,INFORMAL,NORMAL,16,3,3
6282,19,17.9358,M,2,1,local,STIPreEmigrating,0,152,30,0,1,INFORMAL,PAUSED,66,2,0
6282,19,17.9358,M,1,0,N/A,STIPostImmigrating,0,152,30,0,1,INFORMAL,PAUSED,66,1,0
6283,30,47.4951,F,1,2,local,STIPreEmigrating,0,163,6,0,0,INFORMAL,PAUSED,29,1,1
6283,30,47.4951,F,2,0,N/A,STIPostImmigrating,0,163,6,0,1,INFORMAL,PAUSED,29,1,2
6284,31,46.9737,F,3,2,local,STIPreEmigrating,0,161,13,0,0,INFORMAL,PAUSED,68,0,3
6284,31,46.9737,F,2,0,N/A,STIPostImmigrating,0,161,13,0,1,INFORMAL,PAUSED,68,0,2
6285,51,31.593,F,2,4,local,STIPreEmigrating,0,155,79,0,1,INFORMAL,PAUSED,41,0,2
6285,11,19.8754,M,2,4,local,STIPreEmigrating,0,162,9,0,1,INFORMAL,PAUSED,12,2,2
6285,11,19.8754,M,4,0,N/A,STIPostImmigrating,0,162,9,0,1,INFORMAL,PAUSED,12,4,2
6285,51,31.593,F,4,0,N/A,STIPostImmigrating,0,155,79,0,1,INFORMAL,NORMAL,41,4,4
6288,10,42.284,M,4,1,local,STIPreEmigrating,0,158,7,0,0,INFORMAL,PAUSED,43,4,0
6288,13,25.5953,F,3,4,local,STIPreEmigrating,0,165,14,0,0,INFORMAL,PAUSED,65,3,3
6288,13,25.5953,F,4,0,N/A,STIPostImmigrating,0,165,14,0,1,INFORMAL,PAUSED,65,3,4
6288,10,42.284,M,1,0,N/A,STIPostImmigrating,0,158,7,0,1,INFORMAL,PAUSED,43,1,0
6292,38,21.045,F,2,1,local,STIPreEmigrating,0,139,85,0,1,INFORMAL,PAUSED,62,0,2
6292,38,21.045,F,1,0,N/A,STIPostImmigrating,0,139,85,0,1,INFORMAL,PAUSED,62,0,1
6294,38,21.0505,F,1,2,local,STIPreEmigrating,0,139,85,0,1,INFORMAL,PAUSED,62,0,1
6294,38,21.0505,F,2,0,N/A,STIPostImmigrating,0,139,85,0,1,INFORMAL,PAUSED,62,0,2
6295,62,30.0146,M,4,1,local,STIPreEmigrating,0,139,85,0,1,INFORMAL,PAUSED,38,4,0
6295,62,30.0146,M,1,0,N/A,STIPostImmigrating,0,139,85,0,1,INFORMAL,PAUSED,38,1,0
6297,20,33.923,F,3,4,local,STIPreEmigrating,0,157,26,0,1,INFORMAL,PAUSED,42,0,3
6297,20,33.923,F,4,0,N/A,STIPostImmigrating,0,157,26,0,1,INFORMAL,PAUSED,42,0,4
6298,7,25.1963,M,2,3,local,STIPreEmigrating,0,146,63,0,1,INFORMAL,PAUSED,45,2,0
6298,7,25.1963,M,3,0,N/A,STIPostImmigrating,0,146,63,0,1,INFORMAL,PAUSED,45,3,0
6299,30,47.539,F,2,1,local,STIPreEmigrating,0,163,6,0,1,INFORMAL,PAUSED,29,0,2
6299,30,47.539,F,1,0,N/A,STIPostImmigrating,0,163,6,0,0,INFORMAL,NORMAL,29,1,1
6302,20,33.9367,F,4,3,local,STIPreEmigrating,0,157,26,0,1,INFORMAL,PAUSED,42,0,4
6302,20,33.9367,F,3,0,N/A,STIPostImmigrating,0,157,26,0,1,INFORMAL,PAUSED,42,0,3
6305,43,27.3895,F,3,2,local,STIPreEmigrating,0,158,7,0,1,INFORMAL,PAUSED,10,0,3
6305,43,27.3895,F,2,0,N/A,STIPostImmigrating,0,158,7,0,1,INFORMAL,PAUSED,10,0,2
6306,35,76.9903,F,1,2,local,STIPreEmigrating,0,164,6,0,0,INFORMAL,PAUSED,22,0,1
6306,35,76.9903,F,2,0,N/A,STIPostImmigrating,0,164,6,0,1,INFORMAL,PAUSED,22,0,2
6308,13,25.6501,F,4,1,local,STIPreEmigrating,0,165,14,0,1,INFORMAL,PAUSED,65,0,4
6308,13,25.6501,F,1,0,N/A,STIPostImmigrating,0,165,14,0,1,INFORMAL,PAUSED,65,0,1
6310,38,21.0943,F,2,1,local,STIPreEmigrating,0,139,85,0,1,INFORMAL,PAUSED,62,0,2
6310,38,21.0943,F,1,0,N/A,STIPostImmigrating,0,139,85,0,1,INFORMAL,NORMAL,62,1,1
6315,35,77.015,F,2,1,local,STIPreEmigrating,0,164,6,0,1,INFORMAL,PAUSED,22,0,2
6315,35,77.015,F,1,0,N/A,STIPostImmigrating,0,164,6,0,1,INFORMAL,PAUSED,22,0,1
6320,52,54.4669,M,1,3,local,STIPreEmigrating,0,159,4,0,1,INFORMAL,PAUSED,37,1,0
6320,52,54.4669,M,3,0,N/A,STIPostImmigrating,0,159,4,0,1,INFORMAL,NORMAL,37,3,3
6322,12,20.1791,F,2,3,local,STIPreEmigrating,0,162,9,0,1,INFORMAL,PAUSED,11,0,2
6322,12,20.1791,F,3,0,N/A,STIPostImmigrating,0,162,9,0,1,INFORMAL,PAUSED,11,0,3
6323,81,16.4466,F,3,4,local,STIPreEmigrating,0,154,16,0,1,INFORMAL,PAUSED,73,0,3
6323,81,16.4466,F,4,0,N/A,STIPostImmigrating,0,154,16,0,1,INFORMAL,PAUSED,73,0,4
6324,2,17.675,F,1,4,local,STIPreEmigrating,0,160,12,0,1,INFORMAL,PAUSED,79,0,1
6324,2,17.675,F,4,0,N/A,STIPostImmigrating,0,160,12,0,1,INFORMAL,PAUSED,79,0,4
6325,31,47.0861,F,2,1,local,STIPreEmigrating,0,161,13,0,1,INFORMAL,PAUSED,68,0,2
6325,31,47.0861,F,1,0,N/A,STIPostImmigrating,0,161,13,0,1,INFORMAL,PAUSED,68,0,1
6329,41,34.4496,M,4,1,local,STIPreEmigrating,0,155,96,0,1,INFORMAL,PAUSED,51,4,4
6329,41,34.4496,M,1,0,N/A,STIPostImmigrating,0,155,96,0,1,INFORMAL,PAUSED,51,1,4
6332,68,50.4598,M,4,3,local,STIPreEmigrating,0,161,13,0,1,INFORMAL,PAUSED,31,4,0
6332,68,50.4598,M,3,0,N/A,STIPostImmigrating,0,161,13,0,1,INFORMAL,PAUSED,31,3,0
6334,7,25.2949,M,3,2,local,STIPreEmigrating,0,167,3,0,0,INFORMAL,PAUSED,77,3,3
6334,7,25.2949,M,2,0,N/A,STIPostImmigrating,0,167,3,0,1,INFORMAL,PAUSED,77,2,3
6335,7,25.2976,M,2,1,local,STIPreEmigrating,0,167,3,0,1,INFORMAL,PAUSED,77,2,3
6335,7,25.2976,M,1,0,N/A,STIPostImmigrating,0,167,3,0,1,INFORMAL,PAUSED,77,1,3
6338,43,27.4799,F,2,1,local,STIPreEmigrating,0,158,7,0,1,INFORMAL,PAUSED,10,0,2
6338,43,27.4799,F,1,0,N/A,STIPostImmigrating,0,158,7,0,1,INFORMAL,NORMAL,10,1,1
6340,7,25.3113,M,1,2,local,STIPreEmigrating,0,167,3,0,1,INFORMAL,PAUSED,77,1,0
6340,7,25.3113,M,2,0,N/A,STIPostImmigrating,0,167,3,0,1,INFORMAL,PAUSED,77,2,0
6342,32,30.3013,F,4,3,local,STIPreEmigrating,0,147,96,0,1,INFORMAL,PAUSED,69,4,4
6342,81,16.4986,F,4,1,local,STIPreEmigrating,0,154,16,0,1,INFORMAL,PAUSED,73,0,4
6342,81,16.4986,F,1,0,N/A,STIPostImmigrating,0,154,16,0,1,INFORMAL,NORMAL,73,1,1
6342,32,30.3013,F,3,0,N/A,STIPostImmigrating,0,147,96,0,1,INFORMAL,PAUSED,69,4,3
6344,16,39.9294,F,3,2,local,STIPreEmigrating,0,151,53,0,1,INFORMAL,PAUSED,40,3,3
6344,66,22.7283,F,3,1,local,STIPreEmigrating,0,152,30,0,1,INFORMAL,PAUSED,19,0,3
6344,66,22.7283,F,1,0,N/A,STIPostImmigrating,0,152,30,0,1,INFORMAL,NORMAL,19,1,1
6344,16,39.9294,F,2,0,N/A,STIPostImmigrating,0,151,53,0,1,INFORMAL,PAUSED,40,3,2
6346,32,30.3123,F,3,1,local,STIPreEmigrating,0,147,96,0,1,INFORMAL,PAUSED,69,0,3
6346,32,30.3123,F,1,0,N/A,STIPostImmigrating,0,147,96,0,1,INFORMAL,PAUSED,69,0,1
6349,14,22.2332,M,3,1,local,STIPreEmigrating,0,166,19,0,0,INFORMAL,PAUSED,9,3,3
6349,19,18.1193,M,1,2,local,STIPreEmigrating,0,152,31,0,1,INFORMAL,PAUSED,66,1,1
6349,19,18.1193,M,2,0,N/A,STIPostImmigrating,0,152,31,0,1,INFORMAL,PAUSED,66,2,1
6349,14,22.2332,M,1,0,N/A,STIPostImmigrating,0,166,19,0,1,INFORMAL,PAUSED,9,1,3
6350,12,20.2558,F,3,4,local,STIPreEmigrating,0,162,9,0,1,INFORMAL,PAUSED,11,0,3
6350,12,20.2558,F,4,0,N/A,STIPostImmigrating,0,162,9,0,1,INFORMAL,NORMAL,11,4,4
6351,12,20.2586,F,4,3,local,STIPreEmigrating,0,162,9,0,1,INFORMAL,PAUSED,11,4,4
6351,12,20.2586,F,3,0,N/A,STIPostImmigrating,0,162,9,0,1,INFORMAL,PAUSED,11,4,3
6353,11,20.0617,M,4,2,local,STIPreEmigrating,0,162,9,0,1,INFORMAL,PAUSED,12,4,0
6353,7,25.347,M,2,3,local,STIPreEmigrating,0,167,3,0,1,INFORMAL,PAUSED,77,2,0
6353,7,25.347,M,3,0,N/A,STIPostImmigrating,0,167,3,0,0,INFORMAL,NORMAL,77,3,3
6353,11,20.0617,M,2,0,N/A,STIPostImmigrating,0,162,9,0,1,INFORMAL,PAUSED,12,2,0
6358,29,47.9025,M,1,4,local,STIPreEmigrating,0,163,17,0,0,INFORMAL,PAUSED,30,1,1
6358,29,47.9025,M,4,0,N/A,STIPostImmigrating,0,163,17,0,1,INFORMAL,PAUSED,30,4,1
6362,49,46.8217,M,4,2,local,STIPreEmigrating,0,153,20,0,1,INFORMAL,PAUSED,21,4,0
6362,49,46.8217,M,2,0,N/A,STIPostImmigrating,0,153,20,0,0,INFORMAL,NORMAL,21,2,2
6363,23,41.8475,F,2,3,local,STIPreEmigrating,0,168,3,0,0,INFORMAL,PAUSED,55,2,2
6363,23,41.8475,F,3,0,N/A,STIPostImmigrating,0,168,3,0,1,INFORMAL,PAUSED,55,2,3
6367,40,62.8288,M,3,1,local,STIPreEmigrating,0,151,53,0,1,INFORMAL,PAUSED,16,3,0
6367,40,62.8288,M,1,0,N/A,STIPostImmigrating,0,151,53,0,1,INFORMAL,PAUSED,16,1,0
6373,10,42.5169,M,1,2,local,STIPreEmigrating,0,158,19,0,1,INFORMAL,PAUSED,43,1,1
6373,10,42.5169,M,2,0,N/A,STIPostImmigrating,0,158,19,0,1,INFORMAL,PAUSED,43,2,1
6374,11,20.1193,M,2,4,local,STIPreEmigrating,0,162,9,0,1,INFORMAL,PAUSED,12,2,0
6374,11,20.1193,M,4,0,N/A,STIPostImmigrating,0,162,9,0,1,INFORMAL,PAUSED,12,4,0
6381,29,47.9655,M,4,3,local,STIPreEmigrating,0,163,17,0,1,INFORMAL,PAUSED,30,4,0
6381,32,30.4082,F,1,3,local,STIPreEmigrating,0,147,96,0,1,INFORMAL,PAUSED,69,0,1
6381,32,30.4082,F,3,0,N/A,STIPostImmigrating,0,147,96,0,1,INFORMAL,PAUSED,69,0,3
6381,29,47.9655,M,3,0,N/A,STIPostImmigrating,0,163,17,0,1,INFORMAL,PAUSED,30,3,0
6382,39,47.6509,M,3,2,local,STIPreEmigrating,0,145,82,0,1,INFORMAL,PAUSED,64,3,0
6382,14,22.3236,M,1,3,local,STIPreEmigrating,0,166,19,0,1,INFORMAL,PAUSED,9,1,0
6382,14,22.3236,M,3,0,N/A,STIPostImmigrating,0,166,19,0,0,INFORMAL,NORMAL,9,3,3
6382,39,47.6509,M,2,0,N/A,STIPostImmigrating,0,145,82,0,1,INFORMAL,NORMAL,64,2,2
6387,77,17.4055,F,3,4,local,STIPreEmigrating,0,167,17,0,0,INFORMAL,PAUSED,7,3,3
6387,81,16.6219,F,1,4,local,STIPreEmigrating,0,154,30,0,1,INFORMAL,PAUSED,73,1,1
6387,81,16.6219,F,4,0,N/A,STIPostImmigrating,0,154,30,0,1,INFORMAL,PAUSED,73,1,4
6387,77,17.4055,F,4,0,N/A,STIPostImmigrating,0,167,17,0,1,INFORMAL,PAUSED,7,3,4
6388,79,15.9151,M,2,4,local,STIPreEmigrating,0,160,12,0,0,INFORMAL,PAUSED,2,2,0
6388,79,15.9151,M,4,0,N/A,STIPostImmigrating,0,160,12,0,1,INFORMAL,NORMAL,2,4,4
6389,73,17.474,M,1,4,local,STIPreEmigrating,0,154,30,0,1,INFORMAL,PAUSED,81,1,0
6389,73,17.474,M,4,0,N/A,STIPostImmigrating,0,154,30,0,1,INFORMAL,NORMAL,81,4,4
6392,38,21.319,F,1,4,local,STIPreEmigrating,0,139,119,0,1,INFORMAL,PAUSED,62,1,1
6392,38,21.319,F,4,0,N/A,STIPostImmigrating,0,139,119,0,1,INFORMAL,PAUSED,62,1,4
6394,39,47.6838,M,2,3,local,STIPreEmigrating,0,145,84,0,1,INFORMAL,PAUSED,64,2,2
6394,39,47.6838,M,3,0,N/A,STIPostImmigrating,0,145,84,0,1,INFORMAL,PAUSED,64,3,2
6397,43,27.6416,F,1,2,local,STIPreEmigrating,0,158,19,0,1,INFORMAL,PAUSED,10,0,1
6397,43,27.6416,F,2,0,N/A,STIPostImmigrating,0,158,19,0,1,INFORMAL,NORMAL,10,2,2
6402,29,48.023,M,3,4,local,STIPreEmigrating,0,163,17,0,1,INFORMAL,PAUSED,30,3,0
6402,29,48.023,M,4,0,N/A,STIPostImmigrating,0,163,17,0,1,INFORMAL,PAUSED,30,4,0
6404,68,50.657,M,3,2,local,STIPreEmigrating,0,161,13,0,1,INFORMAL,PAUSED,31,3,0
6404,68,50.657,M,2,0,N/A,STIPostImmigrating,0,161,13,0,1,INFORMAL,PAUSED,31,2,0
6405,39,47.7139,M,3,2,local,STIPreEmigrating,0,145,84,0,1,INFORMAL,PAUSED,64,3,0
6405,41,34.6578,M,1,4,local,STIPreEmigrating,0,155,96,0,1,INFORMAL,PAUSED,51,1,0
6405,41,34.6578,M,4,0,N/A,STIPostImmigrating,0,155,96,0,1,INFORMAL,NORMAL,51,4,4
6405,39,47.7139,M,2,0,N/A,STIPostImmigrating,0,145,84,0,1,INFORMAL,NORMAL,64,2,2
6406,19,18.2755,M,2,4,local,STIPreEmigrating,0,152,31,0,1,INFORMAL,PAUSED,66,2,0
6406,59,36.4463,M,2,1,local,STIPreEmigrating,0,156,61,0,1,INFORMAL,PAUSED,60,2,2
6406,66,22.8982,F,1,4,local,STIPreEmigrating,0,152,31,0,1,INFORMAL,PAUSED,19,0,1
6406,66,22.8982,F,4,0,N/A,STIPostImmigrating,0,152,31,0,1,INFORMAL,PAUSED,19,0,4
6406,59,36.4463,M,1,0,N/A,STIPostImmigrating,0,156,61,0,1,INFORMAL,PAUSED,60,1,2
6406,19,18.2755,M,4,0,N/A,STIPostImmigrating,0,152,31,0,1,INFORMAL,NORMAL,66,4,4
6407,32,30.4794,F,3,2,local,STIPreEmigrating,0,147,96,0,1,INFORMAL,PAUSED,69,0,3
6407,32,30.4794,F,2,0,N/A,STIPostImmigrating,0,147,96,0,1,INFORMAL,PAUSED,69,0,2
6411,68,50.6762,M,2,3,local,STIPreEmigrating,0,161,13,0,1,INFORMAL,PAUSED,31,2,0
6411,68,50.6762,M,3,0,N/A,STIPostImmigrating,0,161,13,0,1,INFORMAL,PAUSED,31,3,0
6414,69,32.7964,M,4,2,local,STIPreEmigrating,0,147,96,0,1,INFORMAL,PAUSED,32,4,0
6414,69,32.7964,M,2,0,N/A,STIPostImmigrating,0,147,96,0,1,INFORMAL,NORMAL,32,2,2
6416,81,16.7014,F,4,2,local,STIPreEmigrating,0,154,42,0,1,INFORMAL,PAUSED,73,4,4
6416,77,17.4849,F,4,2,local,STIPreEmigrating,0,167,17,0,1,INFORMAL,PAUSED,7,0,4
6416,29,48.0614,M,4,2,local,STIPreEmigrating,0,163,17,0,1,INFORMAL,PAUSED,30,4,0
6416,29,48.0614,M,2,0,N/A,STIPostImmigrating,0,163,17,0,1,INFORMAL,PAUSED,30,2,0
6416,77,17.4849,F,2,0,N/A,STIPostImmigrating,0,167,17,0,1,INFORMAL,PAUSED,7,0,2
6416,81,16.7014,F,2,0,N/A,STIPostImmigrating,0,154,42,0,1,INFORMAL,PAUSED,73,4,2
6419,73,17.5562,M,4,1,local,STIPreEmigrating,0,154,42,0,1,INFORMAL,PAUSED,81,4,0
6419,81,16.7096,F,2,4,local,STIPreEmigrating,0,154,42,0,1,INFORMAL,PAUSED,73,0,2
6419,81,16.7096,F,4,0,N/A,STIPostImmigrating,0,154,42,0,1,INFORMAL,PAUSED,73,0,4
6419,73,17.5562,M,1,0,N/A,STIPostImmigrating,0,154,42,0,1,INFORMAL,PAUSED,81,1,0
6426,55,41.9606,M,2,4,local,STIPreEmigrating,0,168,3,0,0,INFORMAL,PAUSED,23,2,0
6426,55,41.9606,M,4,0,N/A,STIPostImmigrating,0,168,3,0,1,INFORMAL,PAUSED,23,4,0
6427,39,47.7742,M,2,4,local,STIPreEmigrating,0,145,91,0,1,INFORMAL,PAUSED,64,2,2
6427,39,47.7742,M,4,0,N/A,STIPostImmigrating,0,145,91,0,1,INFORMAL,PAUSED,64,4,2
6429,41,34.7236,M,4,2,local,STIPreEmigrating,0,155,105,0,1,INFORMAL,PAUSED,51,4,4
6429,37,55.3613,F,3,4,local,STIPreEmigrating,0,159,40,0,1,INFORMAL,PAUSED,52,3,3
6429,37,55.3613,F,4,0,N/A,STIPostImmigrating,0,159,40,0,1,INFORMAL,PAUSED,52,3,4
6429,41,34.7236,M,2,0,N/A,STIPostImmigrating,0,155,105,0,1,INFORMAL,PAUSED,51,2,4
6431,2,17.9682,F,4,1,local,STIPreEmigrating,0,160,25,0,1,INFORMAL,PAUSED,79,4,4
6431,69,32.843,M,2,4,local,STIPreEmigrating,0,147,98,0,1,INFORMAL,PAUSED,32,2,2
6431,69,32.843,M,4,0,N/A,STIPostImmigrating,0,147,98,0,1,INFORMAL,PAUSED,32,4,2
6431,2,17.9682,F,1,0,N/A,STIPostImmigrating,0,160,25,0,1,INFORMAL,PAUSED,79,4,1
6435,14,22.4688,M,3,1,local,STIPreEmigrating,0,166,33,0,0,INFORMAL,PAUSED,9,3,3
6435,52,54.7819,M,3,2,local,STIPreEmigrating,0,159,40,0,1,INFORMAL,PAUSED,37,3,0
6435,52,54.7819,M,2,0,N/A,STIPostImmigrating,0,159,40,0,1,INFORMAL,PAUSED,37,2,0
6435,14,22.4688,M,1,0,N/A,STIPostImmigrating,0,166,33,0,1,INFORMAL,PAUSED,9,1,3
6445,31,47.4148,F,1,2,local,STIPreEmigrating,0,161,13,0,1,INFORMAL,PAUSED,68,0,1
6445,31,47.4148,F,2,0,N/A,STIPostImmigrating,0,161,13,0,1,INFORMAL,PAUSED,68,0,2
6446,62,30.4283,M,1,4,local,STIPreEmigrating,0,139,119,0,1,INFORMAL,PAUSED,38,1,0
6446,62,30.4283,M,4,0,N/A,STIPostImmigrating,0,139,119,0,1,INFORMAL,NORMAL,38,4,4
6450,13,26.0392,F,1,4,local,STIPreEmigrating,0,165,14,0,1,INFORMAL,PAUSED,65,0,1
6450,13,26.0392,F,4,0,N/A,STIPostImmigrating,0,165,14,0,1,INFORMAL,PAUSED,65,0,4
6451,41,34.7839,M,2,4,local,STIPreEmigrating,0,155,105,0,1,INFORMAL,PAUSED,51,2,0
6451,41,34.7839,M,4,0,N/A,STIPostImmigrating,0,155,105,0,1,INFORMAL,NORMAL,51,4,4
6452,11,20.333,M,4,2,local,STIPreEmigrating,0,162,9,0,1,INFORMAL,PAUSED,12,4,0
6452,11,20.333,M,2,0,N/A,STIPostImmigrating,0,162,9,0,1,INFORMAL,PAUSED,12,2,0
6453,11,20.3357,M,2,1,local,STIPreEmigrating,0,162,9,0,1,INFORMAL,PAUSED,12,2,0
6453,11,20.3357,M,1,0,N/A,STIPostImmigrating,0,162,9,0,1,INFORMAL,PAUSED,12,1,0
6456,77,17.5945,F,2,4,local,STIPreEmigrating,0,167,17,0,1,INFORMAL,PAUSED,7,0,2
6456,77,17.5945,F,4,0,N/A,STIPostImmigrating,0,167,17,0,1,INFORMAL,PAUSED,7,0,4
6457,37,55.4381,F,4,2,local,STIPreEmigrating,0,159,40,0,1,INFORMAL,PAUSED,52,0,4
6457,37,55.4381,F,2,0,N/A,STIPostImmigrating,0,159,40,0,1,INFORMAL,NORMAL,52,2,2
6459,68,50.8077,M,3,2,local,STIPreEmigrating,0,161,13,0,1,INFORMAL,PAUSED,31,3,0
6459,68,50.8077,M,2,0,N/A,STIPostImmigrating,0,161,13,0,1,INFORMAL,NORMAL,31,2,2
6461,23,42.116,F,3,2,local,STIPreEmigrating,0,168,3,0,1,INFORMAL,PAUSED,55,0,3
6461,23,42.116,F,2,0,N/A,STIPostImmigrating,0,168,3,0,1,INFORMAL,PAUSED,55,0,2
6462,16,40.2527,F,2,3,local,STIPreEmigrating,0,151,53,0,1,INFORMAL,PAUSED,40,0,2
6462,16,40.2527,F,3,0,N/A,STIPostImmigrating,0,151,53,0,1,INFORMAL,PAUSED,40,0,3
6463,31,47.4641,F,2,4,local,STIPreEmigrating,0,161,15,0,1,INFORMAL,PAUSED,68,2,2
6463,31,47.4641,F,4,0,N/A,STIPostImmigrating,0,161,15,0,1,INFORMAL,PAUSED,68,2,4
6464,10,42.7662,M,2,1,local,STIPreEmigrating,0,158,43,0,1,INFORMAL,PAUSED,43,2,2
6464,10,42.7662,M,1,0,N/A,STIPostImmigrating,0,158,43,0,1,INFORMAL,PAUSED,43,1,2
6466,77,17.6219,F,4,3,local,STIPreEmigrating,0,167,17,0,1,INFORMAL,PAUSED,7,0,4
6466,77,17.6219,F,3,0,N/A,STIPostImmigrating,0,167,17,0,0,INFORMAL,NORMAL,7,3,3
6482,37,55.5065,F,2,4,local,STIPreEmigrating,0,159,53,0,1,INFORMAL,PAUSED,52,2,2
6482,37,55.5065,F,4,0,N/A,STIPostImmigrating,0,159,53,0,1,INFORMAL,PAUSED,52,2,4
6485,31,47.5244,F,4,2,local,STIPreEmigrating,0,161,15,0,1,INFORMAL,PAUSED,68,0,4
6485,31,47.5244,F,2,0,N/A,STIPostImmigrating,0,161,15,0,1,INFORMAL,NORMAL,68,2,2
6487,23,42.1872,F,2,1,local,STIPreEmigrating,0,168,3,0,1,INFORMAL,PAUSED,55,0,2
6487,23,42.1872,F,1,0,N/A,STIPostImmigrating,0,168,3,0,1,INFORMAL,PAUSED,55,0,1
6488,16,40.3239,F,3,1,local,STIPreEmigrating,0,151,53,0,1,INFORMAL,PAUSED,40,0,3
6488,16,40.3239,F,1,0,N/A,STIPostImmigrating,0,151,53,0,1,INFORMAL,NORMAL,40,1,1
6490,16,40.3294,F,1,3,local,STIPreEmigrating,0,151,53,0,1,INFORMAL,PAUSED,40,1,1
6490,16,40.3294,F,3,0,N/A,STIPostImmigrating,0,151,53,0,1,INFORMAL,PAUSED,40,1,3
6491,73,17.7534,M,1,4,local,STIPreEmigrating,0,170,22,0,0,INFORMAL,PAUSED,75,1,1
6491,73,17.7534,M,4,0,N/A,STIPostImmigrating,0,170,22,0,1,INFORMAL,PAUSED,75,4,1
6495,75,16.3534,F,1,2,local,STIPreEmigrating,0,170,22,0,0,INFORMAL,PAUSED,73,0,1
6495,75,16.3534,F,2,0,N/A,STIPostImmigrating,0,170,22,0,1,INFORMAL,PAUSED,73,0,2
6498,2,18.1517,F,1,2,local,STIPreEmigrating,0,160,25,0,1,INFORMAL,PAUSED,79,0,1
6498,2,18.1517,F,2,0,N/A,STIPostImmigrating,0,160,25,0,1,INFORMAL,PAUSED,79,0,2
6500,75,16.3671,F,2,1,local,STIPreEmigrating,0,170,22,0,1,INFORMAL,PAUSED,73,0,2
6500,75,16.3671,F,1,0,N/A,STIPostImmigrating,0,170,22,0,1,INFORMAL,PAUSED,73,0,1
6501,10,42.8676,M,1,2,local,STIPreEmigrating,0,158,43,0,1,INFORMAL,PAUSED,43,1,0
6501,10,42.8676,M,2,0,N/A,STIPostImmigrating,0,158,43,0,1,INFORMAL,NORMAL,43,2,2
6502,7,25.7552,M,3,2,local,STIPreEmigrating,0,167,29,0,0,INFORMAL,PAUSED,77,3,3
6502,45,21.6131,F,2,4,local,STIPreEmigrating,0,169,46,0,0,INFORMAL,PAUSED,42,2,2
6502,45,21.6131,F,4,0,N/A,STIPostImmigrating,0,169,46,0,1,INFORMAL,PAUSED,42,2,4
6502,7,25.7552,M,2,0,N/A,STIPostImmigrating,0,167,29,0,1,INFORMAL,PAUSED,77,2,3
6503,41,34.9263,M,4,2,local,STIPreEmigrating,0,155,124,0,1,INFORMAL,PAUSED,51,4,4
6503,43,27.932,F,2,3,local,STIPreEmigrating,0,158,43,0,1,INFORMAL,PAUSED,10,2,2
6503,43,27.932,F,3,0,N/A,STIPostImmigrating,0,158,43,0,1,INFORMAL,PAUSED,10,2,3
6503,41,34.9263,M,2,0,N/A,STIPostImmigrating,0,155,124,0,1,INFORMAL,PAUSED,51,2,4
6504,51,32.193,F,4,2,local,STIPreEmigrating,0,155,124,0,1,INFORMAL,PAUSED,41,0,4
6504,7,25.7607,M,2,4,local,STIPreEmigrating,0,167,29,0,1,INFORMAL,PAUSED,77,2,0
6504,7,25.7607,M,4,0,N/A,STIPostImmigrating,0,167,29,0,1,INFORMAL,PAUSED,77,4,0
6504,51,32.193,F,2,0,N/A,STIPostImmigrating,0,155,124,0,1,INFORMAL,NORMAL,41,2,2
6507,2,18.1764,F,2,1,local,STIPreEmigrating,0,160,25,0,1,INFORMAL,PAUSED,79,0,2
6507,2,18.1764,F,1,0,N/A,STIPostImmigrating,0,160,25,0,1,INFORMAL,PAUSED,79,0,1
6508,29,48.3134,M,2,4,local,STIPreEmigrating,0,171,22,0,0,INFORMAL,PAUSED,27,2,2
6508,29,48.3134,M,4,0,N/A,STIPostImmigrating,0,171,22,0,1,INFORMAL,PAUSED,27,4,2
6509,27,46.9997,F,2,4,local,STIPreEmigrating,0,171,22,0,0,INFORMAL,PAUSED,29,0,2
6509,27,46.9997,F,4,0,N/A,STIPostImmigrating,0,171,22,0,1,INFORMAL,NORMAL,29,4,4
6510,22,82.4592,M,4,1,local,STIPreEmigrating,0,164,6,0,1,INFORMAL,PAUSED,35,4,0
6510,22,82.4592,M,1,0,N/A,STIPostImmigrating,0,164,6,0,1,INFORMAL,NORMAL,35,1,1
6512,55,42.1962,M,4,2,local,STIPreEmigrating,0,168,3,0,1,INFORMAL,PAUSED,23,4,0
6512,64,32.7071,F,2,3,local,STIPreEmigrating,0,145,91,0,1,INFORMAL,PAUSED,39,0,2
6512,64,32.7071,F,3,0,N/A,STIPostImmigrating,0,145,91,0,1,INFORMAL,PAUSED,39,0,3
6512,55,42.1962,M,2,0,N/A,STIPostImmigrating,0,168,3,0,1,INFORMAL,PAUSED,23,2,0
6513,14,22.6825,M,1,4,local,STIPreEmigrating,0,166,33,0,1,INFORMAL,PAUSED,9,1,0
6513,14,22.6825,M,4,0,N/A,STIPostImmigrating,0,166,33,0,1,INFORMAL,PAUSED,9,4,0
6515,27,47.0161,F,4,2,local,STIPreEmigrating,0,171,23,0,1,INFORMAL,PAUSED,29,4,4
6515,27,47.0161,F,2,0,N/A,STIPostImmigrating,0,171,23,0,1,INFORMAL,PAUSED,29,4,2
6522,64,32.7345,F,3,4,local,STIPreEmigrating,0,145,91,0,1,INFORMAL,PAUSED,39,0,3
6522,11,20.5247,M,1,2,local,STIPreEmigrating,0,162,9,0,1,INFORMAL,PAUSED,12,1,0
6522,22,82.4921,M,1,3,local,STIPreEmigrating,0,164,8,0,1,INFORMAL,PAUSED,35,1,1
6522,22,82.4921,M,3,0,N/A,STIPostImmigrating,0,164,8,0,1,INFORMAL,PAUSED,35,3,1
6522,11,20.5247,M,2,0,N/A,STIPostImmigrating,0,162,9,0,1,INFORMAL,PAUSED,12,2,0
6522,64,32.7345,F,4,0,N/A,STIPostImmigrating,0,145,91,0,1,INFORMAL,NORMAL,39,4,4
6525,37,55.6244,F,4,3,local,STIPreEmigrating,0,159,53,0,1,INFORMAL,PAUSED,52,0,4
6525,37,55.6244,F,3,0,N/A,STIPostImmigrating,0,159,53,0,1,INFORMAL,PAUSED,52,0,3
6526,75,16.4384,F,1,2,local,STIPreEmigrating,0,170,22,0,1,INFORMAL,PAUSED,73,0,1
6526,75,16.4384,F,2,0,N/A,STIPostImmigrating,0,170,22,0,1,INFORMAL,PAUSED,73,0,2
6527,73,17.8521,M,4,3,local,STIPreEmigrating,0,170,22,0,1,INFORMAL,PAUSED,75,4,0
6527,73,17.8521,M,3,0,N/A,STIPostImmigrating,0,170,22,0,1,INFORMAL,PAUSED,75,3,0
6528,14,22.7236,M,4,1,local,STIPreEmigrating,0,166,33,0,1,INFORMAL,PAUSED,9,4,0
6528,14,22.7236,M,1,0,N/A,STIPostImmigrating,0,166,33,0,1,INFORMAL,PAUSED,9,1,0
6529,14,22.7264,M,1,2,local,STIPreEmigrating,0,166,33,0,1,INFORMAL,PAUSED,9,1,0
6529,14,22.7264,M,2,0,N/A,STIPostImmigrating,0,166,33,0,1,INFORMAL,PAUSED,9,2,0
6534,55,42.2565,M,2,3,local,STIPreEmigrating,0,168,3,0,1,INFORMAL,PAUSED,23,2,0
6534,55,42.2565,M,3,0,N/A,STIPostImmigrating,0,168,3,0,1,INFORMAL,PAUSED,23,3,0
6536,22,82.5305,M,3,1,local,STIPreEmigrating,0,164,8,0,1,INFORMAL,PAUSED,35,3,0
6536,43,28.0224,F,3,2,local,STIPreEmigrating,0,158,43,0,1,INFORMAL,PAUSED,10,0,3
6536,14,22.7455,M,2,1,local,STIPreEmigrating,0,166,33,0,1,INFORMAL,PAUSED,9,2,0
6536,14,22.7455,M,1,0,N/A,STIPostImmigrating,0,166,33,0,1,INFORMAL,PAUSED,9,1,0
6536,43,28.0224,F,2,0,N/A,STIPostImmigrating,0,158,43,0,1,INFORMAL,NORMAL,10,2,2
6536,22,82.5305,M,1,0,N/A,STIPostImmigrating,0,164,8,0,1,INFORMAL,NORMAL,35,1,1
6538,29,48.3956,M,4,2,local,STIPreEmigrating,0,171,23,0,1,INFORMAL,PAUSED,27,4,0
6538,29,48.3956,M,2,0,N/A,STIPostImmigrating,0,171,23,0,1,INFORMAL,NORMAL,27,2,2
6541,64,32.7866,F,4,3,local,STIPreEmigrating,0,145,96,0,1,INFORMAL,PAUSED,39,4,4
6541,72,16.9425,F,4,3,local,STIPreEmigrating,0,172,3,0,0,INFORMAL,PAUSED,19,4,4
6541,72,16.9425,F,3,0,N/A,STIPostImmigrating,0,172,3,0,1,INFORMAL,PAUSED,19,4,3
6541,64,32.7866,F,3,0,N/A,STIPostImmigrating,0,145,96,0,1,INFORMAL,PAUSED,39,4,3
6542,23,42.3379,F,1,2,local,STIPreEmigrating,0,168,3,0,1,INFORMAL,PAUSED,55,0,1
6542,23,42.3379,F,2,0,N/A,STIPostImmigrating,0,168,3,0,1,INFORMAL,PAUSED,55,0,2
6543,2,18.275,F,1,3,local,STIPreEmigrating,0,160,25,0,1,INFORMAL,PAUSED,79,0,1
6543,2,18.275,F,3,0,N/A,STIPostImmigrating,0,160,25,0,1,INFORMAL,PAUSED,79,0,3
6545,12,20.7901,F,3,2,local,STIPreEmigrating,0,162,9,0,1,INFORMAL,PAUSED,11,0,3
6545,12,20.7901,F,2,0,N/A,STIPostImmigrating,0,162,9,0,1,INFORMAL,NORMAL,11,2,2
6549,43,28.058,F,2,1,local,STIPreEmigrating,0,158,49,0,1,INFORMAL,PAUSED,10,2,2
6549,43,28.058,F,1,0,N/A,STIPostImmigrating,0,158,49,0,1,INFORMAL,PAUSED,10,2,1
6554,16,40.5048,F,3,2,local,STIPreEmigrating,0,151,53,0,1,INFORMAL,PAUSED,40,0,3
6554,21,44.4264,F,2,4,local,STIPreEmigrating,0,153,81,0,0,INFORMAL,PAUSED,49,2,2
6554,21,44.4264,F,4,0,N/A,STIPostImmigrating,0,153,81,0,1,INFORMAL,PAUSED,49,2,4
6554,16,40.5048,F,2,0,N/A,STIPostImmigrating,0,151,53,0,1,INFORMAL,PAUSED,40,0,2
6559,69,33.1937,M,4,2,local,STIPreEmigrating,0,173,7,0,0,INFORMAL,PAUSED,85,4,4
6559,69,33.1937,M,2,0,N/A,STIPostImmigrating,0,173,7,0,1,INFORMAL,PAUSED,85,2,4
6561,64,32.8414,F,3,1,local,STIPreEmigrating,0,145,96,0,1,INFORMAL,PAUSED,39,0,3
6561,64,32.8414,F,1,0,N/A,STIPostImmigrating,0,145,96,0,1,INFORMAL,PAUSED,39,0,1
6562,22,82.6017,M,1,3,local,STIPreEmigrating,0,164,14,0,1,INFORMAL,PAUSED,35,1,1
6562,22,82.6017,M,3,0,N/A,STIPostImmigrating,0,164,14,0,1,INFORMAL,PAUSED,35,3,1
6564,14,22.8222,M,1,2,local,STIPreEmigrating,0,166,33,0,1,INFORMAL,PAUSED,9,1,0
6564,14,22.8222,M,2,0,N/A,STIPostImmigrating,0,166,33,0,1,INFORMAL,PAUSED,9,2,0
6565,45,21.7857,F,4,3,local,STIPreEmigrating,0,169,46,0,1,INFORMAL,PAUSED,42,0,4
6565,45,21.7857,F,3,0,N/A,STIPostImmigrating,0,169,46,0,1,INFORMAL,PAUSED,42,0,3
6567,21,44.462,F,4,1,local,STIPreEmigrating,0,153,81,0,1,INFORMAL,PAUSED,49,0,4
6567,21,44.462,F,1,0,N/A,STIPostImmigrating,0,153,81,0,1,INFORMAL,PAUSED,49,0,1
6568,55,42.3496,M,3,2,local,STIPreEmigrating,0,168,3,0,1,INFORMAL,PAUSED,23,3,0
6568,55,42.3496,M,2,0,N/A,STIPostImmigrating,0,168,3,0,1,INFORMAL,NORMAL,23,2,2
6570,79,16.4137,M,4,2,local,STIPreEmigrating,0,160,25,0,1,INFORMAL,PAUSED,2,4,0
6570,49,47.3916,M,2,4,local,STIPreEmigrating,0,153,81,0,0,INFORMAL,PAUSED,21,2,0
6570,49,47.3916,M,4,0,N/A,STIPostImmigrating,0,153,81,0,1,INFORMAL,PAUSED,21,4,0
6570,79,16.4137,M,2,0,N/A,STIPostImmigrating,0,160,25,0,1,INFORMAL,PAUSED,2,2,0
6571,49,47.3943,M,4,2,local,STIPreEmigrating,0,153,81,0,1,INFORMAL,PAUSED,21,4,0
6571,49,47.3943,M,2,0,N/A,STIPostImmigrating,0,153,81,0,1,INFORMAL,PAUSED,21,2,0
6572,72,17.0274,F,3,2,local,STIPreEmigrating,0,172,3,0,1,INFORMAL,PAUSED,19,0,3
6572,42,34.6385,M,2,1,local,STIPreEmigrating,0,169,46,0,0,INFORMAL,PAUSED,45,2,0
6572,42,34.6385,M,1,0,N/A,STIPostImmigrating,0,169,46,0,1,INFORMAL,PAUSED,45,1,0
6572,72,17.0274,F,2,0,N/A,STIPostImmigrating,0,172,3,0,1,INFORMAL,PAUSED,19,0,2
6573,73,17.9781,M,3,4,local,STIPreEmigrating,0,170,22,0,1,INFORMAL,PAUSED,75,3,0
6573,73,17.9781,M,4,0,N/A,STIPostImmigrating,0,170,22,0,1,INFORMAL,PAUSED,75,4,0
6576,27,47.1833,F,2,3,local,STIPreEmigrating,0,171,38,0,1,INFORMAL,PAUSED,29,2,2
6576,27,47.1833,F,3,0,N/A,STIPostImmigrating,0,171,38,0,1,INFORMAL,PAUSED,29,2,3
6577,23,42.4338,F,2,3,local,STIPreEmigrating,0,168,4,0,1,INFORMAL,PAUSED,55,2,2
6577,23,42.4338,F,3,0,N/A,STIPostImmigrating,0,168,4,0,1,INFORMAL,PAUSED,55,2,3
6580,64,32.8934,F,1,3,local,STIPreEmigrating,0,145,96,0,1,INFORMAL,PAUSED,39,0,1
6580,64,32.8934,F,3,0,N/A,STIPostImmigrating,0,145,96,0,1,INFORMAL,PAUSED,39,0,3
6581,11,20.6864,M,2,3,local,STIPreEmigrating,0,162,15,0,1,INFORMAL,PAUSED,12,2,2
6581,11,20.6864,M,3,0,N/A,STIPostImmigrating,0,162,15,0,1,INFORMAL,PAUSED,12,3,2
6586,35,77.7574,F,1,2,local,STIPreEmigrating,0,164,14,0,1,INFORMAL,PAUSED,22,0,1
6586,35,77.7574,F,2,0,N/A,STIPostImmigrating,0,164,14,0,1,INFORMAL,PAUSED,22,0,2
6589,32,30.978,F,2,3,local,STIPreEmigrating,0,174,15,0,0,INFORMAL,PAUSED,41,2,2
6589,32,30.978,F,3,0,N/A,STIPostImmigrating,0,174,15,0,1,INFORMAL,PAUSED,41,2,3
6590,85,16.211,F,4,3,local,STIPreEmigrating,0,173,7,0,0,INFORMAL,PAUSED,69,0,4
6590,85,16.211,F,3,0,N/A,STIPostImmigrating,0,173,7,0,1,INFORMAL,PAUSED,69,0,3
6593,65,21.4831,M,3,4,local,STIPreEmigrating,0,165,14,0,0,INFORMAL,PAUSED,13,3,0
6593,65,21.4831,M,4,0,N/A,STIPostImmigrating,0,165,14,0,1,INFORMAL,NORMAL,13,4,4
6595,23,42.4831,F,3,2,local,STIPreEmigrating,0,168,4,0,1,INFORMAL,PAUSED,55,0,3
6595,23,42.4831,F,2,0,N/A,STIPostImmigrating,0,168,4,0,1,INFORMAL,NORMAL,55,2,2
6597,32,30.9999,F,3,2,local,STIPreEmigrating,0,174,15,0,1,INFORMAL,PAUSED,41,0,3
6597,32,30.9999,F,2,0,N/A,STIPostImmigrating,0,174,15,0,0,INFORMAL,NORMAL,41,2,2
6598,41,35.1866,M,2,4,local,STIPreEmigrating,0,174,15,0,0,INFORMAL,PAUSED,32,2,2
6598,23,42.4913,F,2,1,local,STIPreEmigrating,0,168,4,0,1,INFORMAL,PAUSED,55,2,2
6598,23,42.4913,F,1,0,N/A,STIPostImmigrating,0,168,4,0,1,INFORMAL,PAUSED,55,2,1
6598,41,35.1866,M,4,0,N/A,STIPostImmigrating,0,174,15,0,1,INFORMAL,PAUSED,32,4,2
6601,45,21.8843,F,3,4,local,STIPreEmigrating,0,169,46,0,1,INFORMAL,PAUSED,42,0,3
6601,45,21.8843,F,4,0,N/A,STIPostImmigrating,0,169,46,0,1,INFORMAL,PAUSED,42,0,4
6604,9,20.3738,F,3,4,local,STIPreEmigrating,0,166,33,0,0,INFORMAL,PAUSED,14,0,3
6604,9,20.3738,F,4,0,N/A,STIPostImmigrating,0,166,33,0,1,INFORMAL,PAUSED,14,0,4
6606,65,21.5187,M,4,1,local,STIPreEmigrating,0,165,17,0,1,INFORMAL,PAUSED,13,4,4
6606,75,16.6575,F,2,1,local,STIPreEmigrating,0,170,22,0,1,INFORMAL,PAUSED,73,0,2
6606,75,16.6575,F,1,0,N/A,STIPostImmigrating,0,170,22,0,1,INFORMAL,PAUSED,73,0,1
6606,65,21.5187,M,1,0,N/A,STIPostImmigrating,0,165,17,0,1,INFORMAL,PAUSED,13,1,4
6607,45,21.9008,F,4,3,local,STIPreEmigrating,0,169,46,0,1,INFORMAL,PAUSED,42,0,4
6607,45,21.9008,F,3,0,N/A,STIPostImmigrating,0,169,46,0,1,INFORMAL,PAUSED,42,0,3
6608,19,18.8289,M,4,2,local,STIPreEmigrating,0,172,3,0,0,INFORMAL,PAUSED,72,4,0
6608,19,18.8289,M,2,0,N/A,STIPostImmigrating,0,172,3,0,1,INFORMAL,NORMAL,72,2,2
6610,55,42.4647,M,2,3,local,STIPreEmigrating,0,168,4,0,1,INFORMAL,PAUSED,23,2,0
6610,55,42.4647,M,3,0,N/A,STIPostImmigrating,0,168,4,0,1,INFORMAL,PAUSED,23,3,0
6613,11,20.7741,M,3,2,local,STIPreEmigrating,0,162,15,0,1,INFORMAL,PAUSED,12,3,0
6613,11,20.7741,M,2,0,N/A,STIPostImmigrating,0,162,15,0,1,INFORMAL,NORMAL,12,2,2
6614,76,15.474,M,3,2,local,STIPreEmigrating,0,175,14,0,0,INFORMAL,PAUSED,70,3,3
6614,59,37.0162,M,1,2,local,STIPreEmigrating,0,156,61,0,1,INFORMAL,PAUSED,60,1,0
6614,59,37.0162,M,2,0,N/A,STIPostImmigrating,0,156,61,0,1,INFORMAL,NORMAL,60,2,2
6614,76,15.474,M,2,0,N/A,STIPostImmigrating,0,175,14,0,1,INFORMAL,PAUSED,70,2,3
6616,72,17.1479,F,2,3,local,STIPreEmigrating,0,172,9,0,1,INFORMAL,PAUSED,19,2,2
6616,72,17.1479,F,3,0,N/A,STIPostImmigrating,0,172,9,0,1,INFORMAL,PAUSED,19,2,3
6617,11,20.785,M,2,3,local,STIPreEmigrating,0,162,16,0,1,INFORMAL,PAUSED,12,2,2
6617,11,20.785,M,3,0,N/A,STIPostImmigrating,0,162,16,0,1,INFORMAL,PAUSED,12,3,2
6626,52,55.3052,M,2,3,local,STIPreEmigrating,0,159,53,0,1,INFORMAL,PAUSED,37,2,0
6626,52,55.3052,M,3,0,N/A,STIPostImmigrating,0,159,53,0,1,INFORMAL,NORMAL,37,3,3
6628,69,33.3827,M,2,4,local,STIPreEmigrating,0,173,7,0,1,INFORMAL,PAUSED,85,2,0
6628,69,33.3827,M,4,0,N/A,STIPostImmigrating,0,173,7,0,1,INFORMAL,PAUSED,85,4,0
6630,13,26.5323,F,4,2,local,STIPreEmigrating,0,165,17,0,1,INFORMAL,PAUSED,65,0,4
6630,13,26.5323,F,2,0,N/A,STIPostImmigrating,0,165,17,0,1,INFORMAL,PAUSED,65,0,2
6631,43,28.2826,F,1,2,local,STIPreEmigrating,0,158,49,0,1,INFORMAL,PAUSED,10,0,1
6631,43,28.2826,F,2,0,N/A,STIPostImmigrating,0,158,49,0,1,INFORMAL,NORMAL,10,2,2
6632,65,21.59,M,1,4,local,STIPreEmigrating,0,165,17,0,1,INFORMAL,PAUSED,13,1,0
6632,65,21.59,M,4,0,N/A,STIPostImmigrating,0,165,17,0,1,INFORMAL,PAUSED,13,4,0
6638,11,20.8425,M,3,2,local,STIPreEmigrating,0,162,16,0,1,INFORMAL,PAUSED,12,3,0
6638,52,55.3381,M,3,2,local,STIPreEmigrating,0,159,60,0,1,INFORMAL,PAUSED,37,3,3
6638,75,16.7452,F,1,2,local,STIPreEmigrating,0,170,22,0,1,INFORMAL,PAUSED,73,0,1
6638,75,16.7452,F,2,0,N/A,STIPostImmigrating,0,170,22,0,1,INFORMAL,PAUSED,73,0,2
6638,52,55.3381,M,2,0,N/A,STIPostImmigrating,0,159,60,0,1,INFORMAL,PAUSED,37,2,3
6638,11,20.8425,M,2,0,N/A,STIPostImmigrating,0,162,16,0,1,INFORMAL,NORMAL,12,2,2
6640,72,17.2137,F,3,1,local,STIPreEmigrating,0,172,9,0,1,INFORMAL,PAUSED,19,0,3
6640,79,16.6055,M,2,3,local,STIPreEmigrating,0,160,25,0,1,INFORMAL,PAUSED,2,2,0
6640,79,16.6055,M,3,0,N/A,STIPostImmigrating,0,160,25,0,1,INFORMAL,NORMAL,2,3,3
6640,72,17.2137,F,1,0,N/A,STIPostImmigrating,0,172,9,0,1,INFORMAL,PAUSED,19,0,1
6642,2,18.5462,F,3,1,local,STIPreEmigrating,0,160,26,0,1,INFORMAL,PAUSED,79,3,3
6642,2,18.5462,F,1,0,N/A,STIPostImmigrating,0,160,26,0,1,INFORMAL,PAUSED,79,3,1
6644,37,55.9504,F,3,4,local,STIPreEmigrating,0,159,60,0,1,INFORMAL,PAUSED,52,0,3
6644,37,55.9504,F,4,0,N/A,STIPostImmigrating,0,159,60,0,1,INFORMAL,PAUSED,52,0,4
6647,69,33.4348,M,4,2,local,STIPreEmigrating,0,173,7,0,1,INFORMAL,PAUSED,85,4,0
6647,69,33.4348,M,2,0,N/A,STIPostImmigrating,0,173,7,0,1,INFORMAL,PAUSED,85,2,0
6650,85,16.3753,F,3,4,local,STIPreEmigrating,0,173,7,0,1,INFORMAL,PAUSED,69,0,3
6650,69,33.443,M,2,4,local,STIPreEmigrating,0,173,7,0,1,INFORMAL,PAUSED,85,2,0
6650,69,33.443,M,4,0,N/A,STIPostImmigrating,0,173,7,0,1,INFORMAL,PAUSED,85,4,0
6650,85,16.3753,F,4,0,N/A,STIPostImmigrating,0,173,7,0,1,INFORMAL,NORMAL,69,4,4
6651,85,16.3781,F,4,2,local,STIPreEmigrating,0,173,7,0,1,INFORMAL,PAUSED,69,4,4
6651,12,21.0805,F,2,3,local,STIPreEmigrating,0,162,22,0,1,INFORMAL,PAUSED,11,2,2
6651,12,21.0805,F,3,0,N/A,STIPostImmigrating,0,162,22,0,1,INFORMAL,PAUSED,11,2,3
6651,85,16.3781,F,2,0,N/A,STIPostImmigrating,0,173,7,0,1,INFORMAL,PAUSED,69,4,2
6652,69,33.4485,M,4,1,local,STIPreEmigrating,0,173,7,0,1,INFORMAL,PAUSED,85,4,0
6652,55,42.5798,M,3,2,local,STIPreEmigrating,0,168,4,0,1,INFORMAL,PAUSED,23,3,0
6652,55,42.5798,M,2,0,N/A,STIPostImmigrating,0,168,4,0,1,INFORMAL,PAUSED,23,2,0
6652,69,33.4485,M,1,0,N/A,STIPostImmigrating,0,173,7,0,1,INFORMAL,PAUSED,85,1,0
6654,55,42.5852,M,2,4,local,STIPreEmigrating,0,168,4,0,1,INFORMAL,PAUSED,23,2,0
6654,55,42.5852,M,4,0,N/A,STIPostImmigrating,0,168,4,0,1,INFORMAL,PAUSED,23,4,0
6656,65,21.6557,M,4,3,local,STIPreEmigrating,0,165,17,0,1,INFORMAL,PAUSED,13,4,0
6656,65,21.6557,M,3,0,N/A,STIPostImmigrating,0,165,17,0,1,INFORMAL,PAUSED,13,3,0
6657,7,26.1798,M,4,2,local,STIPreEmigrating,0,167,29,0,1,INFORMAL,PAUSED,77,4,0
6657,7,26.1798,M,2,0,N/A,STIPostImmigrating,0,167,29,0,1,INFORMAL,PAUSED,77,2,0
6659,75,16.8027,F,2,4,local,STIPreEmigrating,0,170,22,0,1,INFORMAL,PAUSED,73,0,2
6659,75,16.8027,F,4,0,N/A,STIPostImmigrating,0,170,22,0,1,INFORMAL,NORMAL,73,4,4
6662,59,37.1477,M,2,4,local,STIPreEmigrating,0,156,78,0,1,INFORMAL,PAUSED,60,2,2
6662,59,37.1477,M,4,0,N/A,STIPostImmigrating,0,156,78,0,1,INFORMAL,PAUSED,60,4,2
6663,19,18.9796,M,2,1,local,STIPreEmigrating,0,172,9,0,1,INFORMAL,PAUSED,72,2,0
6663,19,18.9796,M,1,0,N/A,STIPostImmigrating,0,172,9,0,1,INFORMAL,NORMAL,72,1,1
6664,32,31.1835,F,2,3,local,STIPreEmigrating,0,174,15,0,0,INFORMAL,PAUSED,41,0,2
6664,32,31.1835,F,3,0,N/A,STIPostImmigrating,0,174,15,0,1,INFORMAL,PAUSED,41,0,3
6665,70,17.5096,F,3,1,local,STIPreEmigrating,0,175,14,0,0,INFORMAL,PAUSED,76,0,3
6665,70,17.5096,F,1,0,N/A,STIPostImmigrating,0,175,14,0,1,INFORMAL,PAUSED,76,0,1
6669,64,33.1373,F,3,2,local,STIPreEmigrating,0,145,96,0,1,INFORMAL,PAUSED,39,0,3
6669,64,33.1373,F,2,0,N/A,STIPostImmigrating,0,145,96,0,1,INFORMAL,PAUSED,39,0,2
6670,23,42.6886,F,1,2,local,STIPreEmigrating,0,168,4,0,1,INFORMAL,PAUSED,55,0,1
6670,23,42.6886,F,2,0,N/A,STIPostImmigrating,0,168,4,0,1,INFORMAL,PAUSED,55,0,2
6672,68,51.3913,M,2,3,local,STIPreEmigrating,0,176,3,0,0,INFORMAL,PAUSED,31,2,2
6672,60,32.2381,F,2,3,local,STIPreEmigrating,0,156,78,0,1,INFORMAL,PAUSED,59,0,2
6672,70,17.5288,F,1,3,local,STIPreEmigrating,0,175,14,0,1,INFORMAL,PAUSED,76,0,1
6672,70,17.5288,F,3,0,N/A,STIPostImmigrating,0,175,14,0,1,INFORMAL,PAUSED,76,0,3
6672,60,32.2381,F,3,0,N/A,STIPostImmigrating,0,156,78,0,1,INFORMAL,PAUSED,59,0,3
6672,68,51.3913,M,3,0,N/A,STIPostImmigrating,0,176,3,0,1,INFORMAL,PAUSED,31,3,2
6675,72,17.3096,F,1,3,local,STIPreEmigrating,0,172,11,0,1,INFORMAL,PAUSED,19,1,1
6675,72,17.3096,F,3,0,N/A,STIPostImmigrating,0,172,11,0,1,INFORMAL,PAUSED,19,1,3
6678,23,42.7105,F,2,1,local,STIPreEmigrating,0,168,4,0,1,INFORMAL,PAUSED,55,0,2
6678,23,42.7105,F,1,0,N/A,STIPostImmigrating,0,168,4,0,1,INFORMAL,PAUSED,55,0,1
6679,59,37.1943,M,4,2,local,STIPreEmigrating,0,156,78,0,1,INFORMAL,PAUSED,60,4,0
6679,59,37.1943,M,2,0,N/A,STIPostImmigrating,0,156,78,0,1,INFORMAL,PAUSED,60,2,0
6680,29,48.7846,M,2,4,local,STIPreEmigrating,0,171,38,0,1,INFORMAL,PAUSED,27,2,0
6680,29,48.7846,M,4,0,N/A,STIPostImmigrating,0,171,38,0,1,INFORMAL,PAUSED,27,4,0
6681,2,18.6531,F,1,4,local,STIPreEmigrating,0,160,26,0,1,INFORMAL,PAUSED,79,0,1
6681,2,18.6531,F,4,0,N/A,STIPostImmigrating,0,160,26,0,1,INFORMAL,PAUSED,79,0,4
6682,72,17.3288,F,3,2,local,STIPreEmigrating,0,172,11,0,1,INFORMAL,PAUSED,19,0,3
6682,72,17.3288,F,2,0,N/A,STIPostImmigrating,0,172,11,0,1,INFORMAL,PAUSED,19,0,2
6687,59,37.2162,M,2,3,local,STIPreEmigrating,0,156,78,0,1,INFORMAL,PAUSED,60,2,0
6687,59,37.2162,M,3,0,N/A,STIPostImmigrating,0,156,78,0,1,INFORMAL,NORMAL,60,3,3
6690,73,18.2986,M,4,1,local,STIPreEmigrating,0,170,37,0,1,INFORMAL,PAUSED,75,4,4
6690,55,42.6839,M,4,2,local,STIPreEmigrating,0,168,4,0,1,INFORMAL,PAUSED,23,4,0
6690,52,55.4806,M,2,3,local,STIPreEmigrating,0,159,60,0,1,INFORMAL,PAUSED,37,2,0
6690,52,55.4806,M,3,0,N/A,STIPostImmigrating,0,159,60,0,1,INFORMAL,PAUSED,37,3,0
6690,55,42.6839,M,2,0,N/A,STIPostImmigrating,0,168,4,0,1,INFORMAL,PAUSED,23,2,0
6690,73,18.2986,M,1,0,N/A,STIPostImmigrating,0,170,37,0,1,INFORMAL,PAUSED,75,1,4
6691,32,31.2575,F,3,1,local,STIPreEmigrating,0,174,15,0,1,INFORMAL,PAUSED,41,0,3
6691,32,31.2575,F,1,0,N/A,STIPostImmigrating,0,174,15,0,1,INFORMAL,PAUSED,41,0,1
6692,75,16.8932,F,4,2,local,STIPreEmigrating,0,170,37,0,1,INFORMAL,PAUSED,73,0,4
6692,35,78.0478,F,2,3,local,STIPreEmigrating,0,164,14,0,1,INFORMAL,PAUSED,22,0,2
6692,35,78.0478,F,3,0,N/A,STIPostImmigrating,0,164,14,0,1,INFORMAL,NORMAL,22,3,3
6692,75,16.8932,F,2,0,N/A,STIPostImmigrating,0,170,37,0,1,INFORMAL,PAUSED,73,0,2
6693,37,56.0846,F,4,2,local,STIPreEmigrating,0,159,60,0,1,INFORMAL,PAUSED,52,0,4
6693,37,56.0846,F,2,0,N/A,STIPostImmigrating,0,159,60,0,1,INFORMAL,PAUSED,52,0,2
6694,29,48.823,M,4,2,local,STIPreEmigrating,0,171,38,0,1,INFORMAL,PAUSED,27,4,0
6694,2,18.6887,F,4,1,local,STIPreEmigrating,0,160,26,0,1,INFORMAL,PAUSED,79,0,4
6694,2,18.6887,F,1,0,N/A,STIPostImmigrating,0,160,26,0,1,INFORMAL,PAUSED,79,0,1
6694,29,48.823,M,2,0,N/A,STIPostImmigrating,0,171,38,0,1,INFORMAL,PAUSED,27,2,0
6699,77,18.2603,F,3,4,local,STIPreEmigrating,0,167,29,0,0,INFORMAL,PAUSED,7,0,3
6699,77,18.2603,F,4,0,N/A,STIPostImmigrating,0,167,29,0,1,INFORMAL,PAUSED,7,0,4
6700,35,78.0697,F,3,2,local,STIPreEmigrating,0,164,15,0,1,INFORMAL,PAUSED,22,3,3
6700,55,42.7113,M,2,3,local,STIPreEmigrating,0,168,4,0,1,INFORMAL,PAUSED,23,2,0
6700,55,42.7113,M,3,0,N/A,STIPostImmigrating,0,168,4,0,1,INFORMAL,PAUSED,23,3,0
6700,35,78.0697,F,2,0,N/A,STIPostImmigrating,0,164,15,0,1,INFORMAL,PAUSED,22,3,2
6704,35,78.0807,F,2,1,local,STIPreEmigrating,0,164,15,0,1,INFORMAL,PAUSED,22,0,2
6704,35,78.0807,F,1,0,N/A,STIPostImmigrating,0,164,15,0,1,INFORMAL,PAUSED,22,0,1
6706,41,35.4825,M,4,1,local,STIPreEmigrating,0,174,15,0,1,INFORMAL,PAUSED,32,4,0
6706,41,35.4825,M,1,0,N/A,STIPostImmigrating,0,174,15,0,1,INFORMAL,NORMAL,32,1,1
6710,38,22.1902,F,4,1,local,STIPreEmigrating,0,139,201,0,1,INFORMAL,PAUSED,62,4,4
6710,38,22.1902,F,1,0,N/A,STIPostImmigrating,0,139,201,0,1,INFORMAL,PAUSED,62,4,1
6711,19,19.1111,M,1,2,local,STIPreEmigrating,0,172,11,0,1,INFORMAL,PAUSED,72,1,0
6711,19,19.1111,M,2,0,N/A,STIPostImmigrating,0,172,11,0,1,INFORMAL,NORMAL,72,2,2
6713,69,33.6156,M,1,4,local,STIPreEmigrating,0,173,7,0,1,INFORMAL,PAUSED,85,1,0
6713,69,33.6156,M,4,0,N/A,STIPostImmigrating,0,173,7,0,1,INFORMAL,PAUSED,85,4,0
6714,65,21.8146,M,3,4,local,STIPreEmigrating,0,165,17,0,1,INFORMAL,PAUSED,13,3,0
6714,65,21.8146,M,4,0,N/A,STIPostImmigrating,0,165,17,0,1,INFORMAL,PAUSED,13,4,0
6717,2,18.7517,F,1,4,local,STIPreEmigrating,0,160,26,0,1,INFORMAL,PAUSED,79,0,1
6717,2,18.7517,F,4,0,N/A,STIPostImmigrating,0,160,26,0,1,INFORMAL,PAUSED,79,0,4
6720,42,35.044,M,1,2,local,STIPreEmigrating,0,169,46,0,1,INFORMAL,PAUSED,45,1,0
6720,42,35.044,M,2,0,N/A,STIPostImmigrating,0,169,46,0,1,INFORMAL,PAUSED,45,2,0
6722,9,20.6971,F,4,3,local,STIPreEmigrating,0,166,33,0,1,INFORMAL,PAUSED,14,0,4
6722,43,28.532,F,2,4,local,STIPreEmigrating,0,158,80,0,1,INFORMAL,PAUSED,10,2,2
6722,43,28.532,F,4,0,N/A,STIPostImmigrating,0,158,80,0,1,INFORMAL,PAUSED,10,2,4
6722,9,20.6971,F,3,0,N/A,STIPostImmigrating,0,166,33,0,1,INFORMAL,PAUSED,14,0,3
6725,29,48.9079,M,2,4,local,STIPreEmigrating,0,171,38,0,1,INFORMAL,PAUSED,27,2,0
6725,29,48.9079,M,4,0,N/A,STIPostImmigrating,0,171,38,0,1,INFORMAL,PAUSED,27,4,0
6727,29,48.9134,M,4,2,local,STIPreEmigrating,0,171,38,0,1,INFORMAL,PAUSED,27,4,0
6727,37,56.1778,F,2,4,local,STIPreEmigrating,0,159,60,0,1,INFORMAL,PAUSED,52,0,2
6727,37,56.1778,F,4,0,N/A,STIPostImmigrating,0,159,60,0,1,INFORMAL,PAUSED,52,0,4
6727,29,48.9134,M,2,0,N/A,STIPostImmigrating,0,171,38,0,1,INFORMAL,PAUSED,27,2,0
6732,77,18.3507,F,4,2,local,STIPreEmigrating,0,167,29,0,1,INFORMAL,PAUSED,7,0,4
6732,77,18.3507,F,2,0,N/A,STIPostImmigrating,0,167,29,0,1,INFORMAL,NORMAL,7,2,2
6737,25,23.5455,F,2,4,local,STIPreEmigrating,0,178,9,0,0,INFORMAL,PAUSED,11,2,2
6737,25,23.5455,F,4,0,N/A,STIPostImmigrating,0,178,9,0,1,INFORMAL,PAUSED,11,2,4
6738,25,23.5482,F,4,1,local,STIPreEmigrating,0,178,9,0,1,INFORMAL,PAUSED,11,2,4
6738,68,51.5721,M,3,1,local,STIPreEmigrating,0,176,3,0,1,INFORMAL,PAUSED,31,3,0
6738,68,51.5721,M,1,0,N/A,STIPostImmigrating,0,176,3,0,1,INFORMAL,PAUSED,31,1,0
6738,25,23.5482,F,1,0,N/A,STIPostImmigrating,0,178,9,0,1,INFORMAL,PAUSED,11,2,1
6739,27,47.6298,F,3,2,local,STIPreEmigrating,0,171,38,0,1,INFORMAL,PAUSED,29,0,3
6739,75,17.0219,F,2,4,local,STIPreEmigrating,0,170,37,0,1,INFORMAL,PAUSED,73,0,2
6739,75,17.0219,F,4,0,N/A,STIPostImmigrating,0,170,37,0,1,INFORMAL,PAUSED,73,0,4
6739,27,47.6298,F,2,0,N/A,STIPostImmigrating,0,171,38,0,1,INFORMAL,NORMAL,29,2,2
6742,43,28.5868,F,4,2,local,STIPreEmigrating,0,158,80,0,1,INFORMAL,PAUSED,10,0,4
6742,43,28.5868,F,2,0,N/A,STIPostImmigrating,0,158,80,0,1,INFORMAL,NORMAL,10,2,2
6744,85,16.6329,F,2,4,local,STIPreEmigrating,0,173,7,0,1,INFORMAL,PAUSED,69,0,2
6744,85,16.6329,F,4,0,N/A,STIPostImmigrating,0,173,7,0,1,INFORMAL,NORMAL,69,4,4
6745,41,35.5893,M,1,4,local,STIPreEmigrating,0,174,22,0,1,INFORMAL,PAUSED,32,1,1
6745,41,35.5893,M,4,0,N/A,STIPostImmigrating,0,174,22,0,1,INFORMAL,PAUSED,32,4,1
6747,23,42.8996,F,1,2,local,STIPreEmigrating,0,168,4,0,1,INFORMAL,PAUSED,55,0,1
6747,23,42.8996,F,2,0,N/A,STIPostImmigrating,0,168,4,0,1,INFORMAL,PAUSED,55,0,2
6749,29,48.9737,M,2,4,local,STIPreEmigrating,0,171,40,0,1,INFORMAL,PAUSED,27,2,2
6749,29,48.9737,M,4,0,N/A,STIPostImmigrating,0,171,40,0,1,INFORMAL,PAUSED,27,4,2
6750,19,19.218,M,2,4,local,STIPreEmigrating,0,172,26,0,1,INFORMAL,PAUSED,72,2,2
6750,19,19.218,M,4,0,N/A,STIPostImmigrating,0,172,26,0,1,INFORMAL,PAUSED,72,4,2
6751,13,26.8638,F,2,4,local,STIPreEmigrating,0,165,17,0,1,INFORMAL,PAUSED,65,0,2
6751,13,26.8638,F,4,0,N/A,STIPostImmigrating,0,165,17,0,1,INFORMAL,NORMAL,65,4,4
6752,65,21.9187,M,4,3,local,STIPreEmigrating,0,165,17,0,1,INFORMAL,PAUSED,13,4,4
6752,65,21.9187,M,3,0,N/A,STIPostImmigrating,0,165,17,0,1,INFORMAL,PAUSED,13,3,4
6753,79,16.9151,M,3,2,local,STIPreEmigrating,0,160,26,0,1,INFORMAL,PAUSED,2,3,0
6753,52,55.6532,M,3,4,local,STIPreEmigrating,0,159,60,0,1,INFORMAL,PAUSED,37,3,0
6753,52,55.6532,M,4,0,N/A,STIPostImmigrating,0,159,60,0,1,INFORMAL,NORMAL,37,4,4
6753,79,16.9151,M,2,0,N/A,STIPostImmigrating,0,160,26,0,1,INFORMAL,PAUSED,2,2,0
6760,49,47.9121,M,2,4,local,STIPreEmigrating,0,179,9,0,0,INFORMAL,PAUSED,64,2,2
6760,49,47.9121,M,4,0,N/A,STIPostImmigrating,0,179,9,0,1,INFORMAL,PAUSED,64,4,2
6761,13,26.8912,F,4,3,local,STIPreEmigrating,0,165,17,0,1,INFORMAL,PAUSED,65,0,4
6761,13,26.8912,F,3,0,N/A,STIPostImmigrating,0,165,17,0,1,INFORMAL,NORMAL,65,3,3
6762,10,43.5827,M,2,1,local,STIPreEmigrating,0,158,88,0,1,INFORMAL,PAUSED,43,2,2
6762,7,26.4675,M,2,3,local,STIPreEmigrating,0,167,44,0,1,INFORMAL,PAUSED,77,2,2
6762,7,26.4675,M,3,0,N/A,STIPostImmigrating,0,167,44,0,1,INFORMAL,PAUSED,77,3,2
6762,10,43.5827,M,1,0,N/A,STIPostImmigrating,0,158,88,0,1,INFORMAL,PAUSED,43,1,2
6763,10,43.5854,M,1,4,local,STIPreEmigrating,0,158,88,0,1,INFORMAL,PAUSED,43,1,2
6763,10,43.5854,M,4,0,N/A,STIPostImmigrating,0,158,88,0,1,INFORMAL,PAUSED,43,4,2
6764,73,18.5014,M,1,4,local,STIPreEmigrating,0,170,37,0,1,INFORMAL,PAUSED,75,1,0
6764,73,18.5014,M,4,0,N/A,STIPostImmigrating,0,170,37,0,1,INFORMAL,NORMAL,75,4,4
6765,10,43.5909,M,4,1,local,STIPreEmigrating,0,158,88,0,1,INFORMAL,PAUSED,43,4,0
6765,35,78.2478,F,1,2,local,STIPreEmigrating,0,164,15,0,1,INFORMAL,PAUSED,22,0,1
6765,35,78.2478,F,2,0,N/A,STIPostImmigrating,0,164,15,0,1,INFORMAL,PAUSED,22,0,2
6765,10,43.5909,M,1,0,N/A,STIPostImmigrating,0,158,88,0,1,INFORMAL,PAUSED,43,1,0
6770,49,47.9395,M,4,1,local,STIPreEmigrating,0,179,9,0,1,INFORMAL,PAUSED,64,4,0
6770,11,21.2042,M,2,1,local,STIPreEmigrating,0,178,9,0,0,INFORMAL,PAUSED,25,2,0
6770,11,21.2042,M,1,0,N/A,STIPostImmigrating,0,178,9,0,1,INFORMAL,NORMAL,25,1,1
6770,49,47.9395,M,1,0,N/A,STIPostImmigrating,0,179,9,0,1,INFORMAL,PAUSED,64,1,0
6774,70,17.8082,F,3,1,local,STIPreEmigrating,0,175,14,0,1,INFORMAL,PAUSED,76,0,3
6774,70,17.8082,F,1,0,N/A,STIPostImmigrating,0,175,14,0,1,INFORMAL,PAUSED,76,0,1
6775,62,31.3297,M,4,1,local,STIPreEmigrating,0,139,201,0,1,INFORMAL,PAUSED,38,4,0
6775,14,23.4003,M,2,1,local,STIPreEmigrating,0,166,33,0,1,INFORMAL,PAUSED,9,2,0
6775,14,23.4003,M,1,0,N/A,STIPostImmigrating,0,166,33,0,1,INFORMAL,PAUSED,9,1,0
6775,62,31.3297,M,1,0,N/A,STIPostImmigrating,0,139,201,0,1,INFORMAL,NORMAL,38,1,1
6777,43,28.6826,F,2,1,local,STIPreEmigrating,0,158,88,0,1,INFORMAL,PAUSED,10,0,2
6777,43,28.6826,F,1,0,N/A,STIPostImmigrating,0,158,88,0,1,INFORMAL,NORMAL,10,1,1
6778,60,32.5285,F,3,2,local,STIPreEmigrating,0,156,109,0,1,INFORMAL,PAUSED,59,3,3
6778,10,43.6265,M,1,2,local,STIPreEmigrating,0,158,88,0,1,INFORMAL,PAUSED,43,1,1
6778,10,43.6265,M,2,0,N/A,STIPostImmigrating,0,158,88,0,1,INFORMAL,PAUSED,43,2,1
6778,60,32.5285,F,2,0,N/A,STIPostImmigrating,0,156,109,0,1,INFORMAL,PAUSED,59,3,2
6779,41,35.6825,M,4,2,local,STIPreEmigrating,0,174,22,0,1,INFORMAL,PAUSED,32,4,0
6779,23,42.9872,F,2,3,local,STIPreEmigrating,0,168,4,0,1,INFORMAL,PAUSED,55,0,2
6779,23,42.9872,F,3,0,N/A,STIPostImmigrating,0,168,4,0,1,INFORMAL,NORMAL,55,3,3
6779,41,35.6825,M,2,0,N/A,STIPostImmigrating,0,174,22,0,1,INFORMAL,PAUSED,32,2,0
6781,37,56.3257,F,4,2,local,STIPreEmigrating,0,159,70,0,1,INFORMAL,PAUSED,52,4,4
6781,31,48.3354,F,2,1,local,STIPreEmigrating,0,176,3,0,0,INFORMAL,PAUSED,68,0,2
6781,31,48.3354,F,1,0,N/A,STIPostImmigrating,0,176,3,0,1,INFORMAL,NORMAL,68,1,1
6781,37,56.3257,F,2,0,N/A,STIPostImmigrating,0,159,70,0,1,INFORMAL,PAUSED,52,4,2
6782,83,16.6932,F,2,1,local,STIPreEmigrating,0,177,26,0,0,INFORMAL,PAUSED,80,2,2
6782,83,16.6932,F,1,0,N/A,STIPostImmigrating,0,177,26,0,1,INFORMAL,PAUSED,80,2,1
6787,58,46.3285,F,2,1,local,STIPreEmigrating,0,180,1,0,0,INFORMAL,PAUSED,39,2,2
6787,43,28.71,F,1,2,local,STIPreEmigrating,0,158,88,0,1,INFORMAL,PAUSED,10,0,1
6787,43,28.71,F,2,0,N/A,STIPostImmigrating,0,158,88,0,1,INFORMAL,NORMAL,10,2,2
6787,58,46.3285,F,1,0,N/A,STIPostImmigrating,0,180,1,0,1,INFORMAL,PAUSED,39,2,1
6792,70,17.8575,F,1,3,local,STIPreEmigrating,0,175,14,0,1,INFORMAL,PAUSED,76,0,1
6792,70,17.8575,F,3,0,N/A,STIPostImmigrating,0,175,14,0,1,INFORMAL,PAUSED,76,0,3
6796,7,26.5607,M,3,2,local,STIPreEmigrating,0,167,44,0,1,INFORMAL,PAUSED,77,3,0
6796,7,26.5607,M,2,0,N/A,STIPostImmigrating,0,167,44,0,1,INFORMAL,NORMAL,77,2,2
6802,69,33.8594,M,4,3,local,STIPreEmigrating,0,173,26,0,1,INFORMAL,PAUSED,85,4,4
6802,69,33.8594,M,3,0,N/A,STIPostImmigrating,0,173,26,0,1,INFORMAL,PAUSED,85,3,4
6805,85,16.8,F,4,3,local,STIPreEmigrating,0,173,26,0,1,INFORMAL,PAUSED,69,0,4
6805,85,16.8,F,3,0,N/A,STIPostImmigrating,0,173,26,0,1,INFORMAL,NORMAL,69,3,3
6806,39,48.8126,M,2,4,local,STIPreEmigrating,0,180,1,0,0,INFORMAL,PAUSED,58,2,0
6806,39,48.8126,M,4,0,N/A,STIPostImmigrating,0,180,1,0,1,INFORMAL,PAUSED,58,4,0
6808,70,17.9014,F,3,1,local,STIPreEmigrating,0,175,14,0,1,INFORMAL,PAUSED,76,0,3
6808,70,17.9014,F,1,0,N/A,STIPostImmigrating,0,175,14,0,1,INFORMAL,PAUSED,76,0,1
6809,29,49.1381,M,4,1,local,STIPreEmigrating,0,171,40,0,1,INFORMAL,PAUSED,27,4,0
6809,29,49.1381,M,1,0,N/A,STIPostImmigrating,0,171,40,0,1,INFORMAL,PAUSED,27,1,0
6810,39,48.8235,M,4,2,local,STIPreEmigrating,0,180,1,0,1,INFORMAL,PAUSED,58,4,0
6810,39,48.8235,M,2,0,N/A,STIPostImmigrating,0,180,1,0,1,INFORMAL,PAUSED,58,2,0
6811,38,22.4669,F,1,2,local,STIPreEmigrating,0,139,218,0,1,INFORMAL,PAUSED,62,1,1
6811,58,46.3942,F,1,4,local,STIPreEmigrating,0,180,1,0,1,INFORMAL,PAUSED,39,0,1
6811,58,46.3942,F,4,0,N/A,STIPostImmigrating,0,180,1,0,1,INFORMAL,PAUSED,39,0,4
6811,38,22.4669,F,2,0,N/A,STIPostImmigrating,0,139,218,0,1,INFORMAL,PAUSED,62,1,2
6813,29,49.149,M,1,4,local,STIPreEmigrating,0,171,40,0,1,INFORMAL,PAUSED,27,1,0
6813,29,49.149,M,4,0,N/A,STIPostImmigrating,0,171,40,0,1,INFORMAL,PAUSED,27,4,0
6815,68,51.783,M,1,3,local,STIPreEmigrating,0,176,16,0,1,INFORMAL,PAUSED,31,1,1
6815,68,51.783,M,3,0,N/A,STIPostImmigrating,0,176,16,0,1,INFORMAL,PAUSED,31,3,1
6817,32,31.6027,F,1,3,local,STIPreEmigrating,0,174,22,0,1,INFORMAL,PAUSED,41,0,1
6817,32,31.6027,F,3,0,N/A,STIPostImmigrating,0,174,22,0,1,INFORMAL,PAUSED,41,0,3
6821,59,37.5833,M,3,2,local,STIPreEmigrating,0,156,109,0,1,INFORMAL,PAUSED,60,3,0
6821,59,37.5833,M,2,0,N/A,STIPostImmigrating,0,156,109,0,1,INFORMAL,NORMAL,60,2,2
6823,29,49.1764,M,4,1,local,STIPreEmigrating,0,171,40,0,1,INFORMAL,PAUSED,27,4,0
6823,35,78.4067,F,2,1,local,STIPreEmigrating,0,164,15,0,1,INFORMAL,PAUSED,22,0,2
6823,35,78.4067,F,1,0,N/A,STIPostImmigrating,0,164,15,0,1,INFORMAL,PAUSED,22,0,1
6823,29,49.1764,M,1,0,N/A,STIPostImmigrating,0,171,40,0,1,INFORMAL,PAUSED,27,1,0
6830,45,22.5117,F,3,4,local,STIPreEmigrating,0,169,46,0,1,INFORMAL,PAUSED,42,0,3
6830,45,22.5117,F,4,0,N/A,STIPostImmigrating,0,169,46,0,1,INFORMAL,PAUSED,42,0,4
6831,80,16.0603,M,2,3,local,STIPreEmigrating,0,177,26,0,0,INFORMAL,PAUSED,83,2,0
6831,80,16.0603,M,3,0,N/A,STIPostImmigrating,0,177,26,0,1,INFORMAL,PAUSED,83,3,0
6832,45,22.5172,F,4,1,local,STIPreEmigrating,0,169,46,0,1,INFORMAL,PAUSED,42,0,4
6832,45,22.5172,F,1,0,N/A,STIPostImmigrating,0,169,46,0,1,INFORMAL,PAUSED,42,0,1
6837,75,17.2904,F,4,2,local,STIPreEmigrating,0,170,56,0,1,INFORMAL,PAUSED,73,4,4
6837,75,17.2904,F,2,0,N/A,STIPostImmigrating,0,170,56,0,1,INFORMAL,PAUSED,73,4,2
6838,77,18.6411,F,2,4,local,STIPreEmigrating,0,167,54,0,1,INFORMAL,PAUSED,7,2,2
6838,77,18.6411,F,4,0,N/A,STIPostImmigrating,0,167,54,0,1,INFORMAL,PAUSED,7,2,4
6843,23,43.1626,F,3,2,local,STIPreEmigrating,0,168,29,0,1,INFORMAL,PAUSED,55,3,3
6843,65,22.168,M,3,4,local,STIPreEmigrating,0,165,45,0,1,INFORMAL,PAUSED,13,3,3
6843,65,22.168,M,4,0,N/A,STIPostImmigrating,0,165,45,0,1,INFORMAL,PAUSED,13,4,3
6843,23,43.1626,F,2,0,N/A,STIPostImmigrating,0,168,29,0,1,INFORMAL,PAUSED,55,3,2
6850,35,78.4807,F,1,2,local,STIPreEmigrating,0,164,15,0,1,INFORMAL,PAUSED,22,0,1
6850,35,78.4807,F,2,0,N/A,STIPostImmigrating,0,164,15,0,1,INFORMAL,PAUSED,22,0,2
6851,22,83.3935,M,3,1,local,STIPreEmigrating,0,164,15,0,1,INFORMAL,PAUSED,35,3,0
6851,31,48.5272,F,1,2,local,STIPreEmigrating,0,176,16,0,1,INFORMAL,PAUSED,68,0,1
6851,31,48.5272,F,2,0,N/A,STIPostImmigrating,0,176,16,0,1,INFORMAL,PAUSED,68,0,2
6851,22,83.3935,M,1,0,N/A,STIPostImmigrating,0,164,15,0,1,INFORMAL,PAUSED,35,1,0
6854,35,78.4917,F,2,3,local,STIPreEmigrating,0,164,15,0,1,INFORMAL,PAUSED,22,0,2
6854,35,78.4917,F,3,0,N/A,STIPostImmigrating,0,164,15,0,1,INFORMAL,PAUSED,22,0,3
6858,85,16.9452,F,3,4,local,STIPreEmigrating,0,173,46,0,1,INFORMAL,PAUSED,69,3,3
6858,85,16.9452,F,4,0,N/A,STIPostImmigrating,0,173,46,0,1,INFORMAL,PAUSED,69,3,4
6861,69,34.0211,M,3,4,local,STIPreEmigrating,0,173,46,0,1,INFORMAL,PAUSED,85,3,0
6861,9,21.0779,F,3,4,local,STIPreEmigrating,0,166,33,0,1,INFORMAL,PAUSED,14,0,3
6861,75,17.3562,F,2,1,local,STIPreEmigrating,0,170,56,0,1,INFORMAL,PAUSED,73,0,2
6861,27,47.9641,F,2,3,local,STIPreEmigrating,0,171,40,0,1,INFORMAL,PAUSED,29,0,2
6861,27,47.9641,F,3,0,N/A,STIPostImmigrating,0,171,40,0,1,INFORMAL,PAUSED,29,0,3
6861,75,17.3562,F,1,0,N/A,STIPostImmigrating,0,170,56,0,1,INFORMAL,PAUSED,73,0,1
6861,9,21.0779,F,4,0,N/A,STIPostImmigrating,0,166,33,0,1,INFORMAL,PAUSED,14,0,4
6861,69,34.0211,M,4,0,N/A,STIPostImmigrating,0,173,46,0,1,INFORMAL,NORMAL,85,4,4
6862,7,26.7415,M,2,4,local,STIPreEmigrating,0,167,54,0,1,INFORMAL,PAUSED,77,2,0
6862,7,26.7415,M,4,0,N/A,STIPostImmigrating,0,167,54,0,1,INFORMAL,NORMAL,77,4,4
6863,42,35.4358,M,2,1,local,STIPreEmigrating,0,169,46,0,1,INFORMAL,PAUSED,45,2,0
6863,42,35.4358,M,1,0,N/A,STIPostImmigrating,0,169,46,0,1,INFORMAL,NORMAL,45,1,1
6867,60,32.7723,F,2,3,local,STIPreEmigrating,0,181,8,0,0,INFORMAL,PAUSED,59,2,2
6867,60,32.7723,F,3,0,N/A,STIPostImmigrating,0,181,8,0,1,INFORMAL,PAUSED,59,2,3
6870,80,16.1671,M,3,4,local,STIPreEmigrating,0,177,26,0,1,INFORMAL,PAUSED,83,3,0
6870,80,16.1671,M,4,0,N/A,STIPostImmigrating,0,177,26,0,1,INFORMAL,PAUSED,83,4,0
6873,42,35.4632,M,1,3,local,STIPreEmigrating,0,169,48,0,1,INFORMAL,PAUSED,45,1,1
6873,42,35.4632,M,3,0,N/A,STIPostImmigrating,0,169,48,0,1,INFORMAL,PAUSED,45,3,1
6876,65,22.2585,M,4,2,local,STIPreEmigrating,0,165,45,0,1,INFORMAL,PAUSED,13,4,0
6876,14,23.677,M,1,2,local,STIPreEmigrating,0,166,33,0,1,INFORMAL,PAUSED,9,1,0
6876,25,23.9263,F,1,4,local,STIPreEmigrating,0,178,39,0,1,INFORMAL,PAUSED,11,1,1
6876,25,23.9263,F,4,0,N/A,STIPostImmigrating,0,178,39,0,1,INFORMAL,PAUSED,11,1,4
6876,14,23.677,M,2,0,N/A,STIPostImmigrating,0,166,33,0,1,INFORMAL,PAUSED,9,2,0
6876,65,22.2585,M,2,0,N/A,STIPostImmigrating,0,165,45,0,1,INFORMAL,PAUSED,13,2,0
6879,60,32.8052,F,3,2,local,STIPreEmigrating,0,181,8,0,1,INFORMAL,PAUSED,59,0,3
6879,60,32.8052,F,2,0,N/A,STIPostImmigrating,0,181,8,0,0,INFORMAL,NORMAL,59,2,2
6881,60,32.8107,F,2,3,local,STIPreEmigrating,0,181,8,0,0,INFORMAL,PAUSED,59,2,2
6881,60,32.8107,F,3,0,N/A,STIPostImmigrating,0,181,8,0,1,INFORMAL,PAUSED,59,2,3
6882,32,31.7808,F,3,2,local,STIPreEmigrating,0,174,22,0,1,INFORMAL,PAUSED,41,0,3
6882,32,31.7808,F,2,0,N/A,STIPostImmigrating,0,174,22,0,1,INFORMAL,NORMAL,41,2,2
6883,68,51.9693,M,3,1,local,STIPreEmigrating,0,176,16,0,1,INFORMAL,PAUSED,31,3,0
6883,70,18.1068,F,1,2,local,STIPreEmigrating,0,175,14,0,1,INFORMAL,PAUSED,76,0,1
6883,70,18.1068,F,2,0,N/A,STIPostImmigrating,0,175,14,0,1,INFORMAL,NORMAL,76,2,2
6883,68,51.9693,M,1,0,N/A,STIPostImmigrating,0,176,16,0,1,INFORMAL,PAUSED,31,1,0
6885,7,26.8045,M,4,2,local,STIPreEmigrating,0,167,64,0,1,INFORMAL,PAUSED,77,4,4
6885,7,26.8045,M,2,0,N/A,STIPostImmigrating,0,167,64,0,1,INFORMAL,PAUSED,77,2,4
6888,65,22.2913,M,2,4,local,STIPreEmigrating,0,165,45,0,1,INFORMAL,PAUSED,13,2,0
6888,65,22.2913,M,4,0,N/A,STIPostImmigrating,0,165,45,0,1,INFORMAL,PAUSED,13,4,0
6891,22,83.5031,M,1,4,local,STIPreEmigrating,0,164,15,0,1,INFORMAL,PAUSED,35,1,0
6891,22,83.5031,M,4,0,N/A,STIPostImmigrating,0,164,15,0,1,INFORMAL,PAUSED,35,4,0
6893,89,14.7534,M,3,4,local,STIPreEmigrating,0,182,14,0,0,INFORMAL,PAUSED,81,3,3
6893,89,14.7534,M,4,0,N/A,STIPostImmigrating,0,182,14,0,1,INFORMAL,PAUSED,81,4,3
6894,19,19.6125,M,4,2,local,STIPreEmigrating,0,172,26,0,1,INFORMAL,PAUSED,72,4,0
6894,19,19.6125,M,2,0,N/A,STIPostImmigrating,0,172,26,0,1,INFORMAL,NORMAL,72,2,2
6895,77,18.7973,F,4,1,local,STIPreEmigrating,0,167,64,0,1,INFORMAL,PAUSED,7,0,4
6895,77,18.7973,F,1,0,N/A,STIPostImmigrating,0,167,64,0,1,INFORMAL,PAUSED,7,0,1
6896,55,43.2482,M,3,2,local,STIPreEmigrating,0,168,29,0,1,INFORMAL,PAUSED,23,3,0
6896,55,43.2482,M,2,0,N/A,STIPostImmigrating,0,168,29,0,1,INFORMAL,NORMAL,23,2,2
6901,89,14.7753,M,4,3,local,STIPreEmigrating,0,182,14,0,1,INFORMAL,PAUSED,81,4,0
6901,89,14.7753,M,3,0,N/A,STIPostImmigrating,0,182,14,0,0,INFORMAL,NORMAL,81,3,3
6905,31,48.6751,F,2,3,local,STIPreEmigrating,0,176,16,0,1,INFORMAL,PAUSED,68,0,2
6905,31,48.6751,F,3,0,N/A,STIPostImmigrating,0,176,16,0,1,INFORMAL,PAUSED,68,0,3
6910,13,27.2994,F,3,4,local,STIPreEmigrating,0,165,45,0,1,INFORMAL,PAUSED,65,0,3
6910,13,27.2994,F,4,0,N/A,STIPostImmigrating,0,165,45,0,1,INFORMAL,NORMAL,65,4,4
6913,70,18.189,F,2,1,local,STIPreEmigrating,0,175,22,0,1,INFORMAL,PAUSED,76,2,2
6913,19,19.6645,M,2,1,local,STIPreEmigrating,0,172,34,0,1,INFORMAL,PAUSED,72,2,2
6913,19,19.6645,M,1,0,N/A,STIPostImmigrating,0,172,34,0,1,INFORMAL,PAUSED,72,1,2
6913,70,18.189,F,1,0,N/A,STIPostImmigrating,0,175,22,0,1,INFORMAL,PAUSED,76,2,1
6914,69,34.1663,M,4,1,local,STIPreEmigrating,0,173,62,0,1,INFORMAL,PAUSED,85,4,4
6914,69,34.1663,M,1,0,N/A,STIPostImmigrating,0,173,62,0,1,INFORMAL,PAUSED,85,1,4
6915,9,21.2259,F,4,2,local,STIPreEmigrating,0,166,33,0,1,INFORMAL,PAUSED,14,0,4
6915,9,21.2259,F,2,0,N/A,STIPostImmigrating,0,166,33,0,1,INFORMAL,NORMAL,14,2,2
6921,31,48.7189,F,3,2,local,STIPreEmigrating,0,176,16,0,1,INFORMAL,PAUSED,68,0,3
6921,31,48.7189,F,2,0,N/A,STIPostImmigrating,0,176,16,0,1,INFORMAL,PAUSED,68,0,2
6922,49,48.356,M,1,4,local,STIPreEmigrating,0,179,9,0,1,INFORMAL,PAUSED,64,1,0
6922,49,48.356,M,4,0,N/A,STIPostImmigrating,0,179,9,0,1,INFORMAL,PAUSED,64,4,0
6924,70,18.2192,F,1,3,local,STIPreEmigrating,0,175,22,0,1,INFORMAL,PAUSED,76,0,1
6924,70,18.2192,F,3,0,N/A,STIPostImmigrating,0,175,22,0,1,INFORMAL,PAUSED,76,0,3
6927,39,49.1441,M,2,1,local,STIPreEmigrating,0,180,1,0,1,INFORMAL,PAUSED,58,2,0
6927,39,49.1441,M,1,0,N/A,STIPostImmigrating,0,180,1,0,1,INFORMAL,PAUSED,58,1,0
6928,13,27.3487,F,4,1,local,STIPreEmigrating,0,165,53,0,1,INFORMAL,PAUSED,65,4,4
6928,41,36.0907,M,2,4,local,STIPreEmigrating,0,174,35,0,1,INFORMAL,PAUSED,32,2,2
6928,3,27.3786,F,1,2,local,STIPreEmigrating,0,183,15,0,0,INFORMAL,PAUSED,62,1,1
6928,3,27.3786,F,2,0,N/A,STIPostImmigrating,0,183,15,0,1,INFORMAL,PAUSED,62,1,2
6928,41,36.0907,M,4,0,N/A,STIPostImmigrating,0,174,35,0,1,INFORMAL,PAUSED,32,4,2
6928,13,27.3487,F,1,0,N/A,STIPostImmigrating,0,165,53,0,1,INFORMAL,PAUSED,65,4,1
6930,3,27.3841,F,2,1,local,STIPreEmigrating,0,183,15,0,1,INFORMAL,PAUSED,62,0,2
6930,3,27.3841,F,1,0,N/A,STIPostImmigrating,0,183,15,0,0,INFORMAL,NORMAL,62,1,1
6934,22,83.6209,M,4,1,local,STIPreEmigrating,0,164,15,0,1,INFORMAL,PAUSED,35,4,0
6934,22,83.6209,M,1,0,N/A,STIPostImmigrating,0,164,15,0,1,INFORMAL,PAUSED,35,1,0
6937,42,35.6385,M,3,1,local,STIPreEmigrating,0,169,48,0,1,INFORMAL,PAUSED,45,3,0
6937,42,35.6385,M,1,0,N/A,STIPostImmigrating,0,169,48,0,1,INFORMAL,NORMAL,45,1,1
6944,65,22.4448,M,4,1,local,STIPreEmigrating,0,165,53,0,1,INFORMAL,PAUSED,13,4,0
6944,65,22.4448,M,1,0,N/A,STIPostImmigrating,0,165,53,0,1,INFORMAL,NORMAL,13,1,1
6946,59,37.9258,M,2,1,local,STIPreEmigrating,0,181,8,0,0,INFORMAL,PAUSED,60,2,0
6946,59,37.9258,M,1,0,N/A,STIPostImmigrating,0,181,8,0,1,INFORMAL,PAUSED,60,1,0
6947,22,83.6565,M,1,2,local,STIPreEmigrating,0,164,15,0,1,INFORMAL,PAUSED,35,1,0
6947,22,83.6565,M,2,0,N/A,STIPostImmigrating,0,164,15,0,1,INFORMAL,PAUSED,35,2,0
6949,41,36.1482,M,4,2,local,STIPreEmigrating,0,174,35,0,1,INFORMAL,PAUSED,32,4,0
6949,41,36.1482,M,2,0,N/A,STIPostImmigrating,0,174,35,0,1,INFORMAL,NORMAL,32,2,2
6950,89,14.9096,M,3,4,local,STIPreEmigrating,0,182,31,0,0,INFORMAL,PAUSED,81,3,3
6950,89,14.9096,M,4,0,N/A,STIPostImmigrating,0,182,31,0,1,INFORMAL,PAUSED,81,4,3
6955,75,17.6137,F,1,2,local,STIPreEmigrating,0,170,56,0,1,INFORMAL,PAUSED,73,0,1
6955,75,17.6137,F,2,0,N/A,STIPostImmigrating,0,170,56,0,1,INFORMAL,PAUSED,73,0,2
6956,29,49.5408,M,1,4,local,STIPreEmigrating,0,171,40,0,1,INFORMAL,PAUSED,27,1,0
6956,29,49.5408,M,4,0,N/A,STIPostImmigrating,0,171,40,0,1,INFORMAL,PAUSED,27,4,0
6961,7,27.0127,M,2,1,local,STIPreEmigrating,0,167,64,0,1,INFORMAL,PAUSED,77,2,0
6961,62,31.8393,M,1,2,local,STIPreEmigrating,0,183,26,0,0,INFORMAL,PAUSED,3,1,1
6961,62,31.8393,M,2,0,N/A,STIPostImmigrating,0,183,26,0,1,INFORMAL,PAUSED,3,2,1
6961,7,27.0127,M,1,0,N/A,STIPostImmigrating,0,167,64,0,1,INFORMAL,NORMAL,77,1,1
6962,11,21.7302,M,1,2,local,STIPreEmigrating,0,178,39,0,1,INFORMAL,PAUSED,25,1,0
6962,11,21.7302,M,2,0,N/A,STIPostImmigrating,0,178,39,0,1,INFORMAL,PAUSED,25,2,0
6963,49,48.4683,M,4,2,local,STIPreEmigrating,0,179,9,0,1,INFORMAL,PAUSED,64,4,0
6963,49,48.4683,M,2,0,N/A,STIPostImmigrating,0,179,9,0,0,INFORMAL,NORMAL,64,2,2
6964,73,19.0493,M,4,3,local,STIPreEmigrating,0,170,56,0,1,INFORMAL,PAUSED,75,4,0
6964,73,19.0493,M,3,0,N/A,STIPostImmigrating,0,170,56,0,1,INFORMAL,PAUSED,75,3,0
6968,85,17.2466,F,4,1,local,STIPreEmigrating,0,173,62,0,1,INFORMAL,PAUSED,69,0,4
6968,81,18.2137,F,3,4,local,STIPreEmigrating,0,182,31,0,0,INFORMAL,PAUSED,89,0,3
6968,81,18.2137,F,4,0,N/A,STIPostImmigrating,0,182,31,0,1,INFORMAL,NORMAL,89,4,4
6968,85,17.2466,F,1,0,N/A,STIPostImmigrating,0,173,62,0,1,INFORMAL,NORMAL,69,1,1
6978,25,24.2058,F,4,2,local,STIPreEmigrating,0,178,39,0,1,INFORMAL,PAUSED,11,0,4
6978,77,19.0247,F,1,4,local,STIPreEmigrating,0,167,67,0,1,INFORMAL,PAUSED,7,1,1
6978,77,19.0247,F,4,0,N/A,STIPostImmigrating,0,167,67,0,1,INFORMAL,PAUSED,7,1,4
6978,25,24.2058,F,2,0,N/A,STIPostImmigrating,0,178,39,0,1,INFORMAL,NORMAL,11,2,2
6983,58,46.8655,F,4,1,local,STIPreEmigrating,0,180,1,0,1,INFORMAL,PAUSED,39,0,4
6983,58,46.8655,F,1,0,N/A,STIPostImmigrating,0,180,1,0,1,INFORMAL,NORMAL,39,1,1
6988,64,34.0112,F,2,3,local,STIPreEmigrating,0,179,15,0,0,INFORMAL,PAUSED,49,2,2
6988,64,34.0112,F,3,0,N/A,STIPostImmigrating,0,179,15,0,1,INFORMAL,PAUSED,49,2,3
6989,65,22.568,M,4,1,local,STIPreEmigrating,0,185,14,0,0,INFORMAL,PAUSED,12,4,4
6989,65,22.568,M,1,0,N/A,STIPostImmigrating,0,185,14,0,1,INFORMAL,PAUSED,12,1,4
6991,35,78.867,F,3,2,local,STIPreEmigrating,0,164,15,0,1,INFORMAL,PAUSED,22,0,3
6991,35,78.867,F,2,0,N/A,STIPostImmigrating,0,164,15,0,1,INFORMAL,NORMAL,22,2,2
6993,81,18.2822,F,4,2,local,STIPreEmigrating,0,182,42,0,1,INFORMAL,PAUSED,89,4,4
6993,81,18.2822,F,2,0,N/A,STIPostImmigrating,0,182,42,0,1,INFORMAL,PAUSED,89,4,2
6999,89,15.0438,M,4,2,local,STIPreEmigrating,0,182,42,0,1,INFORMAL,PAUSED,81,4,0
6999,89,15.0438,M,2,0,N/A,STIPostImmigrating,0,182,42,0,1,INFORMAL,NORMAL,81,2,2
7001,3,27.5786,F,1,2,local,STIPreEmigrating,0,183,26,0,0,INFORMAL,PAUSED,62,0,1
7001,3,27.5786,F,2,0,N/A,STIPostImmigrating,0,183,26,0,1,INFORMAL,NORMAL,62,2,2
7002,31,48.9409,F,2,4,local,STIPreEmigrating,0,176,16,0,1,INFORMAL,PAUSED,68,0,2
7002,31,48.9409,F,4,0,N/A,STIPostImmigrating,0,176,16,0,1,INFORMAL,PAUSED,68,0,4
7003,65,22.6064,M,1,4,local,STIPreEmigrating,0,185,14,0,1,INFORMAL,PAUSED,12,1,0
7003,65,22.6064,M,4,0,N/A,STIPostImmigrating,0,185,14,0,0,INFORMAL,NORMAL,12,4,4
7007,81,18.3205,F,2,4,local,STIPreEmigrating,0,182,43,0,1,INFORMAL,PAUSED,89,2,2
7007,81,18.3205,F,4,0,N/A,STIPostImmigrating,0,182,43,0,1,INFORMAL,PAUSED,89,2,4
7010,10,44.2621,M,1,4,local,STIPreEmigrating,0,186,9,0,0,INFORMAL,PAUSED,13,1,1
7010,10,44.2621,M,4,0,N/A,STIPostImmigrating,0,186,9,0,1,INFORMAL,PAUSED,13,4,1
7012,7,27.1524,M,1,2,local,STIPreEmigrating,0,167,67,0,1,INFORMAL,PAUSED,77,1,0
7012,7,27.1524,M,2,0,N/A,STIPostImmigrating,0,167,67,0,1,INFORMAL,PAUSED,77,2,0
7014,42,35.8495,M,1,4,local,STIPreEmigrating,0,169,69,0,1,INFORMAL,PAUSED,45,1,1
7014,42,35.8495,M,4,0,N/A,STIPostImmigrating,0,169,69,0,1,INFORMAL,PAUSED,45,4,1
7015,3,27.6169,F,2,1,local,STIPreEmigrating,0,183,30,0,1,INFORMAL,PAUSED,62,2,2
7015,3,27.6169,F,1,0,N/A,STIPostImmigrating,0,183,30,0,1,INFORMAL,PAUSED,62,2,1
7016,14,24.0606,M,2,1,local,STIPreEmigrating,0,166,55,0,1,INFORMAL,PAUSED,9,2,2
7016,62,31.99,M,2,1,local,STIPreEmigrating,0,183,30,0,1,INFORMAL,PAUSED,3,2,0
7016,11,21.8782,M,2,1,local,STIPreEmigrating,0,178,45,0,1,INFORMAL,PAUSED,25,2,2
7016,11,21.8782,M,1,0,N/A,STIPostImmigrating,0,178,45,0,1,INFORMAL,PAUSED,25,1,2
7016,62,31.99,M,1,0,N/A,STIPostImmigrating,0,183,30,0,1,INFORMAL,NORMAL,3,1,1
7016,14,24.0606,M,1,0,N/A,STIPostImmigrating,0,166,55,0,1,INFORMAL,PAUSED,9,1,2
7018,80,16.5726,M,4,3,local,STIPreEmigrating,0,177,26,0,1,INFORMAL,PAUSED,83,4,0
7018,80,16.5726,M,3,0,N/A,STIPostImmigrating,0,177,26,0,1,INFORMAL,PAUSED,83,3,0
7019,81,18.3534,F,4,3,local,STIPreEmigrating,0,182,43,0,1,INFORMAL,PAUSED,89,0,4
7019,81,18.3534,F,3,0,N/A,STIPostImmigrating,0,182,43,0,1,INFORMAL,PAUSED,89,0,3
7022,32,32.1643,F,2,3,local,STIPreEmigrating,0,174,62,0,1,INFORMAL,PAUSED,41,2,2
7022,32,32.1643,F,3,0,N/A,STIPostImmigrating,0,174,62,0,1,INFORMAL,PAUSED,41,2,3
7024,62,32.0119,M,1,3,local,STIPreEmigrating,0,183,32,0,1,INFORMAL,PAUSED,3,1,1
7024,62,32.0119,M,3,0,N/A,STIPostImmigrating,0,183,32,0,1,INFORMAL,PAUSED,3,3,1
7025,31,49.0039,F,4,2,local,STIPreEmigrating,0,176,16,0,1,INFORMAL,PAUSED,68,0,4
7025,31,49.0039,F,2,0,N/A,STIPostImmigrating,0,176,16,0,1,INFORMAL,PAUSED,68,0,2
7029,55,43.6126,M,3,2,local,STIPreEmigrating,0,187,12,0,0,INFORMAL,PAUSED,51,3,3
7029,13,27.6255,F,1,4,local,STIPreEmigrating,0,186,9,0,0,INFORMAL,PAUSED,10,0,1
7029,13,27.6255,F,4,0,N/A,STIPostImmigrating,0,186,9,0,1,INFORMAL,NORMAL,10,4,4
7029,55,43.6126,M,2,0,N/A,STIPostImmigrating,0,187,12,0,1,INFORMAL,PAUSED,51,2,3
7030,13,27.6282,F,4,2,local,STIPreEmigrating,0,186,9,0,1,INFORMAL,PAUSED,10,4,4
7030,13,27.6282,F,2,0,N/A,STIPostImmigrating,0,186,9,0,1,INFORMAL,PAUSED,10,4,2
7032,89,15.1342,M,2,4,local,STIPreEmigrating,0,182,43,0,1,INFORMAL,PAUSED,81,2,0
7032,89,15.1342,M,4,0,N/A,STIPostImmigrating,0,182,43,0,1,INFORMAL,PAUSED,81,4,0
7033,7,27.21,M,2,3,local,STIPreEmigrating,0,167,67,0,1,INFORMAL,PAUSED,77,2,0
7033,7,27.21,M,3,0,N/A,STIPostImmigrating,0,167,67,0,1,INFORMAL,PAUSED,77,3,0
7034,60,33.2298,F,3,1,local,STIPreEmigrating,0,181,8,0,1,INFORMAL,PAUSED,59,0,3
7034,60,33.2298,F,1,0,N/A,STIPostImmigrating,0,181,8,0,1,INFORMAL,NORMAL,59,1,1
7038,60,33.2408,F,1,3,local,STIPreEmigrating,0,181,9,0,1,INFORMAL,PAUSED,59,1,1
7038,60,33.2408,F,3,0,N/A,STIPostImmigrating,0,181,9,0,1,INFORMAL,PAUSED,59,1,3
7039,29,49.7682,M,4,3,local,STIPreEmigrating,0,171,40,0,1,INFORMAL,PAUSED,27,4,0
7039,65,22.705,M,4,3,local,STIPreEmigrating,0,185,23,0,0,INFORMAL,PAUSED,12,4,4
7039,65,22.705,M,3,0,N/A,STIPostImmigrating,0,185,23,0,1,INFORMAL,PAUSED,12,3,4
7039,29,49.7682,M,3,0,N/A,STIPostImmigrating,0,171,40,0,1,INFORMAL,NORMAL,27,3,3
7040,83,17.4,F,1,2,local,STIPreEmigrating,0,177,26,0,1,INFORMAL,PAUSED,80,0,1
7040,83,17.4,F,2,0,N/A,STIPostImmigrating,0,177,26,0,1,INFORMAL,PAUSED,80,0,2
7042,9,21.5738,F,2,4,local,STIPreEmigrating,0,166,55,0,1,INFORMAL,PAUSED,14,0,2
7042,9,21.5738,F,4,0,N/A,STIPostImmigrating,0,166,55,0,1,INFORMAL,PAUSED,14,0,4
7043,27,48.4627,F,3,2,local,STIPreEmigrating,0,171,41,0,1,INFORMAL,PAUSED,29,3,3
7043,2,19.6449,F,2,1,local,STIPreEmigrating,0,184,49,0,0,INFORMAL,PAUSED,79,2,2
7043,2,19.6449,F,1,0,N/A,STIPostImmigrating,0,184,49,0,1,INFORMAL,PAUSED,79,2,1
7043,27,48.4627,F,2,0,N/A,STIPostImmigrating,0,171,41,0,1,INFORMAL,PAUSED,29,3,2
7044,9,21.5793,F,4,3,local,STIPreEmigrating,0,166,55,0,1,INFORMAL,PAUSED,14,0,4
7044,31,49.0559,F,2,3,local,STIPreEmigrating,0,176,16,0,1,INFORMAL,PAUSED,68,0,2
7044,31,49.0559,F,3,0,N/A,STIPostImmigrating,0,176,16,0,1,INFORMAL,PAUSED,68,0,3
7044,9,21.5793,F,3,0,N/A,STIPostImmigrating,0,166,55,0,1,INFORMAL,PAUSED,14,0,3
7045,2,19.6503,F,1,3,local,STIPreEmigrating,0,184,49,0,1,INFORMAL,PAUSED,79,0,1
7045,2,19.6503,F,3,0,N/A,STIPostImmigrating,0,184,49,0,1,INFORMAL,PAUSED,79,0,3
7046,22,83.9277,M,2,1,local,STIPreEmigrating,0,164,43,0,1,INFORMAL,PAUSED,35,2,2
7046,79,17.7178,M,2,3,local,STIPreEmigrating,0,184,49,0,0,INFORMAL,PAUSED,2,2,0
7046,13,27.672,F,2,4,local,STIPreEmigrating,0,186,9,0,1,INFORMAL,PAUSED,10,0,2
7046,13,27.672,F,4,0,N/A,STIPostImmigrating,0,186,9,0,1,INFORMAL,NORMAL,10,4,4
7046,79,17.7178,M,3,0,N/A,STIPostImmigrating,0,184,49,0,1,INFORMAL,NORMAL,2,3,3
7046,22,83.9277,M,1,0,N/A,STIPostImmigrating,0,164,43,0,1,INFORMAL,PAUSED,35,1,2
7047,79,17.7205,M,3,2,local,STIPreEmigrating,0,184,49,0,1,INFORMAL,PAUSED,2,3,3
7047,85,17.463,F,1,4,local,STIPreEmigrating,0,173,86,0,1,INFORMAL,PAUSED,69,1,1
7047,85,17.463,F,4,0,N/A,STIPostImmigrating,0,173,86,0,1,INFORMAL,PAUSED,69,1,4
7047,79,17.7205,M,2,0,N/A,STIPostImmigrating,0,184,49,0,1,INFORMAL,PAUSED,2,2,3
7049,14,24.151,M,1,3,local,STIPreEmigrating,0,166,55,0,1,INFORMAL,PAUSED,9,1,0
7049,14,24.151,M,3,0,N/A,STIPostImmigrating,0,166,55,0,1,INFORMAL,NORMAL,9,3,3
7051,65,22.7379,M,3,4,local,STIPreEmigrating,0,185,23,0,1,INFORMAL,PAUSED,12,3,0
7051,65,22.7379,M,4,0,N/A,STIPostImmigrating,0,185,23,0,0,INFORMAL,NORMAL,12,4,4
7055,55,43.6839,M,2,4,local,STIPreEmigrating,0,187,12,0,1,INFORMAL,PAUSED,51,2,0
7055,55,43.6839,M,4,0,N/A,STIPostImmigrating,0,187,12,0,1,INFORMAL,PAUSED,51,4,0
7056,89,15.2,M,4,2,local,STIPreEmigrating,0,182,43,0,1,INFORMAL,PAUSED,81,4,0
7056,7,27.273,M,3,2,local,STIPreEmigrating,0,167,67,0,1,INFORMAL,PAUSED,77,3,0
7056,75,17.8904,F,2,3,local,STIPreEmigrating,0,170,56,0,1,INFORMAL,PAUSED,73,0,2
7056,19,20.0563,M,2,4,local,STIPreEmigrating,0,188,3,0,0,INFORMAL,PAUSED,72,2,2
7056,19,20.0563,M,4,0,N/A,STIPostImmigrating,0,188,3,0,1,INFORMAL,PAUSED,72,4,2
7056,75,17.8904,F,3,0,N/A,STIPostImmigrating,0,170,56,0,1,INFORMAL,NORMAL,73,3,3
7056,7,27.273,M,2,0,N/A,STIPostImmigrating,0,167,67,0,1,INFORMAL,PAUSED,77,2,0
7056,89,15.2,M,2,0,N/A,STIPostImmigrating,0,182,43,0,1,INFORMAL,PAUSED,81,2,0
7058,55,43.6921,M,4,2,local,STIPreEmigrating,0,187,12,0,1,INFORMAL,PAUSED,51,4,0
7058,9,21.6176,F,3,4,local,STIPreEmigrating,0,166,55,0,1,INFORMAL,PAUSED,14,3,3
7058,9,21.6176,F,4,0,N/A,STIPostImmigrating,0,166,55,0,1,INFORMAL,PAUSED,14,3,4
7058,55,43.6921,M,2,0,N/A,STIPostImmigrating,0,187,12,0,1,INFORMAL,PAUSED,51,2,0
7061,75,17.9041,F,3,2,local,STIPreEmigrating,0,170,58,0,1,INFORMAL,PAUSED,73,3,3
7061,62,32.1133,M,3,1,local,STIPreEmigrating,0,183,32,0,1,INFORMAL,PAUSED,3,3,0
7061,62,32.1133,M,1,0,N/A,STIPostImmigrating,0,183,32,0,1,INFORMAL,NORMAL,3,1,1
7061,75,17.9041,F,2,0,N/A,STIPostImmigrating,0,170,58,0,1,INFORMAL,PAUSED,73,3,2
7067,41,36.4715,M,2,4,local,STIPreEmigrating,0,174,62,0,1,INFORMAL,PAUSED,32,2,0
7067,41,36.4715,M,4,0,N/A,STIPostImmigrating,0,174,62,0,1,INFORMAL,PAUSED,32,4,0
7069,83,17.4795,F,2,4,local,STIPreEmigrating,0,177,26,0,1,INFORMAL,PAUSED,80,0,2
7069,83,17.4795,F,4,0,N/A,STIPostImmigrating,0,177,26,0,1,INFORMAL,PAUSED,80,0,4
7070,79,17.7836,M,2,1,local,STIPreEmigrating,0,184,49,0,1,INFORMAL,PAUSED,2,2,0
7070,45,23.1692,F,1,4,local,STIPreEmigrating,0,169,69,0,1,INFORMAL,PAUSED,42,0,1
7070,45,23.1692,F,4,0,N/A,STIPostImmigrating,0,169,69,0,1,INFORMAL,NORMAL,42,4,4
7070,79,17.7836,M,1,0,N/A,STIPostImmigrating,0,184,49,0,1,INFORMAL,PAUSED,2,1,0
7071,62,32.1407,M,1,3,local,STIPreEmigrating,0,183,34,0,1,INFORMAL,PAUSED,3,1,1
7071,62,32.1407,M,3,0,N/A,STIPostImmigrating,0,183,34,0,1,INFORMAL,PAUSED,3,3,1
7073,60,33.3367,F,3,4,local,STIPreEmigrating,0,181,9,0,1,INFORMAL,PAUSED,59,0,3
7073,60,33.3367,F,4,0,N/A,STIPostImmigrating,0,181,9,0,1,INFORMAL,PAUSED,59,0,4
7076,35,79.0999,F,2,3,local,STIPreEmigrating,0,164,43,0,1,INFORMAL,PAUSED,22,0,2
7076,79,17.8,M,1,2,local,STIPreEmigrating,0,184,49,0,1,INFORMAL,PAUSED,2,1,0
7076,79,17.8,M,2,0,N/A,STIPostImmigrating,0,184,49,0,1,INFORMAL,PAUSED,2,2,0
7076,35,79.0999,F,3,0,N/A,STIPostImmigrating,0,164,43,0,1,INFORMAL,PAUSED,22,0,3
7078,75,17.9507,F,2,4,local,STIPreEmigrating,0,170,58,0,1,INFORMAL,PAUSED,73,0,2
7078,75,17.9507,F,4,0,N/A,STIPostImmigrating,0,170,58,0,1,INFORMAL,PAUSED,73,0,4
7079,80,16.7397,M,3,4,local,STIPreEmigrating,0,177,26,0,1,INFORMAL,PAUSED,83,3,0
7079,80,16.7397,M,4,0,N/A,STIPostImmigrating,0,177,26,0,1,INFORMAL,NORMAL,83,4,4
7080,81,18.5205,F,3,4,local,STIPreEmigrating,0,182,43,0,1,INFORMAL,PAUSED,89,0,3
7080,7,27.3387,M,2,1,local,STIPreEmigrating,0,167,67,0,1,INFORMAL,PAUSED,77,2,0
7080,7,27.3387,M,1,0,N/A,STIPostImmigrating,0,167,67,0,1,INFORMAL,PAUSED,77,1,0
7080,81,18.5205,F,4,0,N/A,STIPostImmigrating,0,182,43,0,1,INFORMAL,PAUSED,89,0,4
7086,42,36.0467,M,4,1,local,STIPreEmigrating,0,169,73,0,1,INFORMAL,PAUSED,45,4,4
7086,45,23.2131,F,4,3,local,STIPreEmigrating,0,169,73,0,1,INFORMAL,PAUSED,42,0,4
7086,45,23.2131,F,3,0,N/A,STIPostImmigrating,0,169,73,0,1,INFORMAL,PAUSED,42,0,3
7086,42,36.0467,M,1,0,N/A,STIPostImmigrating,0,169,73,0,1,INFORMAL,PAUSED,45,1,3
7087,2,19.7654,F,3,1,local,STIPreEmigrating,0,184,49,0,1,INFORMAL,PAUSED,79,0,3
7087,2,19.7654,F,1,0,N/A,STIPostImmigrating,0,184,49,0,1,INFORMAL,PAUSED,79,0,1
7089,58,47.1559,F,1,2,local,STIPreEmigrating,0,180,36,0,1,INFORMAL,PAUSED,39,1,1
7089,58,47.1559,F,2,0,N/A,STIPostImmigrating,0,180,36,0,1,INFORMAL,PAUSED,39,1,2
7091,2,19.7764,F,1,3,local,STIPreEmigrating,0,184,49,0,1,INFORMAL,PAUSED,79,0,1
7091,2,19.7764,F,3,0,N/A,STIPostImmigrating,0,184,49,0,1,INFORMAL,PAUSED,79,0,3
7093,41,36.5428,M,4,1,local,STIPreEmigrating,0,174,62,0,1,INFORMAL,PAUSED,32,4,0
7093,41,36.5428,M,1,0,N/A,STIPostImmigrating,0,174,62,0,1,INFORMAL,PAUSED,32,1,0
7094,68,52.5474,M,1,3,local,STIPreEmigrating,0,176,16,0,1,INFORMAL,PAUSED,31,1,0
7094,68,52.5474,M,3,0,N/A,STIPostImmigrating,0,176,16,0,1,INFORMAL,NORMAL,31,3,3
7097,51,33.8177,F,3,2,local,STIPreEmigrating,0,187,12,0,0,INFORMAL,PAUSED,55,0,3
7097,51,33.8177,F,2,0,N/A,STIPostImmigrating,0,187,12,0,1,INFORMAL,NORMAL,55,2,2
7100,2,19.801,F,3,1,local,STIPreEmigrating,0,184,49,0,1,INFORMAL,PAUSED,79,0,3
7100,2,19.801,F,1,0,N/A,STIPostImmigrating,0,184,49,0,1,INFORMAL,PAUSED,79,0,1
7105,58,47.1997,F,2,1,local,STIPreEmigrating,0,180,36,0,1,INFORMAL,PAUSED,39,0,2
7105,42,36.0988,M,1,4,local,STIPreEmigrating,0,169,73,0,1,INFORMAL,PAUSED,45,1,0
7105,42,36.0988,M,4,0,N/A,STIPostImmigrating,0,169,73,0,1,INFORMAL,PAUSED,45,4,0
7105,58,47.1997,F,1,0,N/A,STIPostImmigrating,0,180,36,0,1,INFORMAL,NORMAL,39,1,1
7108,65,22.8941,M,4,2,local,STIPreEmigrating,0,185,40,0,0,INFORMAL,PAUSED,12,4,4
7108,65,22.8941,M,2,0,N/A,STIPostImmigrating,0,185,40,0,1,INFORMAL,PAUSED,12,2,4
7110,83,17.5918,F,4,2,local,STIPreEmigrating,0,177,31,0,1,INFORMAL,PAUSED,80,4,4
7110,83,17.5918,F,2,0,N/A,STIPostImmigrating,0,177,31,0,1,INFORMAL,PAUSED,80,4,2
7111,58,47.2161,F,1,4,local,STIPreEmigrating,0,180,38,0,1,INFORMAL,PAUSED,39,1,1
7111,58,47.2161,F,4,0,N/A,STIPostImmigrating,0,180,38,0,1,INFORMAL,PAUSED,39,1,4
7112,39,49.6509,M,1,2,local,STIPreEmigrating,0,180,38,0,1,INFORMAL,PAUSED,58,1,0
7112,39,49.6509,M,2,0,N/A,STIPostImmigrating,0,180,38,0,1,INFORMAL,PAUSED,58,2,0
7116,75,18.0548,F,4,2,local,STIPreEmigrating,0,170,58,0,1,INFORMAL,PAUSED,73,0,4
7116,75,18.0548,F,2,0,N/A,STIPostImmigrating,0,170,58,0,1,INFORMAL,PAUSED,73,0,2
7117,64,34.3647,F,3,2,local,STIPreEmigrating,0,179,15,0,1,INFORMAL,PAUSED,49,0,3
7117,64,34.3647,F,2,0,N/A,STIPostImmigrating,0,179,15,0,0,INFORMAL,NORMAL,49,2,2
7121,72,18.5315,F,2,3,local,STIPreEmigrating,0,188,3,0,0,INFORMAL,PAUSED,19,0,2
7121,72,18.5315,F,3,0,N/A,STIPostImmigrating,0,188,3,0,1,INFORMAL,PAUSED,19,0,3
7124,64,34.3838,F,2,3,local,STIPreEmigrating,0,179,16,0,0,INFORMAL,PAUSED,49,2,2
7124,64,34.3838,F,3,0,N/A,STIPostImmigrating,0,179,16,0,1,INFORMAL,PAUSED,49,2,3
7127,55,43.8811,M,2,4,local,STIPreEmigrating,0,187,28,0,1,INFORMAL,PAUSED,51,2,2
7127,55,43.8811,M,4,0,N/A,STIPostImmigrating,0,187,28,0,1,INFORMAL,PAUSED,51,4,2
7128,85,17.6849,F,4,2,local,STIPreEmigrating,0,173,86,0,1,INFORMAL,PAUSED,69,0,4
7128,85,17.6849,F,2,0,N/A,STIPostImmigrating,0,173,86,0,1,INFORMAL,PAUSED,69,0,2
7129,9,21.8122,F,4,2,local,STIPreEmigrating,0,166,55,0,1,INFORMAL,PAUSED,14,0,4
7129,35,79.2451,F,3,2,local,STIPreEmigrating,0,164,43,0,1,INFORMAL,PAUSED,22,0,3
7129,76,16.8849,M,2,3,local,STIPreEmigrating,0,175,22,0,1,INFORMAL,PAUSED,70,2,0
7129,76,16.8849,M,3,0,N/A,STIPostImmigrating,0,175,22,0,1,INFORMAL,NORMAL,70,3,3
7129,35,79.2451,F,2,0,N/A,STIPostImmigrating,0,164,43,0,1,INFORMAL,PAUSED,22,0,2
7129,9,21.8122,F,2,0,N/A,STIPostImmigrating,0,166,55,0,1,INFORMAL,PAUSED,14,0,2
7130,64,34.4003,F,3,4,local,STIPreEmigrating,0,179,16,0,1,INFORMAL,PAUSED,49,0,3
7130,64,34.4003,F,4,0,N/A,STIPostImmigrating,0,179,16,0,1,INFORMAL,PAUSED,49,0,4
7134,76,16.8986,M,3,1,local,STIPreEmigrating,0,175,22,0,1,INFORMAL,PAUSED,70,3,3
7134,89,15.4137,M,2,4,local,STIPreEmigrating,0,182,43,0,1,INFORMAL,PAUSED,81,2,0
7134,89,15.4137,M,4,0,N/A,STIPostImmigrating,0,182,43,0,1,INFORMAL,NORMAL,81,4,4
7134,76,16.8986,M,1,0,N/A,STIPostImmigrating,0,175,22,0,1,INFORMAL,PAUSED,70,1,3
7135,72,18.5699,F,3,4,local,STIPreEmigrating,0,188,3,0,1,INFORMAL,PAUSED,19,0,3
7135,72,18.5699,F,4,0,N/A,STIPostImmigrating,0,188,3,0,1,INFORMAL,NORMAL,19,4,4
7144,89,15.4411,M,4,1,local,STIPreEmigrating,0,182,47,0,1,INFORMAL,PAUSED,81,4,4
7144,89,15.4411,M,1,0,N/A,STIPostImmigrating,0,182,47,0,1,INFORMAL,PAUSED,81,1,4
7145,69,34.7992,M,1,4,local,STIPreEmigrating,0,173,86,0,1,INFORMAL,PAUSED,85,1,0
7145,11,22.2316,M,1,2,local,STIPreEmigrating,0,178,45,0,1,INFORMAL,PAUSED,25,1,0
7145,11,22.2316,M,2,0,N/A,STIPostImmigrating,0,178,45,0,1,INFORMAL,NORMAL,25,2,2
7145,69,34.7992,M,4,0,N/A,STIPostImmigrating,0,173,86,0,1,INFORMAL,PAUSED,85,4,0
7147,32,32.5068,F,3,1,local,STIPreEmigrating,0,174,62,0,1,INFORMAL,PAUSED,41,0,3
7147,51,33.9547,F,2,3,local,STIPreEmigrating,0,187,28,0,1,INFORMAL,PAUSED,55,0,2
7147,51,33.9547,F,3,0,N/A,STIPostImmigrating,0,187,28,0,1,INFORMAL,PAUSED,55,0,3
7147,32,32.5068,F,1,0,N/A,STIPostImmigrating,0,174,62,0,1,INFORMAL,NORMAL,41,1,1
7148,64,34.4496,F,4,3,local,STIPreEmigrating,0,179,16,0,1,INFORMAL,PAUSED,49,0,4
7148,64,34.4496,F,3,0,N/A,STIPostImmigrating,0,179,16,0,1,INFORMAL,PAUSED,49,0,3
7151,81,18.7151,F,4,2,local,STIPreEmigrating,0,182,47,0,1,INFORMAL,PAUSED,89,0,4
7151,81,18.7151,F,2,0,N/A,STIPostImmigrating,0,182,47,0,1,INFORMAL,PAUSED,89,0,2
7152,77,19.5014,F,4,3,local,STIPreEmigrating,0,167,67,0,1,INFORMAL,PAUSED,7,0,4
7152,77,19.5014,F,3,0,N/A,STIPostImmigrating,0,167,67,0,1,INFORMAL,PAUSED,7,0,3
7157,75,18.1671,F,3,2,local,STIPreEmigrating,0,189,1,0,0,INFORMAL,PAUSED,73,3,3
7157,75,18.1671,F,2,0,N/A,STIPostImmigrating,0,189,1,0,1,INFORMAL,PAUSED,73,3,2
7159,11,22.2699,M,2,1,local,STIPreEmigrating,0,178,47,0,1,INFORMAL,PAUSED,25,2,2
7159,11,22.2699,M,1,0,N/A,STIPostImmigrating,0,178,47,0,1,INFORMAL,PAUSED,25,1,2
7161,25,24.7071,F,2,4,local,STIPreEmigrating,0,178,47,0,1,INFORMAL,PAUSED,11,0,2
7161,75,18.1781,F,2,1,local,STIPreEmigrating,0,189,1,0,1,INFORMAL,PAUSED,73,0,2
7161,75,18.1781,F,1,0,N/A,STIPostImmigrating,0,189,1,0,1,INFORMAL,PAUSED,73,0,1
7161,25,24.7071,F,4,0,N/A,STIPostImmigrating,0,178,47,0,1,INFORMAL,PAUSED,11,0,4
7163,49,49.0162,M,2,4,local,STIPreEmigrating,0,179,16,0,0,INFORMAL,PAUSED,64,2,0
7163,49,49.0162,M,4,0,N/A,STIPostImmigrating,0,179,16,0,1,INFORMAL,PAUSED,64,4,0
7165,60,33.5887,F,4,3,local,STIPreEmigrating,0,181,9,0,1,INFORMAL,PAUSED,59,0,4
7165,51,34.004,F,3,2,local,STIPreEmigrating,0,187,28,0,1,INFORMAL,PAUSED,55,0,3
7165,11,22.2864,M,1,2,local,STIPreEmigrating,0,178,47,0,1,INFORMAL,PAUSED,25,1,0
7165,11,22.2864,M,2,0,N/A,STIPostImmigrating,0,178,47,0,1,INFORMAL,PAUSED,25,2,0
7165,51,34.004,F,2,0,N/A,STIPostImmigrating,0,187,28,0,1,INFORMAL,PAUSED,55,0,2
7165,60,33.5887,F,3,0,N/A,STIPostImmigrating,0,181,9,0,1,INFORMAL,PAUSED,59,0,3
7166,12,22.4915,F,4,3,local,STIPreEmigrating,0,185,40,0,0,INFORMAL,PAUSED,65,0,4
7166,12,22.4915,F,3,0,N/A,STIPostImmigrating,0,185,40,0,1,INFORMAL,PAUSED,65,0,3
7168,83,17.7507,F,2,3,local,STIPreEmigrating,0,177,31,0,1,INFORMAL,PAUSED,80,0,2
7168,2,19.9873,F,1,4,local,STIPreEmigrating,0,184,49,0,1,INFORMAL,PAUSED,79,0,1
7168,2,19.9873,F,4,0,N/A,STIPostImmigrating,0,184,49,0,1,INFORMAL,PAUSED,79,0,4
7168,83,17.7507,F,3,0,N/A,STIPostImmigrating,0,177,31,0,1,INFORMAL,PAUSED,80,0,3
7176,69,34.8841,M,4,2,local,STIPreEmigrating,0,173,86,0,1,INFORMAL,PAUSED,85,4,0
7176,79,18.074,M,2,1,local,STIPreEmigrating,0,184,49,0,1,INFORMAL,PAUSED,2,2,0
7176,79,18.074,M,1,0,N/A,STIPostImmigrating,0,184,49,0,1,INFORMAL,PAUSED,2,1,0
7176,69,34.8841,M,2,0,N/A,STIPostImmigrating,0,173,86,0,1,INFORMAL,NORMAL,85,2,2
7178,10,44.7224,M,4,1,local,STIPreEmigrating,0,186,60,0,1,INFORMAL,PAUSED,13,4,4
7178,10,44.7224,M,1,0,N/A,STIPostImmigrating,0,186,60,0,1,INFORMAL,PAUSED,13,1,4
7184,72,18.7041,F,4,3,local,STIPreEmigrating,0,188,31,0,1,INFORMAL,PAUSED,19,4,4
7184,42,36.3152,M,4,1,local,STIPreEmigrating,0,169,73,0,1,INFORMAL,PAUSED,45,4,0
7184,49,49.0738,M,4,3,local,STIPreEmigrating,0,179,16,0,1,INFORMAL,PAUSED,64,4,0
7184,68,52.794,M,3,2,local,STIPreEmigrating,0,176,47,0,1,INFORMAL,PAUSED,31,3,3
7184,75,18.2411,F,1,2,local,STIPreEmigrating,0,189,1,0,1,INFORMAL,PAUSED,73,0,1
7184,75,18.2411,F,2,0,N/A,STIPostImmigrating,0,189,1,0,1,INFORMAL,PAUSED,73,0,2
7184,68,52.794,M,2,0,N/A,STIPostImmigrating,0,176,47,0,1,INFORMAL,PAUSED,31,2,3
7184,49,49.0738,M,3,0,N/A,STIPostImmigrating,0,179,16,0,1,INFORMAL,NORMAL,64,3,3
7184,42,36.3152,M,1,0,N/A,STIPostImmigrating,0,169,73,0,1,INFORMAL,PAUSED,45,1,0
7184,72,18.7041,F,3,0,N/A,STIPostImmigrating,0,188,31,0,1,INFORMAL,PAUSED,19,4,3
7188,25,24.7811,F,4,2,local,STIPreEmigrating,0,178,47,0,1,INFORMAL,PAUSED,11,0,4
7188,27,48.86,F,2,3,local,STIPreEmigrating,0,171,41,0,1,INFORMAL,PAUSED,29,0,2
7188,27,48.86,F,3,0,N/A,STIPostImmigrating,0,171,41,0,1,INFORMAL,NORMAL,29,3,3
7188,25,24.7811,F,2,0,N/A,STIPostImmigrating,0,178,47,0,1,INFORMAL,NORMAL,11,2,2
7196,72,18.737,F,3,2,local,STIPreEmigrating,0,188,31,0,1,INFORMAL,PAUSED,19,0,3
7196,72,18.737,F,2,0,N/A,STIPostImmigrating,0,188,31,0,1,INFORMAL,PAUSED,19,0,2
7198,11,22.3768,M,2,4,local,STIPreEmigrating,0,178,52,0,1,INFORMAL,PAUSED,25,2,2
7198,11,22.3768,M,4,0,N/A,STIPostImmigrating,0,178,52,0,1,INFORMAL,PAUSED,25,4,2
7199,42,36.3563,M,1,2,local,STIPreEmigrating,0,169,73,0,1,INFORMAL,PAUSED,45,1,0
7199,42,36.3563,M,2,0,N/A,STIPostImmigrating,0,169,73,0,1,INFORMAL,PAUSED,45,2,0
7200,7,27.6675,M,1,2,local,STIPreEmigrating,0,167,67,0,1,INFORMAL,PAUSED,77,1,0
7200,7,27.6675,M,2,0,N/A,STIPostImmigrating,0,167,67,0,1,INFORMAL,PAUSED,77,2,0
7201,45,23.5281,F,3,4,local,STIPreEmigrating,0,169,73,0,1,INFORMAL,PAUSED,42,0,3
7201,45,23.5281,F,4,0,N/A,STIPostImmigrating,0,169,73,0,1,INFORMAL,PAUSED,42,0,4
7202,21,46.2017,F,2,4,local,STIPreEmigrating,0,190,1,0,0,INFORMAL,PAUSED,39,2,2
7202,21,46.2017,F,4,0,N/A,STIPostImmigrating,0,190,1,0,1,INFORMAL,PAUSED,39,2,4
7203,19,20.4591,M,4,2,local,STIPreEmigrating,0,188,31,0,1,INFORMAL,PAUSED,72,4,0
7203,19,20.4591,M,2,0,N/A,STIPostImmigrating,0,188,31,0,1,INFORMAL,NORMAL,72,2,2
7204,3,28.1347,F,1,2,local,STIPreEmigrating,0,183,34,0,1,INFORMAL,PAUSED,62,0,1
7204,3,28.1347,F,2,0,N/A,STIPostImmigrating,0,183,34,0,1,INFORMAL,PAUSED,62,0,2
7205,70,18.989,F,3,1,local,STIPreEmigrating,0,175,22,0,1,INFORMAL,PAUSED,76,0,3
7205,70,18.989,F,1,0,N/A,STIPostImmigrating,0,175,22,0,1,INFORMAL,NORMAL,76,1,1
7206,55,44.0976,M,4,2,local,STIPreEmigrating,0,187,28,0,1,INFORMAL,PAUSED,51,4,0
7206,55,44.0976,M,2,0,N/A,STIPostImmigrating,0,187,28,0,1,INFORMAL,NORMAL,51,2,2
7208,14,24.5866,M,3,1,local,STIPreEmigrating,0,166,55,0,1,INFORMAL,PAUSED,9,3,0
7208,9,22.0286,F,2,4,local,STIPreEmigrating,0,166,55,0,1,INFORMAL,PAUSED,14,0,2
7208,9,22.0286,F,4,0,N/A,STIPostImmigrating,0,166,55,0,1,INFORMAL,PAUSED,14,0,4
7208,14,24.5866,M,1,0,N/A,STIPostImmigrating,0,166,55,0,1,INFORMAL,PAUSED,9,1,0
7209,19,20.4755,M,2,3,local,STIPreEmigrating,0,188,34,0,1,INFORMAL,PAUSED,72,2,2
7209,19,20.4755,M,3,0,N/A,STIPostImmigrating,0,188,34,0,1,INFORMAL,PAUSED,72,3,2
7210,27,48.9202,F,3,2,local,STIPreEmigrating,0,171,46,0,1,INFORMAL,PAUSED,29,3,3
7210,27,48.9202,F,2,0,N/A,STIPostImmigrating,0,171,46,0,1,INFORMAL,PAUSED,29,3,2
7213,10,44.8183,M,1,2,local,STIPreEmigrating,0,186,60,0,1,INFORMAL,PAUSED,13,1,0
7213,10,44.8183,M,2,0,N/A,STIPostImmigrating,0,186,60,0,1,INFORMAL,PAUSED,13,2,0
7214,13,28.1323,F,4,2,local,STIPreEmigrating,0,186,60,0,1,INFORMAL,PAUSED,10,0,4
7214,13,28.1323,F,2,0,N/A,STIPostImmigrating,0,186,60,0,1,INFORMAL,NORMAL,10,2,2
7220,81,18.9041,F,2,4,local,STIPreEmigrating,0,182,47,0,1,INFORMAL,PAUSED,89,0,2
7220,75,18.3397,F,2,4,local,STIPreEmigrating,0,189,1,0,1,INFORMAL,PAUSED,73,0,2
7220,75,18.3397,F,4,0,N/A,STIPostImmigrating,0,189,1,0,1,INFORMAL,PAUSED,73,0,4
7220,81,18.9041,F,4,0,N/A,STIPostImmigrating,0,182,47,0,1,INFORMAL,PAUSED,89,0,4
7223,45,23.5884,F,4,3,local,STIPreEmigrating,0,169,73,0,1,INFORMAL,PAUSED,42,0,4
7223,3,28.1868,F,2,3,local,STIPreEmigrating,0,183,34,0,1,INFORMAL,PAUSED,62,0,2
7223,3,28.1868,F,3,0,N/A,STIPostImmigrating,0,183,34,0,1,INFORMAL,NORMAL,62,3,3
7223,45,23.5884,F,3,0,N/A,STIPostImmigrating,0,169,73,0,1,INFORMAL,PAUSED,42,0,3
7224,85,17.9479,F,2,4,local,STIPreEmigrating,0,173,96,0,1,INFORMAL,PAUSED,69,2,2
7224,85,17.9479,F,4,0,N/A,STIPostImmigrating,0,173,96,0,1,INFORMAL,PAUSED,69,2,4
7225,3,28.1923,F,3,2,local,STIPreEmigrating,0,183,35,0,1,INFORMAL,PAUSED,62,3,3
7225,55,44.1496,M,2,3,local,STIPreEmigrating,0,187,34,0,1,INFORMAL,PAUSED,51,2,2
7225,55,44.1496,M,3,0,N/A,STIPostImmigrating,0,187,34,0,1,INFORMAL,PAUSED,51,3,2
7225,3,28.1923,F,2,0,N/A,STIPostImmigrating,0,183,35,0,1,INFORMAL,PAUSED,62,3,2
7228,12,22.6613,F,3,1,local,STIPreEmigrating,0,185,40,0,1,INFORMAL,PAUSED,65,0,3
7228,12,22.6613,F,1,0,N/A,STIPostImmigrating,0,185,40,0,1,INFORMAL,PAUSED,65,0,1
7229,13,28.1734,F,2,4,local,STIPreEmigrating,0,186,65,0,1,INFORMAL,PAUSED,10,2,2
7229,13,28.1734,F,4,0,N/A,STIPostImmigrating,0,186,65,0,1,INFORMAL,PAUSED,10,2,4
7231,13,28.1789,F,4,3,local,STIPreEmigrating,0,186,65,0,1,INFORMAL,PAUSED,10,0,4
7231,64,34.677,F,3,2,local,STIPreEmigrating,0,179,36,0,1,INFORMAL,PAUSED,49,3,3
7231,64,34.677,F,2,0,N/A,STIPostImmigrating,0,179,36,0,1,INFORMAL,PAUSED,49,3,2
7231,13,28.1789,F,3,0,N/A,STIPostImmigrating,0,186,65,0,1,INFORMAL,PAUSED,10,0,3
7232,65,23.2338,M,2,4,local,STIPreEmigrating,0,185,40,0,1,INFORMAL,PAUSED,12,2,0
7232,3,28.2115,F,2,4,local,STIPreEmigrating,0,183,35,0,1,INFORMAL,PAUSED,62,0,2
7232,3,28.2115,F,4,0,N/A,STIPostImmigrating,0,183,35,0,1,INFORMAL,PAUSED,62,0,4
7232,65,23.2338,M,4,0,N/A,STIPostImmigrating,0,185,40,0,1,INFORMAL,PAUSED,12,4,0
7237,65,23.2475,M,4,3,local,STIPreEmigrating,0,185,40,0,1,INFORMAL,PAUSED,12,4,0
7237,65,23.2475,M,3,0,N/A,STIPostImmigrating,0,185,40,0,1,INFORMAL,PAUSED,12,3,0
7239,77,19.7397,F,3,4,local,STIPreEmigrating,0,167,67,0,1,INFORMAL,PAUSED,7,0,3
7239,77,19.7397,F,4,0,N/A,STIPostImmigrating,0,167,67,0,1,INFORMAL,PAUSED,7,0,4
7240,70,19.0849,F,1,4,local,STIPreEmigrating,0,175,36,0,1,INFORMAL,PAUSED,76,1,1
7240,70,19.0849,F,4,0,N/A,STIPostImmigrating,0,175,36,0,1,INFORMAL,PAUSED,76,1,4
7243,81,18.9671,F,4,1,local,STIPreEmigrating,0,182,47,0,1,INFORMAL,PAUSED,89,0,4
7243,81,18.9671,F,1,0,N/A,STIPostImmigrating,0,182,47,0,1,INFORMAL,NORMAL,89,1,1
7244,81,18.9699,F,1,4,local,STIPreEmigrating,0,182,47,0,1,INFORMAL,PAUSED,89,1,1
7244,81,18.9699,F,4,0,N/A,STIPostImmigrating,0,182,47,0,1,INFORMAL,PAUSED,89,1,4
7245,77,19.7562,F,4,1,local,STIPreEmigrating,0,167,67,0,1,INFORMAL,PAUSED,7,0,4
7245,77,19.7562,F,1,0,N/A,STIPostImmigrating,0,167,67,0,1,INFORMAL,PAUSED,7,0,1
7253,81,18.9945,F,4,1,local,STIPreEmigrating,0,182,47,0,1,INFORMAL,PAUSED,89,0,4
7253,27,49.0381,F,2,3,local,STIPreEmigrating,0,171,46,0,1,INFORMAL,PAUSED,29,0,2
7253,27,49.0381,F,3,0,N/A,STIPostImmigrating,0,171,46,0,1,INFORMAL,NORMAL,29,3,3
7253,81,18.9945,F,1,0,N/A,STIPostImmigrating,0,182,47,0,1,INFORMAL,NORMAL,89,1,1
7255,19,20.6015,M,3,2,local,STIPreEmigrating,0,188,34,0,1,INFORMAL,PAUSED,72,3,0
7255,7,27.8182,M,2,1,local,STIPreEmigrating,0,167,67,0,1,INFORMAL,PAUSED,77,2,0
7255,7,27.8182,M,1,0,N/A,STIPostImmigrating,0,167,67,0,1,INFORMAL,NORMAL,77,1,1
7255,19,20.6015,M,2,0,N/A,STIPostImmigrating,0,188,34,0,1,INFORMAL,NORMAL,72,2,2
7261,10,44.9498,M,2,1,local,STIPreEmigrating,0,186,65,0,1,INFORMAL,PAUSED,13,2,0
7261,10,44.9498,M,1,0,N/A,STIPostImmigrating,0,186,65,0,1,INFORMAL,PAUSED,13,1,0
7270,83,18.0301,F,3,2,local,STIPreEmigrating,0,177,31,0,1,INFORMAL,PAUSED,80,0,3
7270,10,44.9745,M,1,3,local,STIPreEmigrating,0,186,65,0,1,INFORMAL,PAUSED,13,1,0
7270,10,44.9745,M,3,0,N/A,STIPostImmigrating,0,186,65,0,1,INFORMAL,NORMAL,13,3,3
7270,83,18.0301,F,2,0,N/A,STIPostImmigrating,0,177,31,0,1,INFORMAL,PAUSED,80,0,2
7273,80,17.2712,M,4,3,local,STIPreEmigrating,0,177,31,0,1,INFORMAL,PAUSED,83,4,0
7273,80,17.2712,M,3,0,N/A,STIPostImmigrating,0,177,31,0,1,INFORMAL,PAUSED,83,3,0
7275,39,50.0975,M,2,4,local,STIPreEmigrating,0,190,1,0,0,INFORMAL,PAUSED,21,2,0
7275,78,16.3836,F,1,3,local,STIPreEmigrating,0,191,16,0,0,INFORMAL,PAUSED,14,1,1
7275,78,16.3836,F,3,0,N/A,STIPostImmigrating,0,191,16,0,1,INFORMAL,PAUSED,14,1,3
7275,39,50.0975,M,4,0,N/A,STIPostImmigrating,0,190,1,0,1,INFORMAL,NORMAL,21,4,4
7277,85,18.0932,F,4,3,local,STIPreEmigrating,0,173,96,0,1,INFORMAL,PAUSED,69,0,4
7277,85,18.0932,F,3,0,N/A,STIPostImmigrating,0,173,96,0,1,INFORMAL,PAUSED,69,0,3
7278,74,17.4493,M,4,1,local,STIPreEmigrating,0,192,7,0,0,INFORMAL,PAUSED,47,4,4
7278,83,18.0521,F,2,1,local,STIPreEmigrating,0,177,31,0,1,INFORMAL,PAUSED,80,0,2
7278,83,18.0521,F,1,0,N/A,STIPostImmigrating,0,177,31,0,1,INFORMAL,PAUSED,80,0,1
7278,74,17.4493,M,1,0,N/A,STIPostImmigrating,0,192,7,0,1,INFORMAL,PAUSED,47,1,4
7279,51,34.3163,F,2,3,local,STIPreEmigrating,0,187,34,0,1,INFORMAL,PAUSED,55,0,2
7279,51,34.3163,F,3,0,N/A,STIPostImmigrating,0,187,34,0,1,INFORMAL,NORMAL,55,3,3
7280,32,32.8712,F,1,3,local,STIPreEmigrating,0,174,96,0,1,INFORMAL,PAUSED,41,1,1
7280,32,32.8712,F,3,0,N/A,STIPostImmigrating,0,174,96,0,1,INFORMAL,PAUSED,41,1,3
7281,19,20.6728,M,2,3,local,STIPreEmigrating,0,188,48,0,1,INFORMAL,PAUSED,72,2,2
7281,19,20.6728,M,3,0,N/A,STIPostImmigrating,0,188,48,0,1,INFORMAL,PAUSED,72,3,2
7286,3,28.3594,F,4,2,local,STIPreEmigrating,0,183,35,0,1,INFORMAL,PAUSED,62,0,4
7286,13,28.3296,F,3,4,local,STIPreEmigrating,0,186,69,0,1,INFORMAL,PAUSED,10,3,3
7286,13,28.3296,F,4,0,N/A,STIPostImmigrating,0,186,69,0,1,INFORMAL,PAUSED,10,3,4
7286,3,28.3594,F,2,0,N/A,STIPostImmigrating,0,183,35,0,1,INFORMAL,PAUSED,62,0,2
7287,64,34.8304,F,2,3,local,STIPreEmigrating,0,179,36,0,1,INFORMAL,PAUSED,49,0,2
7287,64,34.8304,F,3,0,N/A,STIPostImmigrating,0,179,36,0,1,INFORMAL,NORMAL,49,3,3
7288,64,34.8332,F,3,1,local,STIPreEmigrating,0,179,37,0,1,INFORMAL,PAUSED,49,3,3
7288,64,34.8332,F,1,0,N/A,STIPostImmigrating,0,179,37,0,1,INFORMAL,PAUSED,49,3,1
7291,14,24.814,M,1,2,local,STIPreEmigrating,0,191,16,0,0,INFORMAL,PAUSED,78,1,0
7291,14,24.814,M,2,0,N/A,STIPostImmigrating,0,191,16,0,1,INFORMAL,PAUSED,78,2,0
7292,76,17.3315,M,1,3,local,STIPreEmigrating,0,175,36,0,1,INFORMAL,PAUSED,70,1,0
7292,76,17.3315,M,3,0,N/A,STIPostImmigrating,0,175,36,0,1,INFORMAL,PAUSED,70,3,0
7295,42,36.6194,M,2,1,local,STIPreEmigrating,0,169,73,0,1,INFORMAL,PAUSED,45,2,0
7295,42,36.6194,M,1,0,N/A,STIPostImmigrating,0,169,73,0,1,INFORMAL,PAUSED,45,1,0
7296,76,17.3425,M,3,1,local,STIPreEmigrating,0,175,36,0,1,INFORMAL,PAUSED,70,3,0
7296,76,17.3425,M,1,0,N/A,STIPostImmigrating,0,175,36,0,1,INFORMAL,PAUSED,70,1,0
